Hakusana	Sanaluokat	count
uusi	adjektiivi, substantiivi	901814
hyvä	adjektiivi, substantiivi	575607
toinen	numeraali, järjestysluku, pronomini, adjektiivi	563167
suuri	adjektiivi	534825
viime	adjektiivi	525995
oma	adjektiivi, substantiivi	488195
nuori	adjektiivi, substantiivi	339889
suomalainen	adjektiivi, substantiivi	329853
koko	adjektiivi	308783
pieni	adjektiivi, substantiivi	266309
vanha	adjektiivi, substantiivi	248689
ensi	adjektiivi	236329
iso	adjektiivi, substantiivi	232014
tärkeä	adjektiivi	222180
mahdollinen	adjektiivi	209549
loppu	substantiivi, adjektiivi	207961
eri	adjektiivi, adverbi	205131
pitkä	adjektiivi, substantiivi	196364
kova	adjektiivi, substantiivi	185400
viimeinen	adjektiivi, substantiivi	181146
entinen	adjektiivi	153343
vaikea	adjektiivi	150934
sellainen	adjektiivi	150495
seuraava	adjektiivi, substantiivi	137602
kansainvälinen	adjektiivi, substantiivi	124493
erilainen	adjektiivi	118793
korkea	adjektiivi, substantiivi	118640
nykyinen	adjektiivi	113616
valmis	adjektiivi, substantiivi	110051
tällainen	adjektiivi, substantiivi	101798
tuleva	adjektiivi, substantiivi	98499
huono	adjektiivi	94199
helppo	adjektiivi	92133
oikea	adjektiivi, substantiivi	86202
laaja	adjektiivi	84607
vahva	adjektiivi	82734
paras	adjektiivi	80948
merkittävä	adjektiivi	79309
edellinen	adjektiivi	78030
tuttu	adjektiivi, substantiivi	75380
paha	adjektiivi, substantiivi	74583
nopea	adjektiivi	74491
perussuomalainen	adjektiivi, substantiivi	72999
aiempi	adjektiivi	70141
suora	adjektiivi, substantiivi	69857
yhteinen	adjektiivi	68840
tuore	adjektiivi	67855
parempi	adjektiivi	67402
tosi	adjektiivi, adverbi, substantiivi	65038
julkinen	adjektiivi, substantiivi	65003
yleinen	adjektiivi	64989
sosiaalinen	adjektiivi	61502
paikallinen	adjektiivi, substantiivi	61058
hieno	adjektiivi	60883
vihreä	adjektiivi, substantiivi	60530
poliittinen	adjektiivi	60286
venäläinen	adjektiivi, substantiivi	60231
reilu	adjektiivi	60224
aikuinen	adjektiivi, substantiivi	59372
vieras	adjektiivi, substantiivi	59362
ainoa	adjektiivi	58706
perinteinen	adjektiivi, substantiivi	58680
selvä	adjektiivi	58346
vakava	adjektiivi	57758
tiukka	adjektiivi, substantiivi	55579
tavallinen	adjektiivi	54894
tarkka	adjektiivi	52357
poikkeuksellinen	adjektiivi	49990
avoin	adjektiivi	49920
erityinen	adjektiivi	49466
vapaa	adjektiivi, substantiivi	47961
pohjoinen	substantiivi, adjektiivi	47146
millainen	adjektiivi	47116
lyhyt	adjektiivi	46382
vastaava	adjektiivi, substantiivi	46228
normaali	adjektiivi, substantiivi	46173
heikko	adjektiivi	45838
tyytyväinen	adjektiivi	45119
punainen	adjektiivi, substantiivi	44926
törkeä	adjektiivi	44654
suosittu	adjektiivi	44140
runsas	adjektiivi	43416
tietty	adjektiivi	42986
tunnettu	adjektiivi	42375
yksityinen	adjektiivi, substantiivi	42318
kotimainen	adjektiivi	41600
valtava	adjektiivi	41226
raskas	adjektiivi	40998
yksittäinen	adjektiivi	40979
positiivinen	adjektiivi	40262
täysi	adjektiivi, substantiivi	39588
harvinainen	adjektiivi	38404
taloudellinen	adjektiivi	38338
valkoinen	adjektiivi, substantiivi	37994
varsinainen	adjektiivi	37346
keltainen	adjektiivi, substantiivi	37147
hankala	adjektiivi	37063
vaarallinen	adjektiivi	36613
ruotsalainen	adjektiivi, substantiivi	36387
lämmin	adjektiivi, substantiivi	36211
voimakas	adjektiivi	35917
aikainen	adjektiivi	35553
kylmä	adjektiivi, substantiivi	35472
musta	adjektiivi, substantiivi	35230
riittävä	adjektiivi	34659
tekninen	adjektiivi	34628
vähä	adjektiivi, substantiivi	34418
kallis	adjektiivi	34274
väärä	adjektiivi	33313
keskeinen	adjektiivi	32595
selkeä	adjektiivi	32517
varma	adjektiivi	32308
virallinen	adjektiivi	32164
työtön	adjektiivi, substantiivi	32005
tyhjä	adjektiivi, substantiivi	31794
melko	adverbi, adjektiivi	31498
kansallinen	adjektiivi	30865
vastainen	adjektiivi, substantiivi	30706
turvallinen	adjektiivi	30443
pelkkä	adjektiivi	30397
samanlainen	adjektiivi	30126
läheinen	adjektiivi	30022
johtava	adjektiivi	29953
todellinen	adjektiivi	29722
yllättävä	adjektiivi	29111
tehokas	adjektiivi	28993
historiallinen	adjektiivi	28611
vajaa	adjektiivi	27964
kuuma	adjektiivi, substantiivi	27839
turha	adjektiivi, substantiivi	27630
henkilökohtainen	adjektiivi	27613
kuollut	substantiivi, adjektiivi	27210
vapaaehtoinen	adjektiivi, substantiivi	26935
saksalainen	adjektiivi, substantiivi	26925
hurja	adjektiivi	26132
sopiva	adjektiivi	25654
vanhempi	adjektiivi, substantiivi	25595
harva	pronomini, adjektiivi	25201
kaltainen	adjektiivi	25059
mukava	adjektiivi, substantiivi	24894
matala	adjektiivi, substantiivi	24722
amerikkalainen	adjektiivi, substantiivi	24606
puhdas	adjektiivi, substantiivi	24526
mielenkiintoinen	adjektiivi	24500
ilmainen	adjektiivi	24452
erikoinen	adjektiivi	24429
pysyvä	adjektiivi	24065
lopullinen	adjektiivi	23771
mahdoton	adjektiivi, substantiivi	23559
eurooppalainen	adjektiivi, substantiivi	23482
rauhallinen	adjektiivi	23148
raju	adjektiivi	23120
arvokas	adjektiivi	23082
halpa	adjektiivi	23063
sanottu	adjektiivi	23043
ulkomaalainen	substantiivi, adjektiivi	23033
olympialainen	adjektiivi	23008
aktiivinen	adjektiivi	22944
ulkopuolinen	adjektiivi, substantiivi	22925
kyseinen	adjektiivi	22833
vilkas	adjektiivi	22778
yhdysvaltalainen	adjektiivi, substantiivi	22585
mukainen	adjektiivi	22499
upea	adjektiivi	22347
vähäinen	adjektiivi	22275
ranskalainen	adjektiivi, substantiivi	22182
hauska	adjektiivi, substantiivi	22142
valtakunnallinen	adjektiivi	22137
mittainen	adjektiivi	22131
lukuinen	adjektiivi	22123
alkuperäinen	adjektiivi	21984
kaunis	adjektiivi	21937
tasainen	adjektiivi	21864
vasen	adjektiivi	21758
kiva	adjektiivi	21748
ilmi	adverbi, adjektiivi	21712
ulkomainen	adjektiivi	21700
iloinen	adjektiivi	20948
todennäköinen	adjektiivi	20931
sisäinen	adjektiivi	20601
seksuaalinen	adjektiivi	20445
ylimääräinen	adjektiivi	20400
sininen	adjektiivi	20212
ikävä	adjektiivi, substantiivi	20144
haastava	adjektiivi	20110
kiinalainen	adjektiivi, substantiivi	20019
hiljainen	adjektiivi, substantiivi	19788
äärimmäinen	adjektiivi	19570
kestävä	adjektiivi	19539
tuntematon	adjektiivi, substantiivi	19512
valtuutettu	adjektiivi, substantiivi	19163
terve	adjektiivi, substantiivi	19096
enempi	adjektiivi, adverbi	19075
perin	adverbi*, adjektiivi	18948
ukrainalainen	adjektiivi, substantiivi	18686
kevyt	adjektiivi	18474
laiton	adjektiivi	18445
fyysinen	adjektiivi	18441
syvä	adjektiivi, substantiivi	18055
alueellinen	adjektiivi	17893
täydellinen	adjektiivi	17870
sähköinen	adjektiivi	17709
pitkäaikainen	adjektiivi	17553
ihme	substantiivi, adjektiivi	17517
hidas	adjektiivi	16992
ratkaiseva	adjektiivi	16962
elävä	adjektiivi, substantiivi	16943
kiinnostava	adjektiivi	16922
minkälainen	adjektiivi	16901
norjalainen	adjektiivi, substantiivi	16895
suoja	substantiivi*, adjektiivi	16891
pimeä	adjektiivi, substantiivi	16850
henkinen	adjektiivi	16734
jatkuva	adjektiivi	16591
monenlainen	adjektiivi	16479
orpo	substantiivi, adjektiivi	16254
uskomaton	adjektiivi	16015
yksinkertainen	adjektiivi	15967
jonkinlainen	adjektiivi	15876
takainen	adjektiivi	15843
myönteinen	adjektiivi	15803
monipuolinen	adjektiivi	15624
kokoinen	adjektiivi	15592
erillinen	adjektiivi	15501
kuiva	adjektiivi, substantiivi	15486
kaupunkilainen	substantiivi, adjektiivi	15447
outo	adjektiivi, substantiivi	15398
terävä	adjektiivi, substantiivi	15298
kokenut	adjektiivi	15261
saamelainen	substantiivi, adjektiivi	15202
erinomainen	adjektiivi	15078
väliaikainen	adjektiivi	15038
järkevä	adjektiivi	14868
mittava	adjektiivi	14800
kapinallinen	adjektiivi, substantiivi	14758
hallitseva	adjektiivi	14682
komea	adjektiivi	14656
herkkä	adjektiivi	14552
loistava	adjektiivi	14514
huikea	adjektiivi	14458
kriittinen	adjektiivi	14376
tiivis	adjektiivi	14355
onnellinen	adjektiivi	14329
tyypillinen	adjektiivi	14257
jälkeinen	adjektiivi, substantiivi	14182
lievä	adjektiivi	14152
epäselvä	adjektiivi	14072
pikku	adjektiivi, adverbi	13938
negatiivinen	adjektiivi	13915
uudenlainen	adjektiivi	13725
synkkä	adjektiivi	13717
ainutlaatuinen	adjektiivi	13710
mahtava	adjektiivi, substantiivi	13551
huomattava	adjektiivi	13514
alaikäinen	adjektiivi, substantiivi	13429
edullinen	adjektiivi	13353
eteläinen	adjektiivi, substantiivi	13282
aito	adjektiivi	13195
köyhä	adjektiivi, substantiivi	13125
alhainen	adjektiivi, substantiivi	13043
olennainen	adjektiivi, substantiivi	12994
harmaa	adjektiivi, substantiivi	12911
ihana	adjektiivi	12858
rankka	adjektiivi	12829
keskimääräinen	adjektiivi	12791
peräkkäinen	adjektiivi	12775
kohtuullinen	adjektiivi	12774
hirveä	adjektiivi, substantiivi	12730
myöhä	adjektiivi, substantiivi	12717
huima	adjektiivi	12657
tavanomainen	adjektiivi	12612
ehdoton	adjektiivi	12535
iäkäs	adjektiivi	12531
digitaalinen	adjektiivi	12525
arvoinen	adjektiivi	12514
kirkas	adjektiivi, substantiivi	12481
suhteellinen	adjektiivi	12266
itäinen	adjektiivi	12082
ehdollinen	adjektiivi	12061
mennyt	adjektiivi, substantiivi	12058
itsenäinen	adjektiivi	11996
näköinen	adjektiivi	11986
italialainen	adjektiivi, substantiivi	11980
yliopistollinen	adjektiivi	11855
salainen	adjektiivi	11832
toimiva	adjektiivi	11644
mainio	adjektiivi	11607
välttämätön	adjektiivi, substantiivi	11591
epävarma	adjektiivi	11586
pyhä	adjektiivi, substantiivi	11556
kaupallinen	adjektiivi	11471
maksuton	adjektiivi	11436
moderni	adjektiivi	11394
vanhin	substantiivi, adjektiivi	11346
laadukas	adjektiivi	11332
värikäs	adjektiivi	11038
näyttävä	adjektiivi	10849
ylpeä	adjektiivi	10783
läntinen	adjektiivi	10760
kaikenlainen	adjektiivi	10726
näkyvä	adjektiivi	10718
melkoinen	adjektiivi	10641
rikollinen	substantiivi, adjektiivi	10631
ikäinen	adjektiivi, substantiivi	10604
ankara	adjektiivi	10539
aurinkoinen	adjektiivi, substantiivi	10532
espanjalainen	adjektiivi, substantiivi	10500
konkreettinen	adjektiivi	10496
sairas	adjektiivi, substantiivi	10448
rohkea	adjektiivi	10447
kuuluisa	adjektiivi	10434
tumma	adjektiivi, substantiivi	10392
alustava	adjektiivi	10357
väkivaltainen	adjektiivi	10313
määräaikainen	adjektiivi	10139
ylivoimainen	adjektiivi	9963
kiireinen	adjektiivi	9938
kokonainen	adjektiivi, substantiivi	9932
japanilainen	adjektiivi, substantiivi	9916
taiteellinen	adjektiivi	9797
alainen	adjektiivi, substantiivi	9772
onnistunut	adjektiivi	9751
tietoinen	adjektiivi	9747
tuollainen	adjektiivi, substantiivi	9722
arktinen	adjektiivi	9719
minkäänlainen	adjektiivi	9707
innokas	adjektiivi	9694
luonnollinen	adjektiivi	9615
kielteinen	adjektiivi	9465
villi	adjektiivi, substantiivi	9461
surullinen	adjektiivi	9429
brittiläinen	adjektiivi, substantiivi	9417
pakollinen	adjektiivi	9407
ammatillinen	adjektiivi	9382
paljo	adjektiivi, adverbi, substantiivi	9367
haitallinen	adjektiivi	9330
liukas	adjektiivi	9310
rikas	adjektiivi, substantiivi	9306
varovainen	adjektiivi	9305
kultainen	adjektiivi	9302
legendaarinen	adjektiivi	9266
virolainen	adjektiivi, substantiivi	9257
maltillinen	adjektiivi	9248
yhtenäinen	adjektiivi	9221
eilinen	adjektiivi, substantiivi	9210
sotilaallinen	adjektiivi	9106
klassinen	adjektiivi	9088
uhanalainen	adjektiivi	9030
luminen	adjektiivi	9029
kirjallinen	adjektiivi	8968
hullu	adjektiivi, substantiivi	8898
tarpeellinen	adjektiivi	8890
varhainen	adjektiivi	8791
maanantainen	adjektiivi	8720
dramaattinen	adjektiivi	8690
kannattava	adjektiivi	8668
tilapäinen	adjektiivi	8656
uskonnollinen	adjektiivi	8610
lähin	adjektiivi, postpositio	8606
ajankohtainen	adjektiivi	8565
suomenkielinen	adjektiivi, substantiivi	8551
halukas	adjektiivi	8496
karu	adjektiivi	8398
vakituinen	adjektiivi	8310
viileä	adjektiivi, substantiivi	8302
enin	adjektiivi	8297
välitön	adjektiivi	8218
päivittäinen	adjektiivi	8211
monimutkainen	adjektiivi	8165
rakas	adjektiivi, substantiivi	8157
toisenlainen	adjektiivi	8153
semmoinen	adjektiivi	8075
pehmeä	adjektiivi, substantiivi	8022
perättäinen	adjektiivi	8008
taitava	adjektiivi	7967
silloinen	adjektiivi	7959
ristiriitainen	adjektiivi	7894
porilainen	adjektiivi, substantiivi	7880
oleellinen	adjektiivi	7835
käsittämätön	adjektiivi	7727
luotettava	adjektiivi	7722
toistainen	adjektiivi	7649
kiivas	adjektiivi	7630
jyrkkä	adjektiivi	7615
yksinäinen	adjektiivi	7578
vaativa	adjektiivi	7567
ennätyksellinen	adjektiivi	7561
tanskalainen	adjektiivi, substantiivi	7558
pro	prepositio, adjektiivi, substantiivi	7506
lupaava	adjektiivi	7417
keskinäinen	adjektiivi	7413
vakaa	adjektiivi	7375
vuosittainen	adjektiivi	7347
samankaltainen	adjektiivi	7331
kauhea	adjektiivi, substantiivi	7327
surkea	adjektiivi	7317
kumma	substantiivi, adjektiivi	7301
viereinen	adjektiivi	7286
toissa	adjektiivi	7283
inhimillinen	adjektiivi	7281
sateinen	adjektiivi	7274
karjalainen	substantiivi, adjektiivi	7272
akuutti	adjektiivi, substantiivi	7270
kaksinkertainen	adjektiivi	7250
ruotsinkielinen	adjektiivi	7221
kehitysvammainen	adjektiivi, substantiivi	7198
nimetön	adjektiivi, substantiivi	7172
talvinen	adjektiivi	7139
säännöllinen	adjektiivi	7127
ongelmallinen	adjektiivi	7125
lappilainen	adjektiivi, substantiivi	7110
ahdas	adjektiivi	7109
rento	adjektiivi	7109
sallittu	adjektiivi	7088
virheellinen	adjektiivi	7080
leveä	adjektiivi	7067
pelottava	adjektiivi	7037
paksu	adjektiivi, substantiivi	7024
luvaton	adjektiivi	6970
ylin	adjektiivi	6949
niminen	adjektiivi	6945
kanadalainen	adjektiivi, substantiivi	6940
kohtuuton	adjektiivi	6908
kipeä	adjektiivi, substantiivi	6903
rasistinen	adjektiivi	6856
tämmöinen	adjektiivi	6850
kiinteä	adjektiivi	6847
vaalea	adjektiivi	6824
syyllinen	adjektiivi, substantiivi	6804
sijainen	substantiivi, adjektiivi	6796
maailmanlaajuinen	adjektiivi	6751
massiivinen	adjektiivi	6718
hollantilainen	adjektiivi, substantiivi	6715
keskisuomalainen	adjektiivi, substantiivi	6666
huominen	adjektiivi, substantiivi	6661
kemiallinen	adjektiivi	6623
laillinen	adjektiivi	6589
niukka	adjektiivi	6579
alempi	adjektiivi	6495
tämänhetkinen	adjektiivi	6495
märkä	adjektiivi, substantiivi	6442
siisti	adjektiivi	6430
vaihtoehtoinen	adjektiivi	6407
osallinen	adjektiivi	6376
realistinen	adjektiivi	6372
kiireellinen	adjektiivi	6371
eettinen	adjektiivi	6370
valoisa	adjektiivi, substantiivi	6370
huonokuntoinen	adjektiivi	6325
käteinen	adjektiivi, substantiivi	6312
globaali	adjektiivi	6298
vastuullinen	adjektiivi	6277
rikko	substantiivi, adjektiivi	6253
ihmeellinen	adjektiivi	6248
tieteellinen	adjektiivi	6242
makea	adjektiivi, substantiivi	6239
vaisu	adjektiivi	6217
kapea	adjektiivi	6188
suuruinen	adjektiivi	6181
keski-ikäinen	adjektiivi	6163
hämärä	adjektiivi, substantiivi	6118
arkinen	adjektiivi	6117
eräänlainen	adjektiivi	6115
kainuulainen	adjektiivi, substantiivi	6088
demokraattinen	adjektiivi	6064
vammainen	adjektiivi, substantiivi	6060
ulkopoliittinen	adjektiivi	6050
tuhoisa	adjektiivi	6021
kiitollinen	adjektiivi	6010
tyyppinen	adjektiivi	6007
pituinen	adjektiivi	5986
jännittävä	adjektiivi	5984
terveellinen	adjektiivi	5982
juutalainen	substantiivi, adjektiivi	5980
valtiollinen	adjektiivi	5914
kunnallinen	adjektiivi	5909
riippumaton	adjektiivi	5895
yksimielinen	adjektiivi	5894
puutteellinen	adjektiivi	5867
pohjalainen	adjektiivi, substantiivi	5838
ohut	adjektiivi	5830
ahkera	adjektiivi	5804
uhkaava	adjektiivi	5791
riippuvainen	adjektiivi	5770
vastaavanlainen	adjektiivi	5755
ylempi	adjektiivi	5740
haasteellinen	adjektiivi	5738
kuninkaallinen	adjektiivi, substantiivi	5708
jälkimmäinen	adjektiivi	5700
aikamoinen	adjektiivi	5653
lahjakas	adjektiivi	5650
yhteiskunnallinen	adjektiivi	5643
kesäinen	adjektiivi	5612
keskinen	adjektiivi	5576
radikaali	adjektiivi, substantiivi	5567
viisas	adjektiivi, substantiivi	5549
maksullinen	adjektiivi	5535
turkkilainen	adjektiivi, substantiivi	5526
teknillinen	adjektiivi	5518
alin	adjektiivi	5513
ensisijainen	adjektiivi	5506
luottavainen	adjektiivi	5506
ympärivuorokautinen	adjektiivi	5493
yksilöllinen	adjektiivi	5482
englanninkielinen	adjektiivi	5463
sveitsiläinen	adjektiivi, substantiivi	5455
vaatimaton	adjektiivi	5418
jättimäinen	adjektiivi	5415
tyly	adjektiivi	5410
kreikkalainen	adjektiivi, substantiivi	5404
englantilainen	adjektiivi, substantiivi	5385
tietynlainen	adjektiivi	5365
aggressiivinen	adjektiivi	5356
vauhdikas	adjektiivi	5346
nappi	substantiivi, adjektiivi	5298
kielletty	adjektiivi	5284
kyseenalainen	adjektiivi	5223
liikkuva	adjektiivi	5192
psykiatrinen	adjektiivi	5185
painava	adjektiivi	5184
länsimainen	adjektiivi	5181
järkyttävä	adjektiivi	5144
kamala	adjektiivi, substantiivi	5136
kristillinen	adjektiivi	5126
ilmeinen	adjektiivi*	5111
tarpeeton	adjektiivi	5080
lääketieteellinen	adjektiivi	5068
kiihkeä	adjektiivi	5060
kiireetön	adjektiivi	5055
humanitaarinen	adjektiivi	5054
tylsä	adjektiivi	5047
puinen	adjektiivi	5029
ruma	adjektiivi, substantiivi	5020
elektroninen	adjektiivi	5007
luonteva	adjektiivi	5002
paljas	adjektiivi	5002
sekava	adjektiivi, substantiivi	5001
sivullinen	adjektiivi, substantiivi	4993
ortodoksinen	adjektiivi	4989
ehjä	adjektiivi	4979
puolalainen	adjektiivi, substantiivi	4967
vakuuttava	adjektiivi	4946
hyödyllinen	adjektiivi	4932
liika	adjektiivi, substantiivi, adverbi	4928
kummallinen	adjektiivi	4912
hyväksyttävä	adjektiivi	4902
reipas	adjektiivi	4869
oiva	adjektiivi	4861
australialainen	adjektiivi, substantiivi	4854
vihainen	adjektiivi	4835
vaikuttava	adjektiivi	4820
epätodennäköinen	adjektiivi	4819
ulkoinen	adjektiivi	4806
nykyaikainen	adjektiivi	4794
luova	adjektiivi	4785
likainen	adjektiivi	4758
strateginen	adjektiivi	4749
kostea	adjektiivi	4730
tyytymätön	adjektiivi	4730
rakenteellinen	adjektiivi	4728
rehellinen	adjektiivi	4715
vuotuinen	adjektiivi	4712
epäasiallinen	adjektiivi	4711
ruskea	adjektiivi	4644
toiveikas	adjektiivi	4639
anonyymi	adjektiivi	4603
teollinen	adjektiivi	4601
kireä	adjektiivi	4543
myöhäinen	adjektiivi, substantiivi	4532
älykäs	adjektiivi	4521
pätevä	adjektiivi	4519
tasa-arvoinen	adjektiivi	4509
potentiaalinen	adjektiivi	4508
tiistainen	adjektiivi	4498
uskottava	adjektiivi	4473
nätti	adjektiivi	4468
katolinen	adjektiivi, substantiivi	4457
elinkautinen	adjektiivi	4449
kunnianhimoinen	adjektiivi	4421
äärioikeistolainen	adjektiivi, substantiivi	4403
virtuaalinen	adjektiivi	4402
vankka	adjektiivi	4384
etninen	adjektiivi	4377
fiksu	adjektiivi	4364
asunnoton	adjektiivi, substantiivi	4357
äänioikeutettu	adjektiivi, substantiivi	4341
onnekas	adjektiivi	4325
merkityksellinen	adjektiivi	4320
edesmennyt	adjektiivi, substantiivi	4310
israelilainen	adjektiivi, substantiivi	4293
intialainen	adjektiivi, substantiivi	4292
lakisääteinen	adjektiivi	4288
lukuisa	adjektiivi	4282
moninkertainen	adjektiivi	4277
lauantainen	adjektiivi	4260
äkillinen	adjektiivi	4244
kohtalainen	adjektiivi	4223
pikkarainen	adjektiivi	4214
automaattinen	adjektiivi	4198
viimevuotinen	adjektiivi	4196
joustava	adjektiivi	4195
konservatiivinen	adjektiivi	4181
perjantainen	adjektiivi	4171
lähempi	adjektiivi	4162
ekologinen	adjektiivi	4158
ikuinen	adjektiivi	4147
fossiilinen	adjektiivi	4143
kypsä	adjektiivi	4120
valitettava	adjektiivi	4120
teini-ikäinen	adjektiivi	4111
epäilyttävä	adjektiivi	4085
tuttava	substantiivi, adjektiivi	4078
pikainen	adjektiivi	4067
ammattimainen	adjektiivi	4065
jäinen	adjektiivi	4063
islamilainen	adjektiivi, substantiivi	4061
biologinen	adjektiivi	4060
liberaali	substantiivi, adjektiivi	4049
oranssi	adjektiivi, substantiivi	4041
ennenaikainen	adjektiivi	4038
poutainen	adjektiivi	4022
tyhmä	adjektiivi, substantiivi	4010
ennennäkemätön	adjektiivi	4008
maakunnallinen	adjektiivi	3999
julma	adjektiivi	3995
kehno	adjektiivi, substantiivi	3987
rahallinen	adjektiivi	3977
psyykkinen	adjektiivi	3942
älytön	adjektiivi, substantiivi	3929
musiikillinen	adjektiivi	3924
lyhytaikainen	adjektiivi	3922
mieletön	adjektiivi, substantiivi	3903
muistisairas	adjektiivi, substantiivi	3891
tappiollinen	adjektiivi	3879
maaliton	adjektiivi*	3875
kohtalokas	adjektiivi	3869
pyöreä	adjektiivi	3859
sunnuntainen	adjektiivi	3853
aseellinen	adjektiivi	3849
mustavalkoinen	adjektiivi	3828
ymmärrettävä	adjektiivi	3818
väkevä	adjektiivi, substantiivi	3803
hengenvaarallinen	adjektiivi	3801
menevä	adjektiivi	3790
afrikkalainen	adjektiivi, substantiivi	3789
myrkyllinen	adjektiivi	3787
kunnollinen	adjektiivi	3783
kaksivuotinen	adjektiivi	3778
liiallinen	adjektiivi	3765
palava	adjektiivi	3765
riski	adjektiivi	3764
lainvoimainen	adjektiivi	3750
sitkeä	adjektiivi	3735
torstainen	adjektiivi	3733
pidätetty	adjektiivi, substantiivi	3732
operatiivinen	adjektiivi	3726
väsynyt	adjektiivi	3695
luontainen	adjektiivi	3665
pohjoismainen	adjektiivi	3664
laiha	adjektiivi	3659
satunnainen	adjektiivi	3648
elintärkeä	adjektiivi	3627
kaukainen	adjektiivi	3625
epävirallinen	adjektiivi	3620
sula	adjektiivi, substantiivi	3614
perinteikäs	adjektiivi	3612
vastasyntynyt	adjektiivi, substantiivi	3612
karmea	adjektiivi	3606
mielekäs	adjektiivi	3606
asianmukainen	adjektiivi	3604
itävaltalainen	adjektiivi, substantiivi	3595
keskeneräinen	adjektiivi	3583
muinainen	adjektiivi	3576
kolminkertainen	adjektiivi	3575
perusteellinen	adjektiivi	3575
asiallinen	adjektiivi	3566
menestyksekäs	adjektiivi	3562
järeä	adjektiivi	3560
tukala	adjektiivi	3553
vähävarainen	adjektiivi	3538
verinen	adjektiivi	3505
pikkuinen	adjektiivi, substantiivi	3501
mystinen	adjektiivi	3499
visuaalinen	adjektiivi	3493
tyylikäs	adjektiivi	3492
kristitty	adjektiivi, substantiivi	3486
myyty	adjektiivi	3476
laajamittainen	adjektiivi	3464
varakas	adjektiivi, substantiivi	3455
nimekäs	adjektiivi	3454
oireeton	adjektiivi	3453
arka	adjektiivi	3447
olematon	adjektiivi, substantiivi	3444
kiusallinen	adjektiivi	3443
hyväkuntoinen	adjektiivi	3439
otollinen	adjektiivi	3419
rakentava	adjektiivi	3394
keskustalainen	substantiivi, adjektiivi	3391
pitkäjänteinen	adjektiivi	3390
alijäämäinen	adjektiivi	3377
raikas	adjektiivi	3377
rajallinen	adjektiivi	3377
pienituloinen	adjektiivi	3374
viimeaikainen	adjektiivi	3370
akateeminen	adjektiivi	3369
urheilullinen	adjektiivi	3351
työikäinen	adjektiivi	3348
levoton	adjektiivi, substantiivi	3345
päällimmäinen	adjektiivi	3319
uskollinen	adjektiivi	3303
vaikutusvaltainen	adjektiivi	3303
nolo	adjektiivi	3298
ympärivuotinen	adjektiivi	3293
helteinen	adjektiivi	3290
ikimuistoinen	adjektiivi	3276
kolmekymppinen	adjektiivi	3274
tunteikas	adjektiivi	3274
yhteisöllinen	adjektiivi	3264
pienimuotoinen	adjektiivi	3257
tuulinen	adjektiivi	3254
sankka	adjektiivi	3243
päinvastainen	adjektiivi	3238
venäjänkielinen	adjektiivi	3235
keväinen	adjektiivi	3229
loputon	adjektiivi	3226
tiheä	adjektiivi	3226
oikeanlainen	adjektiivi	3221
thaimaalainen	adjektiivi, substantiivi	3218
osittainen	adjektiivi	3215
keskisuuri	adjektiivi	3199
järjetön	adjektiivi, substantiivi	3186
katkera	adjektiivi	3180
oikeudenmukainen	adjektiivi	3179
herkullinen	adjektiivi	3154
altis	adjektiivi	3148
epämääräinen	adjektiivi	3130
turvallisuuspoliittinen	adjektiivi	3116
työläs	adjektiivi	3103
kiehtova	adjektiivi	3095
maanalainen	adjektiivi, substantiivi	3086
savolainen	adjektiivi, substantiivi	3082
taktinen	adjektiivi	3078
miellyttävä	adjektiivi	3065
riittämätön	adjektiivi	3055
kirjava	adjektiivi, substantiivi	3053
eksoottinen	adjektiivi	3042
pirteä	adjektiivi	3040
hirvittävä	adjektiivi	3038
osa-aikainen	adjektiivi	3029
ääretön	adjektiivi, substantiivi	3029
hallinnollinen	adjektiivi	3024
pitkäaikaistyötön	adjektiivi, substantiivi	3023
toiminnallinen	adjektiivi	3022
kulttuurinen	adjektiivi	3016
arkeologinen	adjektiivi	3011
pitkäkestoinen	adjektiivi	3011
jokapäiväinen	adjektiivi	3010
uniikki	adjektiivi	3010
romanttinen	adjektiivi	3009
innostunut	adjektiivi	2988
ketterä	adjektiivi	2977
kommunistinen	adjektiivi	2971
hassu	adjektiivi, substantiivi	2957
raivo	substantiivi, adjektiivi	2955
ystävällinen	adjektiivi	2948
harmillinen	adjektiivi	2934
elastinen	adjektiivi	2928
suotuisa	adjektiivi	2925
tyyni	adjektiivi, substantiivi	2923
syrjäinen	adjektiivi	2921
oloinen	adjektiivi	2915
utelias	adjektiivi, substantiivi	2915
vilpas	adjektiivi	2905
traaginen	adjektiivi	2902
samainen	adjektiivi	2890
arvaamaton	adjektiivi	2881
puoleinen	adjektiivi	2873
maukas	adjektiivi	2866
mieluinen	adjektiivi	2859
jollainen	adjektiivi	2846
tahallinen	adjektiivi	2822
nihkeä	adjektiivi	2819
sujuva	adjektiivi	2805
saamenkielinen	adjektiivi	2796
diplomaattinen	adjektiivi	2792
krooninen	adjektiivi	2789
epäreilu	adjektiivi	2788
muovinen	adjektiivi	2784
nuija	substantiivi, adjektiivi	2781
paperiton	adjektiivi, substantiivi	2763
armoton	adjektiivi	2759
syksyinen	adjektiivi	2757
valkea	adjektiivi, substantiivi	2753
näkymätön	adjektiivi	2752
valkovenäläinen	adjektiivi, substantiivi	2748
tuntuva	adjektiivi	2741
kilpailukykyinen	adjektiivi	2740
huolellinen	adjektiivi	2737
suoranainen	adjektiivi	2734
oikeudellinen	adjektiivi	2730
epätavallinen	adjektiivi	2727
nälkäinen	adjektiivi	2727
satakuntalainen	adjektiivi, substantiivi	2727
kokoomuslainen	adjektiivi, substantiivi	2718
esteetön	adjektiivi	2712
lihava	adjektiivi	2712
leuto	adjektiivi	2696
vähempi	adjektiivi, adverbi	2678
ainut	adjektiivi	2674
katastrofaalinen	adjektiivi	2672
värinen	adjektiivi	2672
ansiosidonnainen	adjektiivi	2671
intohimoinen	adjektiivi	2664
ympäristöystävällinen	adjektiivi	2663
lukematon	adjektiivi	2660
kouluikäinen	adjektiivi	2653
omituinen	adjektiivi	2646
tavaton	adjektiivi	2645
öinen	adjektiivi	2640
laajuinen	adjektiivi	2638
vanhanaikainen	adjektiivi, substantiivi	2632
pöllö	substantiivi, adjektiivi	2628
sitoutumaton	adjektiivi	2620
egyptiläinen	adjektiivi, substantiivi	2613
suurituloinen	adjektiivi, substantiivi	2609
sinivalkoinen	adjektiivi	2606
koditon	adjektiivi	2595
vastakkainen	adjektiivi	2591
psykologinen	adjektiivi	2581
satavuotias	adjektiivi	2579
timantti	substantiivi, adjektiivi	2557
kiltti	adjektiivi, substantiivi	2551
äänekäs	adjektiivi	2544
vallitseva	adjektiivi	2543
juoni	substantiivi, adjektiivi	2536
sopimaton	adjektiivi, substantiivi	2531
ripeä	adjektiivi	2525
parhain	adjektiivi	2523
hämäläinen	adjektiivi, substantiivi	2510
persoonallinen	adjektiivi	2504
pinkki	substantiivi, adjektiivi	2501
muotoinen	adjektiivi	2497
energinen	adjektiivi	2495
haikea	adjektiivi	2487
trooppinen	adjektiivi	2484
luettava	adjektiivi, substantiivi	2472
nöyrä	adjektiivi	2469
jännä	adjektiivi	2465
ruuhkainen	adjektiivi	2462
kätevä	adjektiivi	2459
vasemmistolainen	adjektiivi, substantiivi	2458
avara	adjektiivi	2456
aktiivi	substantiivi, adjektiivi	2455
kurja	adjektiivi	2454
langaton	adjektiivi	2450
mieto	adjektiivi	2450
hienoinen	adjektiivi	2443
hengellinen	adjektiivi	2441
tasapainoinen	adjektiivi	2438
journalistinen	adjektiivi	2420
vaaleanpunainen	adjektiivi	2416
elinikäinen	adjektiivi	2413
yksipuolinen	adjektiivi	2408
aasialainen	adjektiivi, substantiivi	2389
fantastinen	adjektiivi	2385
keskiaikainen	adjektiivi	2385
pilvinen	adjektiivi	2385
näkövammainen	adjektiivi, substantiivi	2382
optimistinen	adjektiivi	2382
monimuotoinen	adjektiivi	2381
maaginen	adjektiivi	2375
yksiselitteinen	adjektiivi	2373
nelikymppinen	adjektiivi	2367
humalainen	adjektiivi, substantiivi	2366
kehittynyt	adjektiivi	2366
kaksikerroksinen	adjektiivi	2365
laiska	adjektiivi, substantiivi	2365
parlamentaarinen	adjektiivi	2364
viisivuotias	adjektiivi	2363
karvas	adjektiivi	2351
kokematon	adjektiivi	2346
kiistanalainen	adjektiivi	2343
kulttuurihistoriallinen	adjektiivi	2335
läpinäkyvä	adjektiivi	2333
väljä	adjektiivi	2322
kähärä	adjektiivi	2315
tämänvuotinen	adjektiivi	2313
miehinen	adjektiivi	2307
täysi-ikäinen	adjektiivi	2307
kolea	adjektiivi	2305
mieluisa	adjektiivi	2302
vaitonainen	adjektiivi	2297
unkarilainen	adjektiivi, substantiivi	2295
urbaani	adjektiivi	2294
latinalainen	adjektiivi	2291
lauha	adjektiivi	2281
perätön	adjektiivi, substantiivi	2277
neutraali	adjektiivi	2274
sensaatiomainen	adjektiivi	2274
luja	adjektiivi	2269
moninainen	adjektiivi	2269
intensiivinen	adjektiivi	2267
puolinen	substantiivi, adjektiivi	2266
moraalinen	adjektiivi	2265
suullinen	adjektiivi, substantiivi	2257
epävakaa	adjektiivi	2252
vastaantuleva	adjektiivi, substantiivi	2252
kliininen	adjektiivi	2251
graafinen	adjektiivi	2243
kuitti	substantiivi, adjektiivi	2242
ihanteellinen	adjektiivi	2237
epätoivoinen	adjektiivi	2236
lainvastainen	adjektiivi	2230
isokokoinen	adjektiivi	2228
tämänkaltainen	adjektiivi	2223
paperinen	adjektiivi	2212
eriävä	adjektiivi	2211
illallinen	substantiivi, adjektiivi	2211
allerginen	adjektiivi	2191
sokea	adjektiivi, substantiivi	2191
jäätävä	adjektiivi	2190
syytön	adjektiivi	2184
kaikenikäinen	adjektiivi	2182
portugalilainen	adjektiivi, substantiivi	2182
tehoton	adjektiivi	2180
ammattitaitoinen	adjektiivi	2170
odottamaton	adjektiivi	2169
lempeä	adjektiivi	2168
varteenotettava	adjektiivi	2168
pitävä	adjektiivi	2164
löysä	adjektiivi, substantiivi	2161
meksikolainen	adjektiivi, substantiivi	2161
ylipainoinen	adjektiivi	2156
harhaanjohtava	adjektiivi	2155
kestämätön	adjektiivi	2145
moinen	adjektiivi	2142
perusteeton	adjektiivi	2139
haavoittuva	adjektiivi	2133
tyydyttävä	adjektiivi	2132
vedenalainen	adjektiivi, substantiivi	2130
vieraskielinen	adjektiivi	2130
monivuotinen	adjektiivi	2129
intiimi	adjektiivi	2122
radioaktiivinen	adjektiivi	2122
kade	adjektiivi	2106
ylijäämäinen	adjektiivi	2106
absurdi	adjektiivi	2103
haluttu	adjektiivi	2099
omanlainen	adjektiivi	2098
laaja-alainen	adjektiivi	2097
keskiviikkoinen	adjektiivi	2090
ulkopaikkakuntalainen	adjektiivi, substantiivi	2086
tuskainen	adjektiivi	2085
viisikymppinen	adjektiivi, substantiivi	2082
ääri-islamilainen	substantiivi, adjektiivi	2075
ikoninen	adjektiivi	2071
kolmivuotinen	adjektiivi	2071
irlantilainen	adjektiivi, substantiivi	2069
karkea	adjektiivi	2068
kelpo	adjektiivi	2068
tasapuolinen	adjektiivi	2065
kaksijakoinen	adjektiivi	2064
käytetty	adjektiivi	2063
muhkea	adjektiivi	2062
tähänastinen	adjektiivi	2061
puolueeton	adjektiivi	2060
tapainen	adjektiivi, substantiivi	2060
paska	substantiivi, adjektiivi	2054
yhdenvertainen	adjektiivi	2054
sukupuolineutraali	adjektiivi	2042
edustava	adjektiivi	2040
rauhanomainen	adjektiivi	2040
räikeä	adjektiivi	2039
syvällinen	adjektiivi	2031
luterilainen	adjektiivi, substantiivi	2020
tutkiva	adjektiivi	2016
yöllinen	adjektiivi	2014
palkaton	adjektiivi	2011
metallinen	adjektiivi	2010
voitokas	adjektiivi	2009
elinvoimainen	adjektiivi	2004
hauras	adjektiivi	1998
loisto	substantiivi, adjektiivi	1988
epämiellyttävä	adjektiivi	1985
luonnonvarainen	adjektiivi	1982
kahdenvälinen	adjektiivi	1981
omaehtoinen	adjektiivi	1978
terveydellinen	adjektiivi	1976
eteläkarjalainen	adjektiivi, substantiivi	1975
looginen	adjektiivi	1975
typerä	adjektiivi, substantiivi	1974
kokeellinen	adjektiivi	1972
islamistinen	adjektiivi	1969
nelinkertainen	adjektiivi	1959
erimielinen	adjektiivi	1954
live	adjektiivi	1953
keinotekoinen	adjektiivi	1952
hyväntuulinen	adjektiivi	1949
salaperäinen	adjektiivi	1946
määrätietoinen	adjektiivi	1943
autio	adjektiivi	1941
pohjoiskarjalainen	adjektiivi, substantiivi	1941
väistyvä	adjektiivi	1940
hiilineutraali	adjektiivi	1932
kustannustehokas	adjektiivi	1932
hölmö	adjektiivi, substantiivi	1917
korkeatasoinen	adjektiivi	1914
kolttasaamelainen	adjektiivi, substantiivi	1908
oheinen	adjektiivi	1900
itäsuomalainen	adjektiivi, substantiivi	1898
asiaton	adjektiivi, substantiivi	1897
juridinen	adjektiivi	1897
naurettava	adjektiivi	1892
käyttökelpoinen	adjektiivi	1886
mekaaninen	adjektiivi	1886
kivinen	adjektiivi	1883
aiheeton	adjektiivi	1878
romanialainen	adjektiivi, substantiivi	1870
tasoinen	adjektiivi	1870
tuottava	adjektiivi	1867
työperäinen	adjektiivi	1854
ujo	adjektiivi	1851
ominainen	adjektiivi	1849
maineikas	adjektiivi	1846
rikkinäinen	adjektiivi	1846
vaaraton	adjektiivi	1846
kuvitteellinen	adjektiivi	1838
hälyttävä	adjektiivi	1831
huutava	adjektiivi	1823
tasavertainen	adjektiivi	1818
itsevarma	adjektiivi	1816
korealainen	adjektiivi, substantiivi	1815
miehittämätön	adjektiivi	1810
alaston	adjektiivi	1808
tarkoituksenmukainen	adjektiivi	1808
viittomakielinen	adjektiivi	1807
epäonninen	adjektiivi	1805
symbolinen	adjektiivi	1805
passiivinen	adjektiivi	1804
totaalinen	adjektiivi	1804
valtaisa	adjektiivi	1802
eteläpohjalainen	adjektiivi, substantiivi	1794
turvaton	adjektiivi	1790
valmistava	adjektiivi	1790
kolmipäiväinen	adjektiivi	1789
korvaamaton	adjektiivi	1789
viaton	adjektiivi	1787
hulppea	adjektiivi	1776
pääasiallinen	adjektiivi	1770
suppea	adjektiivi	1768
kiistaton	adjektiivi	1766
päätoiminen	adjektiivi	1766
sekainen	adjektiivi	1757
ilkeä	adjektiivi	1752
vauras	adjektiivi	1745
sympaattinen	adjektiivi	1743
pohjoissavolainen	adjektiivi, substantiivi	1741
luottamuksellinen	adjektiivi	1740
ideologinen	adjektiivi	1736
poikkeava	adjektiivi	1725
latvialainen	adjektiivi, substantiivi	1723
sataprosenttinen	adjektiivi	1721
päihtynyt	adjektiivi, substantiivi	1711
pienikokoinen	adjektiivi	1710
samanikäinen	adjektiivi	1709
tukeva	adjektiivi	1709
tasokas	adjektiivi	1702
viihtyisä	adjektiivi	1702
korkea-arvoinen	adjektiivi	1696
mietteliäs	adjektiivi	1695
vetovoimainen	adjektiivi	1694
murheellinen	adjektiivi	1693
islantilainen	adjektiivi, substantiivi	1689
hetkellinen	adjektiivi	1679
tulikuuma	adjektiivi	1673
teknologinen	adjektiivi	1672
työllinen	adjektiivi, substantiivi	1672
optimaalinen	adjektiivi	1671
jäykkä	adjektiivi	1670
riskialtis	adjektiivi	1670
trendikäs	adjektiivi	1668
tämäntyyppinen	adjektiivi	1658
hajanainen	adjektiivi	1654
valpas	adjektiivi	1652
meikäläinen	adjektiivi, substantiivi	1647
luonnontieteellinen	adjektiivi	1646
suomenruotsalainen	adjektiivi, substantiivi	1644
perimmäinen	adjektiivi	1639
kookas	adjektiivi	1637
kaoottinen	adjektiivi	1634
epäoikeudenmukainen	adjektiivi	1633
samansuuntainen	adjektiivi	1633
suoraviivainen	adjektiivi	1632
tämänpäiväinen	adjektiivi	1632
täsmällinen	adjektiivi	1630
synteettinen	adjektiivi	1625
käypä	adjektiivi	1624
oikeistolainen	adjektiivi, substantiivi	1624
hoikka	adjektiivi	1611
järjestelmällinen	adjektiivi	1609
kivulias	adjektiivi	1608
tulinen	adjektiivi	1606
valheellinen	adjektiivi	1606
epävakainen	adjektiivi	1605
silkka	adjektiivi	1604
omaperäinen	adjektiivi	1603
onneton	adjektiivi	1602
syötävä	adjektiivi, substantiivi	1597
käyrä	adjektiivi, substantiivi	1592
keskituloinen	adjektiivi	1586
aiheellinen	adjektiivi	1579
kaksivuotias	adjektiivi	1578
leppoisa	adjektiivi	1576
terroristinen	adjektiivi	1575
matemaattinen	adjektiivi	1574
kirkollinen	adjektiivi	1573
vakinainen	adjektiivi	1572
harkinnanvarainen	adjektiivi	1568
ankea	adjektiivi	1565
häpeällinen	adjektiivi	1560
kirurginen	adjektiivi	1556
eriarvoinen	adjektiivi	1555
jouluinen	adjektiivi	1551
kaksiosainen	adjektiivi	1548
geneettinen	adjektiivi	1544
omakohtainen	adjektiivi	1543
virkeä	adjektiivi	1542
kuukautinen	adjektiivi	1541
jokavuotinen	adjektiivi	1540
nasta	substantiivi, adjektiivi	1539
lapseton	adjektiivi	1535
mullistava	adjektiivi	1532
sanaton	adjektiivi	1532
räväkkä	adjektiivi	1529
eteläafrikkalainen	adjektiivi, substantiivi	1527
eri-ikäinen	adjektiivi	1525
viallinen	adjektiivi	1525
aineellinen	adjektiivi	1524
mieleinen	adjektiivi	1523
fiktiivinen	adjektiivi	1521
maantieteellinen	adjektiivi	1519
alkoholiton	adjektiivi	1513
oikeutettu	adjektiivi	1512
vihamielinen	adjektiivi	1512
maksamaton	adjektiivi	1509
humoristinen	adjektiivi	1507
kärsivällinen	adjektiivi	1507
vastuuton	adjektiivi	1502
käyvä	adjektiivi	1498
akustinen	adjektiivi	1496
rajaton	adjektiivi	1495
kokonaisvaltainen	adjektiivi	1493
unohtumaton	adjektiivi	1491
aimo	adjektiivi	1488
absoluuttinen	adjektiivi	1487
erityyppinen	adjektiivi	1486
käyttökelvoton	adjektiivi	1481
toivoton	adjektiivi	1481
kohtelias	adjektiivi	1478
orgaaninen	adjektiivi	1471
sietämätön	adjektiivi	1465
sosiaalidemokraattinen	adjektiivi	1465
kohtuuhintainen	adjektiivi	1463
yksivuotinen	adjektiivi	1463
innovatiivinen	adjektiivi	1462
roomalainen	substantiivi, adjektiivi	1460
hikinen	adjektiivi	1459
yksityiskohtainen	adjektiivi	1456
maailmankuulu	adjektiivi	1455
kaksikielinen	adjektiivi	1451
kielellinen	adjektiivi	1451
monikulttuurinen	adjektiivi	1451
tahmea	adjektiivi	1451
epärealistinen	adjektiivi	1444
omatoiminen	adjektiivi	1440
feministinen	adjektiivi	1439
ylinen	adjektiivi, substantiivi	1439
allekirjoittanut	adjektiivi, substantiivi	1437
kollektiivinen	adjektiivi	1432
mutkikas	adjektiivi	1432
nousujohteinen	adjektiivi	1432
kuusivuotias	adjektiivi	1425
auttava	adjektiivi	1419
subjektiivinen	adjektiivi	1412
viisinkertainen	adjektiivi	1411
liikunnallinen	adjektiivi	1410
rikosoikeudellinen	adjektiivi	1408
tummaihoinen	adjektiivi	1408
uljas	adjektiivi	1407
rakastettu	adjektiivi, substantiivi	1406
viisivuotinen	adjektiivi	1404
haluton	adjektiivi	1402
täysimittainen	adjektiivi	1402
vahingollinen	adjektiivi	1401
kallioinen	adjektiivi, substantiivi	1400
punatiilinen	adjektiivi	1398
tuotannollinen	adjektiivi	1398
pahamaineinen	adjektiivi	1394
eloisa	adjektiivi	1383
perustuslaillinen	adjektiivi, substantiivi	1381
upouusi	adjektiivi	1381
kivikova	adjektiivi	1380
käytännöllinen	adjektiivi	1379
luvallinen	adjektiivi	1379
karismaattinen	adjektiivi	1373
harras	adjektiivi	1371
kannattamaton	adjektiivi	1369
hopeinen	adjektiivi	1367
kieltävä	adjektiivi	1366
tajuton	adjektiivi	1365
ajantasainen	adjektiivi	1363
mitätön	adjektiivi	1362
rautainen	adjektiivi	1361
systemaattinen	adjektiivi	1357
ainutkertainen	adjektiivi	1356
savuton	adjektiivi	1354
röyhkeä	adjektiivi	1353
väistämätön	adjektiivi	1353
jäävi	adjektiivi, substantiivi	1352
kiperä	adjektiivi	1349
reaaliaikainen	adjektiivi	1348
kymmenvuotias	adjektiivi	1347
serbialainen	adjektiivi, substantiivi	1346
hektinen	adjektiivi	1344
teoreettinen	adjektiivi	1343
sodanaikainen	adjektiivi	1342
voitollinen	adjektiivi	1342
ikivanha	adjektiivi	1339
mallinen	adjektiivi	1339
populistinen	adjektiivi	1334
jalo	adjektiivi	1329
syypää	adjektiivi, substantiivi	1328
suvereeni	adjektiivi	1327
vetävä	adjektiivi	1327
sinnikäs	adjektiivi	1324
lohduton	adjektiivi	1323
tähtinen	adjektiivi	1322
antoisa	adjektiivi	1321
toivottava	adjektiivi	1321
suurikokoinen	adjektiivi	1320
kolmiulotteinen	adjektiivi	1319
mieleenpainuva	adjektiivi	1318
ärhäkkä	adjektiivi	1318
ikinen	adjektiivi	1317
luonnonmukainen	adjektiivi	1312
miespuolinen	adjektiivi	1310
kokoaikainen	adjektiivi	1309
luonnontilainen	adjektiivi	1304
hyökkäävä	adjektiivi	1301
suolainen	adjektiivi, substantiivi	1300
traumaattinen	adjektiivi	1300
itsekäs	adjektiivi	1296
roima	adjektiivi	1295
viikoittainen	adjektiivi	1291
koskematon	adjektiivi	1290
härski	adjektiivi	1286
vilpitön	adjektiivi	1286
kekseliäs	adjektiivi	1284
talouspoliittinen	adjektiivi	1284
laimea	adjektiivi	1279
marraskuinen	adjektiivi	1279
betoninen	adjektiivi	1273
konstantti	adjektiivi, substantiivi	1268
gluteeniton	adjektiivi	1266
hyvätuloinen	adjektiivi	1266
perusterve	adjektiivi	1262
alava	adjektiivi	1261
isänmaallinen	adjektiivi	1260
tuottoisa	adjektiivi	1260
nestemäinen	adjektiivi	1257
harmiton	adjektiivi	1255
kolmikymppinen	adjektiivi	1252
koillinen	substantiivi, adjektiivi	1250
tuolloinen	adjektiivi	1249
hyvälaatuinen	adjektiivi	1245
kauempi	adjektiivi	1244
liettualainen	adjektiivi, substantiivi	1244
hirmuinen	adjektiivi	1241
sileä	adjektiivi, substantiivi	1239
perinnöllinen	adjektiivi	1238
päällekkäinen	adjektiivi	1237
päättävä	adjektiivi	1235
nelihenkinen	adjektiivi	1234
keskimmäinen	adjektiivi	1232
monikansallinen	adjektiivi	1232
maallinen	adjektiivi, substantiivi	1231
sopimukseton	adjektiivi	1229
kaksisuuntainen	adjektiivi	1225
juokseva	adjektiivi	1222
periaatteellinen	adjektiivi	1222
identtinen	adjektiivi	1218
sumuinen	adjektiivi	1216
huolimaton	adjektiivi	1212
jylhä	adjektiivi	1212
kankainen	adjektiivi*	1211
rytminen	adjektiivi	1209
nostalginen	adjektiivi	1206
ottava	adjektiivi	1203
skotlantilainen	adjektiivi, substantiivi	1203
oleva	adjektiivi	1202
mobiili	adjektiivi	1201
slovenialainen	adjektiivi, substantiivi	1200
rahakas	adjektiivi	1199
esteellinen	adjektiivi	1196
korkuinen	adjektiivi	1190
tuskallinen	adjektiivi	1189
juhlava	adjektiivi	1187
violetti	adjektiivi, substantiivi	1185
kymmenkertainen	adjektiivi	1184
suloinen	adjektiivi	1179
kognitiivinen	adjektiivi	1178
suunnaton	adjektiivi	1178
koneellinen	adjektiivi, substantiivi	1177
autonominen	adjektiivi	1175
kuukausittainen	adjektiivi	1175
napakka	adjektiivi	1174
kaustinen	adjektiivi	1171
söpö	adjektiivi	1171
heinäkuinen	adjektiivi	1170
keskipitkä	adjektiivi	1169
takuuvarma	adjektiivi	1168
oivallinen	adjektiivi	1166
nähtävä	adjektiivi	1164
keskinkertainen	adjektiivi	1163
omalaatuinen	adjektiivi	1161
sosialistinen	adjektiivi	1161
itsetuhoinen	adjektiivi	1160
ilmiömäinen	adjektiivi	1158
spontaani	adjektiivi	1156
voittamaton	adjektiivi	1156
myyttinen	adjektiivi	1155
marginaalinen	adjektiivi	1154
dynaaminen	adjektiivi	1153
voimaton	adjektiivi	1152
sakea	adjektiivi	1151
virkavapaa	adjektiivi, substantiivi	1151
epätasainen	adjektiivi	1150
hintainen	adjektiivi	1150
epäinhimillinen	adjektiivi	1149
erinäinen	adjektiivi	1147
metsäinen	adjektiivi	1144
jämäkkä	adjektiivi	1140
etäinen	adjektiivi	1136
leikkimielinen	adjektiivi	1136
mokoma	adjektiivi, substantiivi	1136
itsevaltainen	adjektiivi	1132
erikokoinen	adjektiivi	1131
koominen	adjektiivi	1127
näppärä	adjektiivi	1126
perheellinen	adjektiivi	1126
kummoinen	adjektiivi	1121
armas	adjektiivi, substantiivi	1120
esimerkillinen	adjektiivi	1120
hampurilainen	adjektiivi, substantiivi	1120
virheetön	adjektiivi	1118
raitis	adjektiivi	1117
uudentyyppinen	adjektiivi	1116
hedelmällinen	adjektiivi	1115
logistinen	adjektiivi	1115
verovapaa	adjektiivi	1115
uuno	adjektiivi, substantiivi	1113
ainokainen	adjektiivi	1112
epätodellinen	adjektiivi	1108
kovaääninen	adjektiivi, substantiivi	1108
kertakäyttöinen	adjektiivi	1103
painoinen	adjektiivi	1103
tunteellinen	adjektiivi	1102
tyylinen	adjektiivi	1102
päättäväinen	adjektiivi	1101
härmäläinen	adjektiivi, substantiivi	1100
lasinen	adjektiivi	1099
ballistinen	adjektiivi	1098
kitkerä	adjektiivi	1098
eroottinen	adjektiivi	1096
välillinen	adjektiivi	1095
tämänkertainen	adjektiivi	1094
elokuinen	adjektiivi	1092
euromääräinen	adjektiivi	1090
arkipäiväinen	adjektiivi	1084
levollinen	adjektiivi	1084
merkityksetön	adjektiivi	1083
nelivuotias	adjektiivi	1082
kuvaava	adjektiivi	1081
tietämätön	adjektiivi	1077
vertailukelpoinen	adjektiivi	1075
taannoinen	adjektiivi	1074
ensiarvoinen	adjektiivi	1072
hyinen	adjektiivi	1070
pienoinen	adjektiivi, substantiivi	1068
kehittävä	adjektiivi	1066
merellinen	adjektiivi	1064
veroton	adjektiivi	1063
nerokas	adjektiivi	1062
murskaava	adjektiivi	1061
tunnelmallinen	adjektiivi	1060
lainen	adjektiivi	1059
suunnitelmallinen	adjektiivi	1059
vähäluminen	adjektiivi	1057
itsestäänselvä	adjektiivi	1053
kurinalainen	adjektiivi	1053
lintutieteellinen	adjektiivi	1053
kuvallinen	adjektiivi	1052
huoleton	adjektiivi	1051
kateellinen	adjektiivi	1051
petollinen	adjektiivi	1051
helpottunut	adjektiivi	1050
ansiokas	adjektiivi	1048
riemukas	adjektiivi	1046
vuorinen	adjektiivi	1046
keveä	adjektiivi	1045
salliva	adjektiivi	1045
samanniminen	adjektiivi	1045
keskikokoinen	adjektiivi	1042
merkillinen	adjektiivi	1040
seksikäs	adjektiivi	1040
taidokas	adjektiivi	1040
energiatehokas	adjektiivi	1037
iltainen	adjektiivi	1037
arkaluontoinen	adjektiivi	1036
rikkonainen	adjektiivi	1036
somalialainen	adjektiivi, substantiivi	1036
vehreä	adjektiivi	1034
kammottava	adjektiivi	1032
esteettinen	adjektiivi	1031
palkallinen	adjektiivi	1029
vaivaton	adjektiivi	1028
neurologinen	adjektiivi	1024
muodollinen	adjektiivi	1023
tunnollinen	adjektiivi	1022
hapan	adjektiivi	1021
keskieurooppalainen	adjektiivi, substantiivi	1016
kalju	adjektiivi, substantiivi	1014
toivottu	adjektiivi	1014
perso	adjektiivi	1013
nelivuotinen	adjektiivi	1011
rasvainen	adjektiivi	1011
bulgarialainen	adjektiivi, substantiivi	1009
inhottava	adjektiivi	1008
holtiton	adjektiivi	1007
voittoisa	adjektiivi	1007
seudullinen	adjektiivi	1006
tulokseton	adjektiivi	1005
sanottava	substantiivi, adjektiivi	1004
rehevä	adjektiivi	1003
johdonmukainen	adjektiivi	1002
vanhoillinen	adjektiivi	1002
vastustuskykyinen	adjektiivi	1001
kantasuomalainen	substantiivi, adjektiivi	1000
piskuinen	adjektiivi	999
laskennallinen	adjektiivi	998
neuvostoliittolainen	adjektiivi, substantiivi	998
sanallinen	adjektiivi	997
velvollinen	adjektiivi, substantiivi	997
puuskainen	adjektiivi	996
himmeä	adjektiivi	995
tuhti	adjektiivi	995
brutaali	adjektiivi	994
juntti	substantiivi, adjektiivi	994
ongelmaton	adjektiivi	993
aseeton	adjektiivi	992
hyvinvoiva	adjektiivi	990
aineeton	adjektiivi	984
epämukava	adjektiivi	984
silmälasipäinen	adjektiivi	983
urhea	adjektiivi	983
abstrakti	adjektiivi, substantiivi	982
yliluonnollinen	adjektiivi, substantiivi	981
mini	adjektiivi, substantiivi	980
kauaskantoinen	adjektiivi	977
pitkäikäinen	adjektiivi	976
totinen	adjektiivi	975
kipakka	adjektiivi	974
suotava	adjektiivi	973
käänteentekevä	adjektiivi	970
liinaharja	substantiivi, adjektiivi	969
ajoittainen	adjektiivi	968
punapaita	substantiivi, adjektiivi	967
satumainen	adjektiivi	966
kolmiosainen	adjektiivi	965
turkoosi	substantiivi, adjektiivi	965
loiva	adjektiivi	963
ehta	adjektiivi	961
veroinen	adjektiivi	954
epäilevä	adjektiivi	950
maksimaalinen	adjektiivi	950
erivärinen	adjektiivi	948
hulvaton	adjektiivi	947
vallankumouksellinen	adjektiivi, substantiivi	946
liikuttava	adjektiivi	944
ovela	adjektiivi	942
kesy	adjektiivi	939
polttava	adjektiivi	939
rasittava	adjektiivi	939
aukoton	adjektiivi	938
lyömätön	adjektiivi	938
opettavainen	adjektiivi	937
suotuinen	adjektiivi	937
kiukkuinen	adjektiivi	935
särmä	substantiivi, adjektiivi	935
ylimielinen	adjektiivi	934
muunlainen	adjektiivi	931
viimeviikkoinen	adjektiivi	928
kotoinen	adjektiivi	927
alavireinen	adjektiivi	924
muuttumaton	adjektiivi	919
painajaismainen	adjektiivi	919
lainmukainen	adjektiivi	918
oireinen	adjektiivi	918
tiuha	adjektiivi	918
yhtäläinen	adjektiivi	918
lounainen	adjektiivi, substantiivi	917
molemminpuolinen	adjektiivi	917
armollinen	adjektiivi	915
ikiaikainen	adjektiivi	915
kömpelö	adjektiivi	915
jykevä	adjektiivi	914
riehakas	adjektiivi	914
sivistynyt	adjektiivi	914
samanaikainen	adjektiivi	913
ehdonalainen	adjektiivi	912
eteläpuolinen	adjektiivi	912
osuva	adjektiivi	912
kotoisa	adjektiivi	911
synnynnäinen	adjektiivi	911
kepeä	adjektiivi	909
jälkiviisas	adjektiivi, substantiivi	908
kelvollinen	adjektiivi	908
kokopäiväinen	adjektiivi	908
poissaoleva	adjektiivi	907
vino	adjektiivi	906
ylivertainen	adjektiivi	906
kilpailullinen	adjektiivi	904
kankea	adjektiivi	903
toukokuinen	adjektiivi	902
kiitettävä	adjektiivi	901
tupla	adjektiivi, substantiivi	900
humanistinen	adjektiivi	897
idyllinen	adjektiivi	897
päihdeongelmainen	adjektiivi, substantiivi	897
tuntuinen	adjektiivi	897
naisinen	adjektiivi	896
huvittava	adjektiivi	895
mauton	adjektiivi	895
vireä	adjektiivi	895
asumaton	adjektiivi	894
kiiltävä	adjektiivi	894
koristeellinen	adjektiivi	894
simppeli	adjektiivi	894
uusiseelantilainen	adjektiivi, substantiivi	894
yötön	adjektiivi	894
audiovisuaalinen	adjektiivi	893
jonkinasteinen	adjektiivi	889
sisin	adjektiivi, substantiivi	888
tahaton	adjektiivi	887
ennenkuulumaton	adjektiivi	886
lapsellinen	adjektiivi	884
hellä	adjektiivi	882
puurakenteinen	adjektiivi	881
kivikautinen	adjektiivi	880
läski	substantiivi, adjektiivi	879
asiantunteva	adjektiivi	878
filosofinen	adjektiivi	876
alapuolinen	adjektiivi	874
ennakkoluuloton	adjektiivi	874
tavoitteellinen	adjektiivi	874
epätyypillinen	adjektiivi	873
poikittainen	adjektiivi	873
geopoliittinen	adjektiivi	872
karmiva	adjektiivi	872
punavihreä	adjektiivi	872
epäsuora	adjektiivi	871
maanlaajuinen	adjektiivi	869
muodikas	adjektiivi	869
vilpillinen	adjektiivi	869
syyntakeeton	adjektiivi	868
viehättävä	adjektiivi	868
sikäläinen	adjektiivi, substantiivi	867
katoava	adjektiivi	866
palliatiivinen	adjektiivi	866
geologinen	adjektiivi	865
pikkainen	adjektiivi	863
taivaallinen	adjektiivi	863
suopea	adjektiivi	862
varsinaissuomalainen	adjektiivi, substantiivi	861
pitkällinen	adjektiivi	860
selittämätön	adjektiivi	860
uunituore	adjektiivi	856
sosioekonominen	adjektiivi	855
vetinen	adjektiivi	855
tuottamuksellinen	adjektiivi	854
joulukuinen	adjektiivi	853
lämpöinen	adjektiivi, substantiivi	852
tilallinen	substantiivi, adjektiivi	852
epäsäännöllinen	adjektiivi	851
juhlallinen	adjektiivi	851
samankokoinen	adjektiivi	851
päivällinen	substantiivi, adjektiivi	849
slovakialainen	adjektiivi, substantiivi	849
sulava	adjektiivi	849
keskiluokkainen	adjektiivi	847
liikuntarajoitteinen	adjektiivi	847
kertaluonteinen	adjektiivi	846
pedagoginen	adjektiivi	845
kahdeksanvuotias	adjektiivi	844
edistyksellinen	adjektiivi	840
neuvoa-antava	adjektiivi, substantiivi	840
humanitäärinen	adjektiivi	838
mahtipontinen	adjektiivi	838
sekalainen	adjektiivi	838
filharmoninen	adjektiivi	835
ilmiselvä	adjektiivi	835
samantapainen	adjektiivi	835
omintakeinen	adjektiivi	834
pelokas	adjektiivi	833
suuntainen	adjektiivi	833
syyntakeinen	adjektiivi	831
helmikuinen	adjektiivi	830
ruumiillinen	adjektiivi	830
hatara	adjektiivi	829
terminen	adjektiivi	829
mutkaton	adjektiivi	828
kesäkuinen	adjektiivi	827
yksisuuntainen	adjektiivi	827
päivänselvä	adjektiivi	826
naiivi	adjektiivi	825
löyhä	adjektiivi	824
moitittava	adjektiivi	822
nokkela	adjektiivi	821
yllätyksellinen	adjektiivi	821
kolmikerroksinen	adjektiivi	820
matti	adjektiivi	820
eriskummallinen	adjektiivi	819
vakio	adjektiivi, substantiivi	819
toimintakykyinen	adjektiivi	818
ironinen	adjektiivi	817
tammikuinen	adjektiivi	817
alkeellinen	adjektiivi	815
täpötäysi	adjektiivi	815
karvainen	adjektiivi	812
eteläsuomalainen	adjektiivi, substantiivi	811
päällinen	substantiivi, adjektiivi	811
siedettävä	adjektiivi	809
ruusuinen	adjektiivi	808
epäterveellinen	adjektiivi	807
kansallismielinen	adjektiivi	807
kannanhoidollinen	adjektiivi	803
arveluttava	adjektiivi	802
kahdenlainen	adjektiivi	800
metrinen	adjektiivi	798
edestakainen	adjektiivi	797
pessimistinen	adjektiivi	797
pakottava	adjektiivi	795
yhdenmukainen	adjektiivi	795
vertainen	adjektiivi	794
afroamerikkalainen	adjektiivi, substantiivi	792
työteliäs	adjektiivi	791
arvovaltainen	adjektiivi	789
pykäläinen	adjektiivi	787
ahne	adjektiivi	786
nuorekas	adjektiivi	786
lakkapää	substantiivi, adjektiivi	784
raadollinen	adjektiivi	783
tähtitieteellinen	adjektiivi	782
överi	substantiivi, adjektiivi	781
psykososiaalinen	adjektiivi	779
siro	adjektiivi	779
laulava	adjektiivi	778
näennäinen	adjektiivi	778
sisukas	adjektiivi	777
velkainen	adjektiivi	777
autenttinen	adjektiivi	775
naispuolinen	adjektiivi	775
parrakas	adjektiivi	775
tasaväkinen	adjektiivi	775
arvoituksellinen	adjektiivi	771
musertava	adjektiivi	771
kaikennäköinen	adjektiivi	769
kasvitieteellinen	adjektiivi	769
riitaisa	adjektiivi	768
hento	adjektiivi	767
sorainen	adjektiivi	767
arvoton	adjektiivi	766
enenevä	adjektiivi	766
hillitty	adjektiivi	766
paksuinen	adjektiivi	766
masentava	adjektiivi	765
sisäpoliittinen	adjektiivi	763
sodanjälkeinen	adjektiivi	763
julkaisematon	adjektiivi	758
miesvaltainen	adjektiivi	757
epäuskoinen	adjektiivi	756
pahvinen	adjektiivi	756
pinnallinen	adjektiivi	756
pikkuruinen	adjektiivi	755
silmiinpistävä	adjektiivi	755
täpärä	adjektiivi	755
eeppinen	adjektiivi	754
merkkinen	adjektiivi	754
universaali	adjektiivi, substantiivi	754
ajaton	adjektiivi	748
verkkainen	adjektiivi	748
epäeettinen	adjektiivi	747
kyyninen	adjektiivi	747
kärkäs	adjektiivi	747
lokakuinen	adjektiivi	746
omavarainen	adjektiivi	746
minimaalinen	adjektiivi	745
neliosainen	adjektiivi	744
välttävä	adjektiivi	743
lyhytkestoinen	adjektiivi	742
ennätysmäinen	adjektiivi	741
evankelis-luterilainen	adjektiivi, substantiivi	741
kuusinkertainen	adjektiivi	741
yhtenevä	adjektiivi	740
samanarvoinen	adjektiivi	739
jouheva	adjektiivi	738
mielikuvituksellinen	adjektiivi	738
timanttinen	adjektiivi	736
hyödytön	adjektiivi	735
pysty	adjektiivi, substantiivi	734
samea	adjektiivi	734
valtaapitävä	adjektiivi, substantiivi	734
rangaistava	adjektiivi	733
tulkinnanvarainen	adjektiivi	732
eloton	adjektiivi	731
valkoihoinen	adjektiivi, substantiivi	731
siivekäs	adjektiivi, substantiivi	730
melankolinen	adjektiivi	729
yksivuotias	adjektiivi	728
harkittu	adjektiivi	726
etevä	adjektiivi	725
asianomainen	adjektiivi, substantiivi	724
levyinen	adjektiivi	724
epäluotettava	adjektiivi	722
puolisotilaallinen	adjektiivi	722
viisihenkinen	adjektiivi	720
hilpeä	adjektiivi	719
pronssinen	adjektiivi	719
relevantti	adjektiivi	719
luvanvarainen	adjektiivi	718
älyllinen	adjektiivi	715
rajoitettu	adjektiivi	714
lantto	adjektiivi	713
välinpitämätön	adjektiivi	711
huonolaatuinen	adjektiivi	710
mykkä	adjektiivi, substantiivi	709
käytännönläheinen	adjektiivi	708
manifesti	substantiivi, adjektiivi	708
hätäinen	adjektiivi	707
runollinen	adjektiivi	706
laktoositon	adjektiivi	705
maanpäällinen	adjektiivi	704
syyskuinen	adjektiivi	704
autoritaarinen	adjektiivi	703
kaksikymppinen	adjektiivi	703
vaivainen	adjektiivi, substantiivi	703
värillinen	adjektiivi, substantiivi	702
heppoinen	adjektiivi	701
huhtikuinen	adjektiivi	701
rivakka	adjektiivi	701
valtio-omisteinen	adjektiivi	701
avuton	adjektiivi	700
tietotekninen	adjektiivi	699
sovelias	adjektiivi	698
epätarkka	adjektiivi	697
lappalainen	adjektiivi, substantiivi	697
asevelvollinen	adjektiivi, substantiivi	696
tinkimätön	adjektiivi	696
tuottelias	adjektiivi	694
valovoimainen	adjektiivi	694
keisarillinen	adjektiivi	692
mätä	substantiivi, adjektiivi	690
lääkinnällinen	adjektiivi	689
rehti	adjektiivi	689
kovaotteinen	adjektiivi	688
kolmivuotias	adjektiivi	687
peruuttamaton	adjektiivi	687
kaksiminuuttinen	adjektiivi, substantiivi	686
tutkinnallinen	adjektiivi	686
irrallinen	adjektiivi	684
juotava	adjektiivi, substantiivi	684
pohjoisamerikkalainen	adjektiivi, substantiivi	684
puuskittainen	adjektiivi	684
lainsäädännöllinen	adjektiivi	681
kuuloinen	adjektiivi	680
murrosikäinen	adjektiivi	680
ihailtava	adjektiivi	679
korkealaatuinen	adjektiivi	679
rakentamaton	adjektiivi	678
samansuuruinen	adjektiivi	678
myrskyisä	adjektiivi	676
peloton	adjektiivi	676
skandinaavinen	adjektiivi	676
omatekoinen	adjektiivi	674
sievä	adjektiivi	674
vietävä	adjektiivi	673
dokumentaarinen	adjektiivi	672
kimurantti	adjektiivi	672
kuulumaton	adjektiivi	670
avonainen	adjektiivi	669
täysimääräinen	adjektiivi	669
etuoikeutettu	adjektiivi	667
yhdentekevä	adjektiivi	667
kosminen	adjektiivi	666
luultava	adjektiivi	666
lyhennysvapaa	substantiivi, adjektiivi	665
rämä	substantiivi, adjektiivi	665
kinkkinen	adjektiivi	664
lämminhenkinen	adjektiivi	663
taipuvainen	adjektiivi	663
tilastollinen	adjektiivi	663
monikäyttöinen	adjektiivi	662
punertava	adjektiivi	662
tarkoituksellinen	adjektiivi	662
makuinen	adjektiivi	661
sähkökäyttöinen	adjektiivi	661
määräävä	adjektiivi	658
välinen	adjektiivi	657
interaktiivinen	adjektiivi	656
merkitsevä	adjektiivi	656
karmaiseva	adjektiivi	655
omaleimainen	adjektiivi	655
ylisuuri	adjektiivi	655
aukea	adjektiivi, substantiivi	654
mielivaltainen	adjektiivi	654
progressiivinen	adjektiivi	654
samantyyppinen	adjektiivi	653
oikeaoppinen	adjektiivi	652
vikkelä	adjektiivi	651
ronski	adjektiivi	650
epätietoinen	adjektiivi	649
kovakuntoinen	adjektiivi	649
terapeuttinen	adjektiivi	649
vaaleahiuksinen	adjektiivi	649
saumaton	adjektiivi	648
sinikeltainen	adjektiivi	648
itseoppinut	adjektiivi	647
hallittu	adjektiivi	644
sivutoiminen	adjektiivi	644
tuttavallinen	adjektiivi	644
oikeuslääketieteellinen	adjektiivi	643
suvaitsevainen	adjektiivi	643
kelvoton	adjektiivi	642
uneton	adjektiivi	641
suhteeton	adjektiivi	640
mojova	adjektiivi	639
tulenarka	adjektiivi	639
uraauurtava	adjektiivi	639
ylellinen	adjektiivi	639
leikkisä	adjektiivi	638
yhdeksänvuotias	adjektiivi	638
kivikkoinen	adjektiivi	637
kotitekoinen	adjektiivi	637
vuolas	adjektiivi	637
ylitsepääsemätön	adjektiivi	637
buddhalainen	adjektiivi, substantiivi	636
neljävuotias	adjektiivi	636
oikeustieteellinen	adjektiivi	635
suurenmoinen	adjektiivi	635
nelikaistainen	adjektiivi	634
hillitön	adjektiivi	633
miinusmerkkinen	adjektiivi	633
sattumanvarainen	adjektiivi	633
anabolinen	adjektiivi	632
notkea	adjektiivi	632
republikaaninen	adjektiivi	632
runsasluminen	adjektiivi	632
viihteellinen	adjektiivi	632
byrokraattinen	adjektiivi	630
räjähdysmäinen	adjektiivi	629
tuima	adjektiivi	629
ihastuttava	adjektiivi	627
monivaiheinen	adjektiivi	627
urheiluhullu	adjektiivi, substantiivi	627
fanaattinen	adjektiivi	626
ruotsinsuomalainen	adjektiivi, substantiivi	626
vaikeakulkuinen	adjektiivi	626
tuommoinen	adjektiivi	625
railakas	adjektiivi	624
tietävä	adjektiivi	623
ranskankielinen	adjektiivi	622
aamuinen	adjektiivi	621
nurja	adjektiivi, substantiivi	621
hintava	adjektiivi	620
lohdullinen	adjektiivi	619
käänteinen	adjektiivi	618
malttamaton	adjektiivi	618
hetero	substantiivi, adjektiivi	617
sotkuinen	adjektiivi	617
vahvistamaton	adjektiivi	616
aamuvarhainen	adjektiivi, substantiivi	615
huomaamaton	adjektiivi	615
kulloinenkin	adjektiivi	615
satavuotinen	adjektiivi	615
teräksinen	adjektiivi	615
empaattinen	adjektiivi	614
puhuva	adjektiivi	614
sähkölämmitteinen	adjektiivi	612
aava	adjektiivi, substantiivi	611
myötämielinen	adjektiivi	611
erinäköinen	adjektiivi	610
piilevä	adjektiivi	610
epärehellinen	adjektiivi	608
ufo	substantiivi, adjektiivi	608
puhelias	adjektiivi	607
vilkasliikenteinen	adjektiivi	607
täkäläinen	adjektiivi, substantiivi	606
uhkarohkea	adjektiivi	606
nörtti	substantiivi, adjektiivi	605
itseohjautuva	adjektiivi	604
kymmenvuotinen	adjektiivi	604
mannertenvälinen	adjektiivi	604
työntäyteinen	adjektiivi	603
epäileväinen	adjektiivi	602
mehevä	adjektiivi	602
eläkeikäinen	adjektiivi	601
iskevä	adjektiivi	601
riskitön	adjektiivi	600
viisipäiväinen	adjektiivi	600
motorinen	adjektiivi	599
varomaton	adjektiivi	599
epäsuosittu	adjektiivi	598
pahannäköinen	adjektiivi	598
inha	adjektiivi	597
mäkinen	adjektiivi	597
toimeton	adjektiivi	597
hyvännäköinen	adjektiivi	596
riitainen	adjektiivi	596
sisällöllinen	adjektiivi	596
huokea	adjektiivi	595
melodinen	adjektiivi	595
muukalainen	substantiivi, adjektiivi	595
objektiivinen	adjektiivi	595
hyväntahtoinen	adjektiivi	594
kiero	adjektiivi	592
mutkainen	adjektiivi	592
vapaamuotoinen	adjektiivi	592
kykenevä	adjektiivi	591
vapaarahoitteinen	adjektiivi	591
vahingoittumaton	adjektiivi	590
helppokäyttöinen	adjektiivi	589
seitsenkertainen	adjektiivi	589
yläpuolinen	adjektiivi	589
stereotyyppinen	adjektiivi	588
ymmärtäväinen	adjektiivi	588
hienovarainen	adjektiivi	587
eläinperäinen	adjektiivi	586
hurmaava	adjektiivi	585
luokaton	adjektiivi	583
analyyttinen	adjektiivi	582
lestadiolainen	adjektiivi, substantiivi	581
skeptinen	adjektiivi	580
kuulovammainen	adjektiivi, substantiivi	579
tapauskohtainen	adjektiivi	579
pienipalkkainen	adjektiivi	578
ruostumaton	adjektiivi	578
musikaalinen	adjektiivi	577
sähköavusteinen	adjektiivi	576
tosiasiallinen	adjektiivi	576
seitsemänvuotias	adjektiivi	575
uskovainen	adjektiivi, substantiivi	575
ohimenevä	adjektiivi	574
häikäilemätön	adjektiivi	573
lyhytnäköinen	adjektiivi	573
suonensisäinen	adjektiivi	573
runsaslukuinen	adjektiivi	570
saksankielinen	adjektiivi	568
vähäosainen	adjektiivi, substantiivi	568
islaminuskoinen	substantiivi, adjektiivi	567
suosiollinen	adjektiivi	567
lojaali	adjektiivi	566
lapsiystävällinen	adjektiivi	565
rasvaton	adjektiivi	565
kertaluontoinen	adjektiivi	564
hormonaalinen	adjektiivi	561
jännitteinen	adjektiivi	561
kalteva	adjektiivi	561
epäedullinen	adjektiivi	560
seesteinen	adjektiivi	560
täysipäiväinen	adjektiivi	560
käsittelemätön	adjektiivi	558
maakohtainen	adjektiivi	557
korea	adjektiivi	556
samannäköinen	adjektiivi	556
sohjoinen	adjektiivi	556
sydämellinen	adjektiivi	556
puolivuotias	adjektiivi	555
sinimusta	adjektiivi	554
ympäripyöreä	adjektiivi	554
vajavainen	adjektiivi	553
lepsu	adjektiivi	552
tilava	adjektiivi	552
apea	adjektiivi	551
epäpätevä	adjektiivi	551
osatyökykyinen	adjektiivi, substantiivi	551
kolmihenkinen	adjektiivi	550
moniulotteinen	adjektiivi	550
kauko-ohjattava	adjektiivi	549
rinnakkainen	adjektiivi	549
sähäkkä	adjektiivi	548
raivokas	adjektiivi	546
torso	substantiivi, adjektiivi	546
vahvuinen	adjektiivi	546
ehyt	adjektiivi	545
kalevalainen	adjektiivi	545
rujo	adjektiivi	545
rakastavainen	substantiivi, adjektiivi	544
sekasortoinen	adjektiivi	543
maalainen	substantiivi, adjektiivi	539
rauhaton	adjektiivi	539
ajallinen	adjektiivi	538
mittaamaton	adjektiivi	538
mutainen	adjektiivi	538
oikea-aikainen	adjektiivi	538
psykedeelinen	adjektiivi	537
surrealistinen	adjektiivi	535
tavoittamaton	adjektiivi	535
vaimea	adjektiivi	535
yhtäaikainen	adjektiivi	535
iltahämärä	substantiivi, adjektiivi	534
kivuton	adjektiivi	534
nautinnollinen	adjektiivi	534
hutera	adjektiivi	533
omaelämäkerrallinen	adjektiivi	533
materiaalinen	adjektiivi	532
nationalistinen	adjektiivi	532
vankkumaton	adjektiivi	532
esihistoriallinen	adjektiivi	531
laho	adjektiivi, substantiivi	531
saudiarabialainen	adjektiivi, substantiivi	531
sinfoninen	adjektiivi	531
äänetön	adjektiivi	531
määrittelemätön	adjektiivi	530
lennokas	adjektiivi	529
autoritäärinen	adjektiivi	528
syntinen	adjektiivi, substantiivi	528
suojaamaton	adjektiivi	527
loistelias	adjektiivi	526
lähtemätön	adjektiivi	526
eriasteinen	adjektiivi	524
katalonialainen	adjektiivi, substantiivi	524
täysipainoinen	adjektiivi	524
valinnainen	adjektiivi	524
kuuluva	adjektiivi	523
seksistinen	adjektiivi	523
valtiojohtoinen	adjektiivi	523
fysiologinen	adjektiivi	522
maisemallinen	adjektiivi	521
aloitteellinen	adjektiivi	520
vinha	adjektiivi	520
vääjäämätön	adjektiivi	520
ikioma	adjektiivi	519
alinen	adjektiivi	518
ekstra	adjektiivi	518
kaareva	adjektiivi	518
ratkaisematon	adjektiivi	518
autuas	adjektiivi, substantiivi	517
porvarillinen	adjektiivi	516
harvalukuinen	adjektiivi	515
kosmeettinen	adjektiivi	515
maailmanpoliittinen	adjektiivi	515
merenalainen	adjektiivi	515
militantti	adjektiivi	515
uskova	adjektiivi, substantiivi	515
äkkinäinen	adjektiivi	514
saarinen	adjektiivi	513
yhtäjaksoinen	adjektiivi	513
ponteva	adjektiivi	512
työkykyinen	adjektiivi, substantiivi	512
aatteellinen	adjektiivi	511
häilyvä	adjektiivi	511
parantumaton	adjektiivi	510
pitelemätön	adjektiivi	510
vaivalloinen	adjektiivi	510
velaton	adjektiivi	510
hanakka	adjektiivi	509
itämainen	adjektiivi	509
karoliininen	adjektiivi	509
toissijainen	adjektiivi	509
sysimusta	adjektiivi	508
rosoinen	adjektiivi	507
sureva	adjektiivi	507
pöljä	adjektiivi, substantiivi	506
tuuhea	adjektiivi	506
kaksivaiheinen	adjektiivi	505
luisu	adjektiivi, substantiivi	505
maskuliininen	adjektiivi	505
neuvokas	adjektiivi	505
päihderiippuvainen	substantiivi, adjektiivi	505
kuriton	adjektiivi	504
siivo	adjektiivi, substantiivi	503
jättiläismäinen	adjektiivi	502
naisellinen	adjektiivi	502
optinen	adjektiivi	502
kyvykäs	adjektiivi	501
autistinen	adjektiivi	500
syntyperäinen	adjektiivi, substantiivi	499
elämyksellinen	adjektiivi	498
rajoittamaton	adjektiivi	498
ylevä	adjektiivi	498
ala-arvoinen	adjektiivi	496
emotionaalinen	adjektiivi	496
harkitsematon	adjektiivi	495
homoseksuaalinen	adjektiivi	495
karhea	adjektiivi	495
masentunut	adjektiivi	495
navakka	adjektiivi	495
epidemiologinen	adjektiivi	494
kuoppainen	adjektiivi	494
myrskyinen	adjektiivi	493
epäsopiva	adjektiivi	492
pikkanen	adjektiivi	491
taideteollinen	adjektiivi	491
viisikerroksinen	adjektiivi	491
yksikerroksinen	adjektiivi	491
harmoninen	adjektiivi	490
kymmenminuuttinen	adjektiivi, substantiivi	490
ryhdikäs	adjektiivi	490
suorapuheinen	adjektiivi	490
pohjaton	adjektiivi	489
flunssainen	adjektiivi	488
piittaamaton	adjektiivi	488
synkeä	adjektiivi	488
täyteläinen	adjektiivi	488
amerikansuomalainen	substantiivi, adjektiivi	486
arkaluonteinen	adjektiivi	486
maanläheinen	adjektiivi	485
roisi	adjektiivi	485
analoginen	adjektiivi	484
epänormaali	adjektiivi	483
tolkuton	adjektiivi	483
asteittainen	adjektiivi	482
epäterve	adjektiivi	482
kullanarvoinen	adjektiivi	481
moraaliton	adjektiivi	481
sumea	adjektiivi	481
alatyylinen	adjektiivi	480
juoppo	substantiivi, adjektiivi	480
tarkkaavainen	adjektiivi	480
monitahoinen	adjektiivi	479
naisvaltainen	adjektiivi	479
itseoikeutettu	adjektiivi	478
nelikerroksinen	adjektiivi	478
raivoisa	adjektiivi	478
toimeentuleva	adjektiivi	478
tasavahva	adjektiivi	477
hyväosainen	adjektiivi, substantiivi	474
mustaihoinen	adjektiivi, substantiivi	474
hysteerinen	adjektiivi	473
itkuinen	adjektiivi	473
kuolematon	adjektiivi	473
tukkoinen	adjektiivi	473
kaamea	adjektiivi	472
keskivaikea	adjektiivi	472
kodinomainen	adjektiivi	472
koulukiusattu	adjektiivi, substantiivi	472
oikeansuuntainen	adjektiivi	472
vastenmielinen	adjektiivi	472
kellertävä	adjektiivi	471
kuumeinen	adjektiivi	471
rationaalinen	adjektiivi	471
väkirikas	adjektiivi	471
ylipitkä	adjektiivi	471
ontto	adjektiivi	470
ilmava	adjektiivi	469
introvertti	adjektiivi	469
maksukyvytön	adjektiivi	469
vastustamaton	adjektiivi	469
hirsinen	adjektiivi	467
pölyinen	adjektiivi	467
takkuinen	adjektiivi	467
selkokielinen	adjektiivi	466
harkitseva	adjektiivi	465
inarinsaamelainen	substantiivi, adjektiivi	465
moniääninen	adjektiivi	465
ytimekäs	adjektiivi	465
kirjoittamaton	adjektiivi	464
satiirinen	adjektiivi	463
veltto	adjektiivi	463
vuorovaikutteinen	adjektiivi	463
oikukas	adjektiivi	462
punavalkoinen	adjektiivi	462
kaksipyöräinen	adjektiivi, substantiivi	461
monenkirjava	adjektiivi	461
vapaamielinen	adjektiivi, substantiivi	461
oikeanpuoleinen	adjektiivi	460
yöaikainen	adjektiivi	460
elinkelpoinen	adjektiivi	459
kihlattu	adjektiivi, substantiivi	458
räiskyvä	adjektiivi	457
veronalainen	adjektiivi*, substantiivi	457
jyty	substantiivi, adjektiivi	456
varaton	adjektiivi, substantiivi	454
kompakti	adjektiivi	453
puolueellinen	adjektiivi	453
tuloksellinen	adjektiivi	453
tuhatpäinen	adjektiivi	452
jonkinmoinen	adjektiivi	451
kansanterveydellinen	adjektiivi	451
nautittava	adjektiivi	451
nopeatempoinen	adjektiivi	451
ventovieras	adjektiivi, substantiivi	450
vaiherikas	adjektiivi	449
vierekkäinen	adjektiivi	449
boheemi	substantiivi, adjektiivi	448
tšekkiläinen	adjektiivi, substantiivi	448
vihertävä	adjektiivi	448
kirpeä	adjektiivi	447
kuolettava	adjektiivi	447
lavea	adjektiivi	445
räjähdysherkkä	adjektiivi	445
sanavalmis	adjektiivi	445
staattinen	adjektiivi	445
eritasoinen	adjektiivi	444
silmitön	adjektiivi	444
taianomainen	adjektiivi	444
humaani	adjektiivi	443
päätön	adjektiivi, substantiivi	443
sopuisa	adjektiivi	443
letkeä	adjektiivi	442
aamuhämärä	substantiivi, adjektiivi	441
nimellinen	adjektiivi	441
vähäpätöinen	adjektiivi	441
kaunokirjallinen	adjektiivi	440
kuparinen	adjektiivi, substantiivi	440
puolittainen	adjektiivi	440
uudenaikainen	adjektiivi	440
ennakoimaton	adjektiivi	439
mestarillinen	adjektiivi	439
rasisminvastainen	adjektiivi	439
ruosteinen	adjektiivi	439
sinisilmäinen	adjektiivi	439
viimekesäinen	adjektiivi	439
huono-osainen	adjektiivi, substantiivi	438
uudistusmielinen	adjektiivi	437
jonkinnäköinen	adjektiivi	436
kihara	substantiivi, adjektiivi	436
laadullinen	adjektiivi	436
puolikuntoinen	adjektiivi	436
vuoristoinen	adjektiivi	435
puolituntinen	substantiivi, adjektiivi	433
inkeriläinen	adjektiivi, substantiivi	432
kotoperäinen	adjektiivi	432
avulias	adjektiivi	431
samantasoinen	adjektiivi	431
tapahtumarikas	adjektiivi	431
valloittava	adjektiivi	431
pitkäkyntinen	adjektiivi, substantiivi	430
suorasukainen	adjektiivi	430
äkkijyrkkä	adjektiivi	430
antelias	adjektiivi	429
hyvätasoinen	adjektiivi	429
normaalipainoinen	adjektiivi	429
kahdenkeskinen	adjektiivi	428
äkäinen	adjektiivi	428
ainainen	adjektiivi	427
huumorintajuinen	adjektiivi	427
hädänalainen	adjektiivi	427
minimalistinen	adjektiivi	427
tuonpuoleinen	adjektiivi, substantiivi	427
väritön	adjektiivi	427
ikivihreä	adjektiivi, substantiivi	426
puolustuskyvytön	adjektiivi	426
totuudenmukainen	adjektiivi	426
kunniakas	adjektiivi	425
kärsimätön	adjektiivi	425
uskalias	adjektiivi	425
puoluepoliittinen	adjektiivi	424
suorasanainen	adjektiivi	424
muistettava	adjektiivi	423
satapäinen	adjektiivi	423
kuolemaantuomittu	adjektiivi, substantiivi	422
ekumeeninen	adjektiivi	421
lysti	substantiivi, adjektiivi	421
monisyinen	adjektiivi	421
jonkunlainen	adjektiivi	420
tanakka	adjektiivi	420
epäuskottava	adjektiivi	419
kasvoton	adjektiivi	419
markkinaehtoinen	adjektiivi	419
repaleinen	adjektiivi	419
retro	adjektiivi, substantiivi	419
epäurheilijamainen	adjektiivi	418
pörröinen	adjektiivi	418
tiedostamaton	adjektiivi	418
tuhma	adjektiivi, substantiivi	417
aerobinen	adjektiivi	416
savinen	adjektiivi	416
kaupunkimainen	adjektiivi	415
rutikuiva	adjektiivi	415
upporikas	adjektiivi	415
elokuvallinen	adjektiivi	414
kyyttö	substantiivi, adjektiivi	414
epäkunnioittava	adjektiivi	413
litteä	adjektiivi	413
länsiafrikkalainen	adjektiivi, substantiivi	413
uhmakas	adjektiivi	413
avokätinen	adjektiivi	410
sokko	substantiivi, adjektiivi	410
puolustuspoliittinen	adjektiivi	409
polo	adjektiivi	408
eteläamerikkalainen	adjektiivi, substantiivi	407
kaakkoinen	adjektiivi, substantiivi	407
tekemätön	adjektiivi	407
epäluuloinen	adjektiivi	406
yksioikoinen	adjektiivi	406
hiekkainen	adjektiivi	405
kuusikerroksinen	adjektiivi	405
mehukas	adjektiivi	405
rapea	adjektiivi	405
sisäänrakennettu	adjektiivi	405
verbaalinen	adjektiivi	405
kansantaloudellinen	adjektiivi	404
kolmevuotias	adjektiivi, substantiivi	404
irtain	adjektiivi	403
käyttövalmis	adjektiivi	403
perinpohjainen	adjektiivi	403
vasenkätinen	adjektiivi, substantiivi	403
verovelvollinen	adjektiivi, substantiivi	403
koskinen	adjektiivi	402
kuulas	adjektiivi, substantiivi	402
lumoava	adjektiivi	402
maaseutumainen	adjektiivi	402
viheliäinen	adjektiivi	402
voimallinen	adjektiivi	402
yleishyödyllinen	adjektiivi	402
jäljetön	adjektiivi	401
kivenkova	adjektiivi	401
lämminverinen	adjektiivi, substantiivi	401
pikkutarkka	adjektiivi	401
tunkkainen	adjektiivi	401
hajuton	adjektiivi	400
immuuni	adjektiivi	400
miehekäs	adjektiivi	400
must	adjektiivi, substantiivi	400
kutsumaton	adjektiivi	399
sijoittamaton	adjektiivi	399
utopistinen	adjektiivi	399
pullea	adjektiivi	398
lila	substantiivi, adjektiivi	397
salamyhkäinen	adjektiivi	397
työkyvytön	adjektiivi, substantiivi	396
väkivahva	adjektiivi	396
keraaminen	adjektiivi	395
perustavanlaatuinen	adjektiivi	395
posketon	adjektiivi, substantiivi	395
tiibetiläinen	adjektiivi, substantiivi	395
nurinkurinen	adjektiivi	394
futuristinen	adjektiivi	393
kalpea	adjektiivi	392
tarunhohtoinen	adjektiivi	392
kuulu	adjektiivi	391
lyyrinen	adjektiivi	391
tulisielu	substantiivi, adjektiivi	391
säälittävä	adjektiivi	390
vähäsanainen	adjektiivi	390
jokakesäinen	adjektiivi	389
pohjoissuomalainen	adjektiivi, substantiivi	389
rautakautinen	adjektiivi	389
monenmoinen	adjektiivi	388
mustasukkainen	adjektiivi	388
syömäkelpoinen	adjektiivi	388
naimaton	adjektiivi	387
nimenomainen	adjektiivi	387
lihaksikas	adjektiivi	386
neuvoton	adjektiivi	386
pyyteetön	adjektiivi	386
eheä	adjektiivi	385
irtonainen	adjektiivi	385
klassillinen	adjektiivi	385
yhdenlainen	adjektiivi	385
yhteispohjoismainen	adjektiivi	385
homeinen	adjektiivi	384
määrätty	adjektiivi	384
selvittämätön	adjektiivi	384
tasalaatuinen	adjektiivi	382
asiaankuuluva	adjektiivi	381
rouhea	adjektiivi	381
vähäsateinen	adjektiivi	381
burleski	adjektiivi, substantiivi	380
tunnusomainen	adjektiivi	380
vasuri	adjektiivi, substantiivi	380
kaksituntinen	adjektiivi, substantiivi	379
kolkko	adjektiivi	379
loistokas	adjektiivi	379
ylikansallinen	adjektiivi	379
kielitaitoinen	adjektiivi	378
aavemainen	adjektiivi	377
anarkistinen	adjektiivi	377
monipolvinen	adjektiivi	377
näkemätön	adjektiivi	377
provokatiivinen	adjektiivi	377
sekarotuinen	adjektiivi	377
soukka	adjektiivi	377
huomionarvoinen	adjektiivi	376
kallisarvoinen	adjektiivi	376
nelijalkainen	adjektiivi, substantiivi	376
retorinen	adjektiivi	376
yksisarvinen	adjektiivi, substantiivi	376
ensiluokkainen	adjektiivi	375
nuiva	adjektiivi	375
korrekti	adjektiivi	374
kotikutoinen	adjektiivi	374
huonovointinen	adjektiivi	373
leimallinen	adjektiivi	373
teologinen	adjektiivi	373
vedenpitävä	adjektiivi	373
vetelä	adjektiivi, substantiivi	373
ihmeteltävä	adjektiivi	372
maaliahne	adjektiivi	372
alentava	adjektiivi	371
kouluttamaton	adjektiivi	371
määrällinen	adjektiivi	371
impulsiivinen	adjektiivi	370
vastahakoinen	adjektiivi	370
pirullinen	adjektiivi	369
pystysuora	adjektiivi	368
roosa	adjektiivi	368
tympeä	adjektiivi	368
sinipaita	substantiivi, adjektiivi	367
vartioimaton	adjektiivi	367
itsepäinen	adjektiivi	366
kasvipohjainen	adjektiivi	366
prosenttinen	adjektiivi	366
puolityhjä	adjektiivi	366
päämäärätietoinen	adjektiivi	365
vähäliikenteinen	adjektiivi	365
cool	adjektiivi	364
samanhenkinen	adjektiivi	364
vakavarainen	adjektiivi	364
tosipohjainen	adjektiivi	363
ultrakevyt	adjektiivi	363
vaikeavammainen	adjektiivi, substantiivi	363
epäkäytännöllinen	adjektiivi	362
jakamaton	adjektiivi	362
kiloinen	adjektiivi	362
kuusihenkinen	adjektiivi	362
ahdistunut	adjektiivi	361
kärjekäs	adjektiivi	361
rakettimainen	adjektiivi	361
hävytön	adjektiivi, substantiivi	360
kiintoisa	adjektiivi	360
kovapalkkainen	adjektiivi	360
makoisa	adjektiivi	360
vaaleansininen	adjektiivi	360
alkukantainen	adjektiivi	359
elegantti	adjektiivi	359
irvokas	adjektiivi	359
maaliskuinen	adjektiivi	359
suojainen	adjektiivi*	359
ylenpalttinen	adjektiivi	359
erottamaton	adjektiivi	358
fasistinen	adjektiivi	358
helppohoitoinen	adjektiivi	358
kierteinen	adjektiivi	358
monikielinen	adjektiivi	358
latinankielinen	adjektiivi	357
mallikas	adjektiivi	357
matta	adjektiivi	357
rivo	adjektiivi, substantiivi	357
herttainen	adjektiivi	355
luonnoton	adjektiivi	355
nuuka	adjektiivi	355
riidaton	adjektiivi	355
vanhakantainen	adjektiivi	355
hermostunut	adjektiivi	354
sovitteleva	adjektiivi	354
surumielinen	adjektiivi	354
kuultava	adjektiivi*	353
kylmäverinen	adjektiivi	353
mainittava	adjektiivi	353
sairaalloinen	adjektiivi	353
muunsukupuolinen	adjektiivi	351
poikkitaiteellinen	adjektiivi	351
samanmielinen	adjektiivi	351
vaikeaselkoinen	adjektiivi	351
yhtäkkinen	adjektiivi	351
kansanomainen	adjektiivi	350
katkeamaton	adjektiivi	349
vaihdettava	adjektiivi	349
väärti	adjektiivi	349
periksiantamaton	adjektiivi	348
savuinen	adjektiivi	348
väkivallaton	adjektiivi	348
yömyöhä	substantiivi, adjektiivi	348
kylmäpäinen	adjektiivi	347
matalapalkkainen	adjektiivi	347
jääkylmä	adjektiivi	346
karinen	adjektiivi	345
pistävä	adjektiivi	345
sodanvastainen	adjektiivi	345
tyylipuhdas	adjektiivi	345
haalea	adjektiivi	344
kulttuurillinen	adjektiivi	344
luonnonläheinen	adjektiivi	344
nuorimmainen	adjektiivi, substantiivi	344
sukupuolinen	adjektiivi	344
katteeton	adjektiivi	342
kiekoton	adjektiivi	342
todenmukainen	adjektiivi	341
stereo	substantiivi, adjektiivi	340
luotettu	adjektiivi, substantiivi	339
neandertalilainen	substantiivi, adjektiivi	339
tarmokas	adjektiivi	339
varaukseton	adjektiivi	339
väsy	substantiivi, adjektiivi	339
vähäpukeinen	adjektiivi	338
hampaaton	adjektiivi	337
itäeurooppalainen	adjektiivi, substantiivi	337
kuurosokea	adjektiivi, substantiivi	337
eteerinen	adjektiivi	336
moitteeton	adjektiivi	336
toimelias	adjektiivi	336
epätäydellinen	adjektiivi	335
kahdeksankertainen	adjektiivi	335
sähkömagneettinen	adjektiivi	335
heikkolaatuinen	adjektiivi	334
kykenemätön	adjektiivi	334
salonkikelpoinen	adjektiivi	334
gynekologinen	adjektiivi	333
luiska	substantiivi, adjektiivi	333
äskettäinen	adjektiivi	333
laajapohjainen	adjektiivi	332
itsevaltias	substantiivi, adjektiivi	331
slaavilainen	adjektiivi, substantiivi	331
hienostunut	adjektiivi	330
metabolinen	adjektiivi	330
juopunut	adjektiivi, substantiivi	329
kunnioittava	adjektiivi	329
syöpäsairas	adjektiivi, substantiivi	329
anteeksiantamaton	adjektiivi	328
heiveröinen	adjektiivi	327
laatikollinen	adjektiivi, substantiivi	327
luonnonkaunis	adjektiivi	327
täysikasvuinen	adjektiivi, substantiivi	327
itsellinen	substantiivi, adjektiivi	326
itäsaksalainen	adjektiivi, substantiivi	326
johdannainen	substantiivi, adjektiivi	326
kodikas	adjektiivi	326
pilvetön	adjektiivi	326
satavarma	adjektiivi	326
vehmas	adjektiivi	326
kärkevä	adjektiivi	325
niukkasanainen	adjektiivi	325
perusmuotoinen	adjektiivi	325
raskauttava	adjektiivi	325
salakavala	adjektiivi	324
kukkura	substantiivi, adjektiivi	323
lakea	adjektiivi	322
psykoottinen	adjektiivi	322
aatelinen	adjektiivi, substantiivi	321
skarppi	adjektiivi	321
institutionaalinen	adjektiivi	319
kuusivuotinen	adjektiivi	319
monikerroksinen	adjektiivi	319
tasapaksu	adjektiivi	319
piinallinen	adjektiivi	318
sankarillinen	adjektiivi	318
traumaperäinen	adjektiivi	318
alitajuinen	adjektiivi	317
ehtymätön	adjektiivi	317
syvyinen	adjektiivi	317
verollinen	adjektiivi	317
myrkytön	adjektiivi	316
toimivaltainen	adjektiivi	315
vieno	adjektiivi	315
ajattelematon	adjektiivi	314
harvinaislaatuinen	adjektiivi	314
kaikkiruokainen	adjektiivi	314
magneettinen	adjektiivi	314
yritteliäs	adjektiivi	314
kuusinumeroinen	adjektiivi	313
maaninen	adjektiivi	313
neitseellinen	adjektiivi	313
biometrinen	adjektiivi	312
pidättyväinen	adjektiivi	312
kunniallinen	adjektiivi	311
meditatiivinen	adjektiivi	311
pohjoispohjalainen	adjektiivi, substantiivi	311
stabiili	adjektiivi	311
unenomainen	adjektiivi	311
viiksekäs	adjektiivi	310
ehompi	adjektiivi	309
kulmikas	adjektiivi	308
mikroskooppinen	adjektiivi	308
huurteinen	adjektiivi, substantiivi	307
nimeämätön	adjektiivi	307
taattu	adjektiivi	307
toimintakuntoinen	adjektiivi	307
aulis	adjektiivi	306
henkeäsalpaava	adjektiivi	306
ilmeikäs	adjektiivi	306
iskukykyinen	adjektiivi	306
ratkaisukeskeinen	adjektiivi	306
rutiköyhä	adjektiivi	306
sokkeloinen	adjektiivi	306
arabialainen	adjektiivi, substantiivi	305
kaksinen	adjektiivi	305
ravinteikas	adjektiivi	305
epäsiisti	adjektiivi	304
raskaudenaikainen	adjektiivi	304
riipaiseva	adjektiivi	304
alituinen	adjektiivi	303
hullunkurinen	adjektiivi	303
kaavamainen	adjektiivi	303
meluisa	adjektiivi	303
sinertävä	adjektiivi	303
suojaisa	adjektiivi	303
tiilinen	adjektiivi	303
sielukas	adjektiivi	302
fysikaalinen	adjektiivi	301
väsymätön	adjektiivi	301
alakohtainen	adjektiivi	300
liikkumaton	adjektiivi	300
monitulkintainen	adjektiivi	300
vastikkeellinen	adjektiivi	300
täyspitkä	adjektiivi	299
janoinen	adjektiivi	298
liikuntavammainen	adjektiivi, substantiivi	298
narsistinen	adjektiivi	298
raidallinen	adjektiivi	298
temperamenttinen	adjektiivi	298
beige	adjektiivi	297
peliriippuvainen	substantiivi, adjektiivi	297
sotaisa	adjektiivi	297
yhdensuuntainen	adjektiivi	297
päättymätön	adjektiivi	296
seuraavanlainen	adjektiivi	296
uusvanha	adjektiivi	296
korni	adjektiivi	295
parivuotias	adjektiivi	295
seremoniallinen	adjektiivi	295
tarkkasilmäinen	adjektiivi	295
edustuksellinen	adjektiivi	294
satakiloinen	adjektiivi	294
sievoinen	adjektiivi	294
syntymätön	adjektiivi	294
alamittainen	adjektiivi	293
puhtoinen	adjektiivi	293
soma	adjektiivi	293
sukukypsä	adjektiivi	293
etummainen	adjektiivi	292
normaalivartaloinen	adjektiivi	292
lainsuojaton	adjektiivi, substantiivi	291
tehoinen	adjektiivi	291
aneeminen	adjektiivi	290
katala	adjektiivi	290
kevytrakenteinen	adjektiivi	290
kroatialainen	adjektiivi, substantiivi	290
rytmikäs	adjektiivi	289
verraton	adjektiivi	289
ylväs	adjektiivi	289
asiakaslähtöinen	adjektiivi	288
atooppinen	adjektiivi	288
koruton	adjektiivi	288
katsastamaton	adjektiivi	287
liiketaloudellinen	adjektiivi	287
tuuleton	adjektiivi	287
kysyvä	adjektiivi	286
säkenöivä	adjektiivi	286
viimeöinen	adjektiivi	286
kaksipiippuinen	adjektiivi	285
rahaton	adjektiivi	285
öljyinen	adjektiivi	285
hygieeninen	adjektiivi	284
kyvytön	adjektiivi	284
pureva	adjektiivi	284
seisova	adjektiivi	284
tekopyhä	adjektiivi	284
umpisurkea	adjektiivi	284
vasemmanpuoleinen	adjektiivi	284
epädemokraattinen	adjektiivi	283
länsimielinen	adjektiivi	283
yksinvaltias	substantiivi, adjektiivi	283
yksitoikkoinen	adjektiivi	283
myötätuntoinen	adjektiivi	282
omapäinen	adjektiivi	282
uiva	adjektiivi	281
veikeä	adjektiivi	281
villainen	adjektiivi	281
äärivasemmistolainen	adjektiivi, substantiivi	281
huumeriippuvainen	substantiivi, adjektiivi	280
poppa	substantiivi, adjektiivi	280
vastentahtoinen	adjektiivi	280
ennakkoluuloinen	adjektiivi	279
joutilas	adjektiivi	279
jääräpäinen	adjektiivi	279
vähärasvainen	adjektiivi	279
yhteenlaskettu	adjektiivi	279
espanjankielinen	adjektiivi	278
lajityypillinen	adjektiivi	278
summittainen	adjektiivi	278
vastapäinen	adjektiivi	278
soinen	adjektiivi	277
verrannollinen	adjektiivi	277
jähmeä	adjektiivi	276
kirkasvetinen	adjektiivi	276
kumara	adjektiivi	276
nahkainen	adjektiivi	276
pakonomainen	adjektiivi	276
yhdeksänkertainen	adjektiivi	276
askeettinen	adjektiivi	275
harhainen	adjektiivi	275
jytky	substantiivi, adjektiivi	275
leikki-ikäinen	adjektiivi	275
pohjimmainen	adjektiivi	275
roskainen	adjektiivi	275
täysivaltainen	adjektiivi	275
juonikas	adjektiivi	274
ajanmukainen	adjektiivi	273
rakennustekninen	adjektiivi	273
surkuhupaisa	adjektiivi	273
eläinlääketieteellinen	adjektiivi	272
häävi	adjektiivi	272
matkailullinen	adjektiivi	272
paidaton	adjektiivi, substantiivi	272
tummasävyinen	adjektiivi	272
täyteinen	adjektiivi	272
vainoharhainen	adjektiivi	272
perisuomalainen	adjektiivi	271
tottumaton	adjektiivi	271
elitistinen	adjektiivi	270
eripituinen	adjektiivi	270
hypnoottinen	adjektiivi	270
sarkastinen	adjektiivi	270
yleissivistävä	adjektiivi	270
eripurainen	adjektiivi	269
pahanlaatuinen	adjektiivi	269
pelonsekainen	adjektiivi	269
reaalinen	adjektiivi	269
steriili	adjektiivi	269
vaiheikas	adjektiivi	269
visainen	adjektiivi	269
hyvänen	adjektiivi	268
kertakaikkinen	adjektiivi	268
katkonainen	adjektiivi	267
limainen	adjektiivi	267
raflaava	adjektiivi	267
sarvipää	adjektiivi, substantiivi	267
suurinumeroinen	adjektiivi	267
utuinen	adjektiivi	267
itsekeskeinen	adjektiivi	266
toimintakyvytön	adjektiivi	266
uuttera	adjektiivi	266
yltiöpäinen	adjektiivi	266
epämieluisa	adjektiivi	265
kaksineuvoinen	adjektiivi	265
vastikkeeton	adjektiivi	265
häijy	adjektiivi	264
karski	adjektiivi	264
kasviperäinen	adjektiivi	264
kullanvärinen	adjektiivi	264
opettava	adjektiivi	264
pariton	adjektiivi	264
soikea	adjektiivi	264
väkinäinen	adjektiivi	264
painokas	adjektiivi	263
afganistanilainen	substantiivi, adjektiivi	262
loskainen	adjektiivi	262
suojaton	adjektiivi	262
tulehduksellinen	adjektiivi	262
unelias	adjektiivi	262
ärhäkäs	adjektiivi	262
hempeä	adjektiivi, substantiivi	261
hierarkkinen	adjektiivi	261
kavala	adjektiivi	261
pulska	adjektiivi	261
hyväuskoinen	adjektiivi	260
kokopitkä	adjektiivi	260
kurainen	adjektiivi	260
paradoksaalinen	adjektiivi	260
pähkähullu	adjektiivi	260
rauhaisa	adjektiivi	260
aluepoliittinen	adjektiivi	259
tupsukorva	substantiivi, adjektiivi	259
tökerö	adjektiivi	259
epäolennainen	adjektiivi	258
maalinen	adjektiivi	258
tunnepitoinen	adjektiivi	258
lyhytikäinen	adjektiivi	257
puolivuotinen	adjektiivi	257
raavas	adjektiivi, substantiivi	257
tasavaltalainen	adjektiivi, substantiivi	257
turhanpäiväinen	adjektiivi	257
töykeä	adjektiivi	257
hohdokas	adjektiivi	256
lääkkeellinen	adjektiivi	256
varauksellinen	adjektiivi	256
hyväpalkkainen	adjektiivi	255
pahaenteinen	adjektiivi	255
rahanarvoinen	adjektiivi	255
viisiminuuttinen	adjektiivi, substantiivi	255
ikinuori	adjektiivi	254
ohikiitävä	adjektiivi	254
oma-aloitteinen	adjektiivi	254
omannäköinen	adjektiivi	254
raukkamainen	adjektiivi	254
siipirikkoinen	adjektiivi	254
texasilainen	adjektiivi, substantiivi	254
jäyhä	adjektiivi	253
ylhäinen	adjektiivi, substantiivi	253
esikouluikäinen	adjektiivi	252
evankelinen	adjektiivi	252
lattea	adjektiivi	252
muuttovalmis	adjektiivi	252
yliampuva	adjektiivi	252
tarkoitushakuinen	adjektiivi	251
räävitön	adjektiivi, substantiivi	250
saavuttamaton	adjektiivi	250
sävyinen	adjektiivi	250
vakavailmeinen	adjektiivi	250
aamuvirkku	adjektiivi	249
kasvatuksellinen	adjektiivi	249
kreisi	adjektiivi	249
ohjattava	adjektiivi	249
primitiivinen	adjektiivi	249
pystykorva	substantiivi, adjektiivi	249
arkkitehtoninen	adjektiivi	248
eteläeurooppalainen	adjektiivi, substantiivi	248
imelä	adjektiivi	248
järjellinen	adjektiivi	248
lakoninen	adjektiivi	248
notko	substantiivi, adjektiivi	248
piukka	adjektiivi	248
postuumi	adjektiivi	248
seisminen	adjektiivi	248
tekevä	adjektiivi	248
yksinvaltainen	adjektiivi	248
eläimellinen	adjektiivi	247
huippujännittävä	adjektiivi	247
jumalainen	adjektiivi	247
kelpoinen	adjektiivi	247
kumulatiivinen	adjektiivi	247
jämerä	adjektiivi	246
tragikoominen	adjektiivi	246
kristallinkirkas	adjektiivi	245
kylläinen	adjektiivi	245
pahantahtoinen	adjektiivi	245
puolipilvinen	adjektiivi	245
rapsakka	adjektiivi	245
yhteensopiva	adjektiivi	245
avarakatseinen	adjektiivi	244
avioton	adjektiivi	244
mausteinen	adjektiivi	244
rempseä	adjektiivi	244
vannoutunut	adjektiivi	244
vähäeleinen	adjektiivi	244
värikylläinen	adjektiivi	244
hienojakoinen	adjektiivi	243
koulutuksellinen	adjektiivi	243
nuhjuinen	adjektiivi	243
tasaveroinen	adjektiivi	243
uutukainen	adjektiivi	243
kielitaidoton	adjektiivi	242
mukaansatempaava	adjektiivi	242
punakeltainen	adjektiivi	242
tapaturmainen	adjektiivi	242
vähittäinen	adjektiivi	242
priima	adjektiivi	241
seikkaperäinen	adjektiivi	241
senhetkinen	adjektiivi	241
toksinen	adjektiivi	241
tämäniltainen	adjektiivi	241
heleä	adjektiivi	240
kasvokkainen	adjektiivi	240
luoteinen	adjektiivi, substantiivi	240
puulämmitteinen	adjektiivi	240
hämyinen	adjektiivi	239
kreikkalais-roomalainen	adjektiivi	239
mielisairas	adjektiivi, substantiivi	239
moniammatillinen	adjektiivi	239
paljasjalkainen	adjektiivi	238
rampa	adjektiivi, substantiivi	238
seurallinen	adjektiivi	238
viktoriaaninen	adjektiivi	238
alankomaalainen	adjektiivi, substantiivi	237
kylmähermoinen	adjektiivi	237
mielenterveysongelmainen	adjektiivi, substantiivi	237
murhaava	adjektiivi	237
vastaanottavainen	adjektiivi	237
vimmainen	adjektiivi	237
intuitiivinen	adjektiivi	236
kaihoisa	adjektiivi	236
lukutaidoton	adjektiivi	236
omakustanteinen	adjektiivi	236
prosentuaalinen	adjektiivi	236
kaita	adjektiivi	235
kouriintuntuva	adjektiivi	235
liittokohtainen	adjektiivi	235
moniarvoinen	adjektiivi	235
hengetön	adjektiivi, substantiivi	234
huokoinen	adjektiivi	234
katajainen	adjektiivi	234
käheä	adjektiivi	234
uninen	adjektiivi	234
huippusalainen	adjektiivi	233
nirso	adjektiivi	233
peruskouluikäinen	adjektiivi	233
ponneton	adjektiivi	233
ravitsemuksellinen	adjektiivi	233
eleetön	adjektiivi	232
herranen	substantiivi, adjektiivi	231
humalahakuinen	adjektiivi	231
pitkätukkainen	adjektiivi, substantiivi	231
protestanttinen	adjektiivi	231
pulmallinen	adjektiivi	231
ravitseva	adjektiivi	231
hoidollinen	adjektiivi	230
kunnioitettava	adjektiivi	230
peliongelmainen	adjektiivi, substantiivi	230
päiväkirurginen	adjektiivi	230
sirpaleinen	adjektiivi	230
ummikko	adjektiivi, substantiivi	230
vaaleatukkainen	adjektiivi	230
vallaton	adjektiivi	230
yksilökeskeinen	adjektiivi	230
selkärangaton	substantiivi, adjektiivi	229
taikauskoinen	adjektiivi	229
vaillinainen	adjektiivi	229
epäjohdonmukainen	adjektiivi	228
jumalaton	adjektiivi	228
kaksikaistainen	adjektiivi	228
pakanallinen	adjektiivi	228
puolitoistavuotias	adjektiivi	228
päivänpolttava	adjektiivi	228
taitamaton	adjektiivi	228
lyhentämätön	adjektiivi	227
manuaalinen	adjektiivi	227
piikikäs	adjektiivi	227
särmikäs	adjektiivi	227
varamiehinen	adjektiivi	227
välkky	adjektiivi, substantiivi	227
alumiininen	adjektiivi	225
moniongelmainen	adjektiivi, substantiivi	225
monitasoinen	adjektiivi	225
oikeudeton	adjektiivi	225
viininpunainen	adjektiivi	225
vulkaaninen	adjektiivi	225
feminiininen	adjektiivi	224
hupaisa	adjektiivi	224
kapitalistinen	adjektiivi	224
pragmaattinen	adjektiivi	224
punatukkainen	adjektiivi	224
rähjäinen	adjektiivi	224
sokerinen	adjektiivi	224
tiedollinen	adjektiivi	224
alamainen	substantiivi, adjektiivi	223
albanialainen	adjektiivi, substantiivi	223
eloperäinen	adjektiivi	223
höttö	substantiivi, adjektiivi	223
täysikokoinen	adjektiivi	223
yksivärinen	adjektiivi	223
ylisukupolvinen	adjektiivi	223
emerita	adjektiivi	222
juureva	adjektiivi	222
silmälläpidettävä	adjektiivi	222
taiturimainen	adjektiivi	222
vihoviimeinen	adjektiivi	222
läpikuultava	adjektiivi	221
reima	adjektiivi	221
selkärankainen	adjektiivi, substantiivi	221
tiedoton	adjektiivi	221
viimesyksyinen	adjektiivi	221
atleettinen	adjektiivi	220
kurinpidollinen	adjektiivi	220
omarantainen	adjektiivi	220
perhekeskeinen	adjektiivi	220
saita	adjektiivi	220
suoraselkäinen	adjektiivi	220
vaakasuora	adjektiivi	220
validi	adjektiivi	220
itsekriittinen	adjektiivi	219
kuminen	adjektiivi	219
kuuliainen	adjektiivi	219
naseva	adjektiivi	219
pehmoinen	adjektiivi, substantiivi	219
pitkulainen	adjektiivi	219
raamatullinen	adjektiivi	219
reikäinen	adjektiivi	219
vääräuskoinen	adjektiivi, substantiivi	219
huivipäinen	adjektiivi	218
huonokuuloinen	adjektiivi	218
korvausvelvollinen	adjektiivi	218
lupsakka	adjektiivi	218
monikymmenkertainen	adjektiivi	218
nami	adjektiivi, substantiivi	218
vähäväkinen	adjektiivi, substantiivi	218
kerkeä	adjektiivi	217
loppumaton	adjektiivi	216
punaruskea	adjektiivi	216
ohjeellinen	adjektiivi	215
somaattinen	adjektiivi	215
suomensukuinen	adjektiivi	215
arvoisa	adjektiivi	214
asenteellinen	adjektiivi	214
hapero	adjektiivi, substantiivi	214
samansisältöinen	adjektiivi	214
ympäristötietoinen	adjektiivi	214
puolivalmis	adjektiivi	213
tämänlainen	adjektiivi	213
eksistentiaalinen	adjektiivi	212
monumentaalinen	adjektiivi	212
sosiaalipoliittinen	adjektiivi	212
epätosi	adjektiivi	211
kiharainen	adjektiivi	211
ohjelmallinen	adjektiivi	211
reppuselkä	substantiivi, adjektiivi	211
symmetrinen	adjektiivi	211
vapaavalintainen	adjektiivi	211
epäpuhdas	adjektiivi	210
itsehallinnollinen	adjektiivi	210
rakastettava	adjektiivi	210
aliravittu	adjektiivi	209
epäitsekäs	adjektiivi	209
pitkähihainen	adjektiivi	209
postmoderni	adjektiivi	209
sanainen	adjektiivi	209
säntillinen	adjektiivi	209
vanhanmallinen	adjektiivi	209
elollinen	adjektiivi	208
herännyt	adjektiivi, substantiivi	208
joustamaton	adjektiivi	208
lineaarinen	adjektiivi	208
lounaissuomalainen	adjektiivi, substantiivi	208
sadistinen	adjektiivi	208
selväsanainen	adjektiivi	208
sensuroimaton	adjektiivi	208
epäsosiaalinen	adjektiivi	207
kuohkea	adjektiivi	207
länsisuomalainen	adjektiivi, substantiivi	207
peltinen	adjektiivi	207
pitkähiuksinen	adjektiivi	207
sokeripitoinen	adjektiivi	207
valju	adjektiivi	207
vuosisatainen	adjektiivi	207
euforinen	adjektiivi	206
flirtti	substantiivi, adjektiivi	206
huimaava	adjektiivi	206
vaitelias	adjektiivi	206
viikinkiaikainen	adjektiivi	206
huippukuntoinen	adjektiivi	205
jyhkeä	adjektiivi	205
kaurajuoma	adjektiivi	205
kestoinen	adjektiivi	205
lyhytsanainen	adjektiivi	205
mielenterveydellinen	adjektiivi	205
ahnas	adjektiivi	204
kryptinen	adjektiivi	204
limbo	substantiivi, adjektiivi	204
nanna	adjektiivi, substantiivi	204
pilkkopimeä	adjektiivi, substantiivi	204
puuton	adjektiivi	204
tanssillinen	adjektiivi	204
uloin	adjektiivi	204
voimakastahtoinen	adjektiivi	204
monialainen	adjektiivi	203
ryppyinen	adjektiivi	203
säälimätön	adjektiivi	203
säästäväinen	adjektiivi	203
tiine	adjektiivi	203
äkkipikainen	adjektiivi	203
kolmipyöräinen	adjektiivi, substantiivi	202
kuolevainen	adjektiivi, substantiivi	202
kuusipäiväinen	adjektiivi	202
sokeriton	adjektiivi	202
yläosaton	adjektiivi, substantiivi	202
ekstrovertti	adjektiivi	201
epäaito	adjektiivi	201
paahteinen	adjektiivi	201
sekopäinen	adjektiivi	201
teennäinen	adjektiivi	201
vitsikäs	adjektiivi	201
epäpoliittinen	adjektiivi	200
idealistinen	adjektiivi	200
muheva	adjektiivi	200
suttuinen	adjektiivi	200
vesiperä	adjektiivi, substantiivi	200
heikkotasoinen	adjektiivi	199
produktiivinen	adjektiivi	199
seitsenhenkinen	adjektiivi	199
sisempi	adjektiivi	199
spekulatiivinen	adjektiivi	199
epälooginen	adjektiivi	198
hyvänlaatuinen	adjektiivi	198
kuolemansairas	adjektiivi, substantiivi	198
kymmenhenkinen	adjektiivi	198
liittoutumaton	adjektiivi, substantiivi	198
saamaton	adjektiivi	198
sydänsairas	adjektiivi, substantiivi	198
täyspäiväinen	adjektiivi	198
vastuuntuntoinen	adjektiivi	198
ydinkäyttöinen	adjektiivi	198
edustuskelpoinen	adjektiivi	197
kaikenkokoinen	adjektiivi	197
kristillisdemokraattinen	adjektiivi	197
lapsenomainen	adjektiivi	197
patriarkaalinen	adjektiivi	197
permanentti	adjektiivi, substantiivi	197
superrikas	adjektiivi	197
yleisvaarallinen	adjektiivi	197
kerroksinen	adjektiivi	196
tämänviikkoinen	adjektiivi	196
vastavuoroinen	adjektiivi	196
kahtalainen	adjektiivi	195
kädellinen	adjektiivi, substantiivi	195
naurunalainen	adjektiivi	195
systeeminen	adjektiivi	195
taipuisa	adjektiivi	195
täysiaikainen	adjektiivi	195
umpinainen	adjektiivi	195
vaalikelpoinen	adjektiivi	195
hyväsydäminen	adjektiivi	194
kannellinen	adjektiivi	194
nuhteeton	adjektiivi	194
ulompi	adjektiivi	194
vastaavantyyppinen	adjektiivi	194
katu-uskottava	adjektiivi	193
plusmerkkinen	adjektiivi	193
solidaarinen	adjektiivi	193
vaaleanvihreä	adjektiivi	193
vetreä	adjektiivi	193
viimekeväinen	adjektiivi	193
yletön	adjektiivi	193
apaattinen	adjektiivi	192
makaaberi	adjektiivi	192
tunteeton	adjektiivi	192
vesitiivis	adjektiivi	192
yläluokkainen	adjektiivi	192
akkukäyttöinen	adjektiivi	191
mentaalinen	adjektiivi	191
meteorologinen	adjektiivi	191
monilapsinen	adjektiivi	191
pistemäinen	adjektiivi	191
päiväaikainen	adjektiivi	191
yltäkylläinen	adjektiivi	191
groteski	adjektiivi, substantiivi	190
hehkeä	adjektiivi	190
menestyksellinen	adjektiivi	190
säännönmukainen	adjektiivi	190
torjuva	adjektiivi	190
touhukas	adjektiivi	190
vaiheittainen	adjektiivi	190
ylittämätön	adjektiivi	190
ymmärtävä	adjektiivi	190
hallitustenvälinen	adjektiivi	189
iljettävä	adjektiivi	189
juutalaisvastainen	adjektiivi	189
kaksiteräinen	adjektiivi	189
kuurainen	adjektiivi	189
saatanallinen	adjektiivi	189
samettinen	adjektiivi	189
sovinnollinen	adjektiivi	189
sporttinen	adjektiivi	189
tummanharmaa	adjektiivi	189
epäkohtelias	adjektiivi	188
harmaahiuksinen	adjektiivi	188
kovapäinen	adjektiivi	188
lentokyvytön	adjektiivi	188
oppivelvollinen	adjektiivi, substantiivi	188
siniharmaa	adjektiivi	188
toissavuotinen	adjektiivi	188
vepsäläinen	adjektiivi, substantiivi	188
vivahteikas	adjektiivi	188
hintatietoinen	adjektiivi	187
keskihintainen	adjektiivi	187
mairea	adjektiivi	187
pedantti	substantiivi, adjektiivi	187
solistinen	adjektiivi	187
säädyllinen	adjektiivi	187
tyhjentävä	adjektiivi	187
geometrinen	adjektiivi	186
hydraulinen	adjektiivi	186
kusipää	substantiivi, adjektiivi	186
norja	adjektiivi	186
punapaitainen	adjektiivi	186
alkoholipitoinen	adjektiivi	185
auvoinen	adjektiivi	185
epäkiitollinen	adjektiivi	185
erisuuruinen	adjektiivi	185
erämainen	adjektiivi	185
hetkittäinen	adjektiivi	185
konkurssikypsä	adjektiivi	185
kulttuuripoliittinen	adjektiivi	185
lyhytkasvuinen	adjektiivi	185
samanvärinen	adjektiivi	185
uskottu	adjektiivi, substantiivi	185
epämuodollinen	adjektiivi	184
kirkkaanpunainen	adjektiivi	184
koukeroinen	adjektiivi	184
resistentti	adjektiivi	184
suvaitseva	adjektiivi	184
äskeinen	adjektiivi	184
huomaavainen	adjektiivi	183
jokaviikkoinen	adjektiivi	183
melto	adjektiivi	183
perheetön	adjektiivi	183
raamikas	adjektiivi	183
samantekevä	adjektiivi	183
vastaanottava	adjektiivi	183
vierasperäinen	adjektiivi	183
hurtti	adjektiivi	182
idioottimainen	adjektiivi	182
kovakourainen	adjektiivi	182
kuukausipalkkainen	adjektiivi	182
köykäinen	adjektiivi	182
temaattinen	adjektiivi	182
ylimalkainen	adjektiivi	182
entisenlainen	adjektiivi	181
lainopillinen	adjektiivi	181
luinen	adjektiivi	181
pakko-oireinen	adjektiivi	181
rakennusaikainen	adjektiivi	181
siihenastinen	adjektiivi	181
tummanpuhuva	adjektiivi	181
palamaton	adjektiivi	180
parillinen	adjektiivi	180
sulkeutunut	adjektiivi	180
tietyntyyppinen	adjektiivi	180
tummatukkainen	adjektiivi	180
vanhahtava	adjektiivi	180
vieraanvarainen	adjektiivi	180
epämieluinen	adjektiivi	179
kolmevuotinen	adjektiivi	179
päätösvaltainen	adjektiivi	179
rahapoliittinen	adjektiivi	179
yksilökohtainen	adjektiivi	179
persialainen	adjektiivi, substantiivi	178
vaaleanharmaa	adjektiivi	178
hallituksenvastainen	adjektiivi	177
ihmismäinen	adjektiivi	177
jämpti	adjektiivi	177
kasvuhakuinen	adjektiivi	177
kilpailuhenkinen	adjektiivi	177
mielipuolinen	adjektiivi	177
neuroottinen	adjektiivi	177
osaton	adjektiivi, substantiivi	177
poikamainen	adjektiivi	177
puolustuksellinen	adjektiivi	177
rakennustaiteellinen	adjektiivi	177
sensitiivinen	adjektiivi	177
teatraalinen	adjektiivi	177
transsukupuolinen	adjektiivi	177
muikea	adjektiivi	176
nopsa	adjektiivi	176
näkemyksellinen	adjektiivi	176
ruokaisa	adjektiivi	176
tulipunainen	adjektiivi	176
tuloksekas	adjektiivi	176
tummanpunainen	adjektiivi	176
uhrautuva	adjektiivi	176
ylitsevuotava	adjektiivi	176
auttavainen	adjektiivi	175
hervoton	adjektiivi	175
iltavirkku	adjektiivi	175
lahjomaton	adjektiivi	175
puolituttu	adjektiivi, substantiivi	175
romuluinen	adjektiivi	175
rutiininomainen	adjektiivi	175
sydänperäinen	adjektiivi	175
edesvastuuton	adjektiivi	174
hihaton	adjektiivi	174
laakea	adjektiivi	174
myötäinen	adjektiivi, substantiivi	174
hapokas	adjektiivi	173
hämäräperäinen	adjektiivi	173
kirottu	adjektiivi	173
mitäänsanomaton	adjektiivi	173
oppinut	adjektiivi, substantiivi	173
epäsuotuisa	adjektiivi	172
laatuinen	adjektiivi	172
helvetillinen	adjektiivi	171
huippuhyvä	adjektiivi	171
juoppohullu	adjektiivi, substantiivi	171
kategorinen	adjektiivi	171
kauimmainen	adjektiivi	171
klani	adjektiivi, substantiivi	171
kypäräpäinen	adjektiivi	171
reseptivapaa	adjektiivi	171
varjoisa	adjektiivi	171
veistoksellinen	adjektiivi	171
jumalallinen	adjektiivi	170
piinkova	adjektiivi	170
porosaamelainen	adjektiivi, substantiivi	170
suhdanneherkkä	adjektiivi	170
surullisenkuuluisa	adjektiivi	170
säästeliäs	adjektiivi	170
totalitaarinen	adjektiivi	170
uimataidoton	adjektiivi	170
vironkielinen	adjektiivi	170
fiini	adjektiivi	169
puolipäiväinen	adjektiivi	169
tuppisuu	adjektiivi	169
ulkolainen	adjektiivi, substantiivi	169
viitteellinen	adjektiivi	169
yllätyksetön	adjektiivi	169
arvoliberaali	adjektiivi, substantiivi	168
epäystävällinen	adjektiivi	168
maaton	adjektiivi	168
pahoinvoiva	adjektiivi	168
pramea	adjektiivi	168
seitsenvuotias	adjektiivi	168
sisäsyntyinen	adjektiivi	168
symppis	adjektiivi	168
tuhatvuotinen	adjektiivi	168
vakaumuksellinen	adjektiivi	168
yksituumainen	adjektiivi	168
kumouksellinen	adjektiivi	167
lähtövalmis	adjektiivi	167
monitieteinen	adjektiivi	167
supisuomalainen	adjektiivi	167
tietymätön	adjektiivi	167
tomera	adjektiivi	167
työperusteinen	adjektiivi	167
huonomaineinen	adjektiivi	166
kehittymätön	adjektiivi	166
naivistinen	adjektiivi	166
omavelkainen	adjektiivi	166
planetaarinen	adjektiivi	166
viimesijainen	adjektiivi	166
mainen	adjektiivi	165
rotuinen	adjektiivi	165
työsuhteinen	adjektiivi	165
epäammattimainen	adjektiivi	164
hermostollinen	adjektiivi	164
hypoteettinen	adjektiivi	164
ilmeetön	adjektiivi	164
kirkkaankeltainen	adjektiivi	164
sotainen	adjektiivi	164
suunnittelematon	adjektiivi	164
tarkkanäköinen	adjektiivi	164
torkku	substantiivi, adjektiivi	164
yksiosainen	adjektiivi	164
empiirinen	adjektiivi	163
hyvänmakuinen	adjektiivi	163
intellektuelli	adjektiivi, substantiivi	163
kompleksinen	adjektiivi	163
känninen	adjektiivi, substantiivi	163
marxilainen	adjektiivi, substantiivi	163
pippurinen	adjektiivi	163
puoliautomaattinen	adjektiivi	163
varjoinen	adjektiivi	163
geoterminen	adjektiivi	162
haluttava	adjektiivi	162
höpsö	adjektiivi, substantiivi	162
kolmivaiheinen	adjektiivi	162
minikokoinen	adjektiivi	162
samanhintainen	adjektiivi	162
vaikeahoitoinen	adjektiivi	162
verotuksellinen	adjektiivi	162
yli-ikäinen	adjektiivi	162
huopainen	adjektiivi	161
kuvankaunis	adjektiivi	161
pihi	adjektiivi	161
pornografinen	adjektiivi	161
sopeutuvainen	adjektiivi	161
välimerellinen	adjektiivi	161
ylivuotinen	adjektiivi	161
äänellinen	adjektiivi	161
horjuva	adjektiivi	160
järjenvastainen	adjektiivi	160
kiemurainen	adjektiivi	160
korkealuokkainen	adjektiivi	160
kukkurainen	adjektiivi	160
nuhainen	adjektiivi	160
numeerinen	adjektiivi	160
paloturvallinen	adjektiivi	160
raukea	adjektiivi	160
äreä	adjektiivi	160
maksukykyinen	adjektiivi	159
mediaseksikäs	adjektiivi	159
puhumaton	adjektiivi	159
roteva	adjektiivi	159
viskoosi	substantiivi, adjektiivi	159
funktionaalinen	adjektiivi	158
kädetön	adjektiivi	158
pakistanilainen	adjektiivi, substantiivi	158
puhevammainen	adjektiivi, substantiivi	158
raudanluja	adjektiivi	158
suuritöinen	adjektiivi	158
tyyris	adjektiivi	158
uusimaalainen	substantiivi, adjektiivi	158
äveriäs	adjektiivi, substantiivi	158
kalsea	adjektiivi	157
nopealiikkeinen	adjektiivi	157
omavaltainen	adjektiivi	157
pintapuolinen	adjektiivi	157
vitivalkoinen	adjektiivi	157
isällinen	adjektiivi	156
kahdeksanvuotinen	adjektiivi	156
perverssi	adjektiivi	156
pitkävartinen	adjektiivi	156
seitsenvuotinen	adjektiivi	156
siviilipukuinen	adjektiivi	156
ahdasmielinen	adjektiivi	155
edellisvuotinen	adjektiivi	155
intersukupuolinen	adjektiivi	155
kiinankielinen	adjektiivi	155
luotaantyöntävä	adjektiivi	155
tutkimaton	adjektiivi	155
uudenmallinen	adjektiivi	155
energiasyöppö	substantiivi, adjektiivi	154
hajamielinen	adjektiivi	154
helppokulkuinen	adjektiivi	154
läpimärkä	adjektiivi	154
rämäpää	substantiivi, adjektiivi	154
tyylillinen	adjektiivi	154
hellävarainen	adjektiivi	153
radio-ohjattava	adjektiivi	153
syöpävaarallinen	adjektiivi	153
alipainoinen	adjektiivi	152
eläinrakas	adjektiivi	152
jäntevä	adjektiivi	152
lyhythiuksinen	adjektiivi	152
silmänkantamaton	adjektiivi	152
solakka	adjektiivi	152
sukupuoleton	adjektiivi	152
vekkuli	substantiivi, adjektiivi	152
vuorokautinen	adjektiivi	152
haavainen	adjektiivi	151
hopeanvärinen	adjektiivi	151
hyvämaineinen	adjektiivi	151
iisi	adjektiivi	151
kasvispainotteinen	adjektiivi	151
linjakas	adjektiivi	151
löperö	adjektiivi	151
varmaotteinen	adjektiivi	151
ajokuntoinen	adjektiivi	150
ammattitaidoton	adjektiivi	150
keskenkasvuinen	adjektiivi	150
koroton	adjektiivi	150
kovapintainen	adjektiivi	150
liikuntakyvytön	adjektiivi	150
pitämätön	adjektiivi	150
lyhykäinen	adjektiivi	149
myöntävä	adjektiivi	149
rääväsuinen	adjektiivi	149
tarkkarajainen	adjektiivi	149
velmu	adjektiivi, substantiivi	149
esitäytetty	adjektiivi	148
kaksiulotteinen	adjektiivi	148
kesäkuuma	adjektiivi, substantiivi	148
moottorikäyttöinen	adjektiivi	148
persoonaton	adjektiivi	148
pomminvarma	adjektiivi	148
siivoton	adjektiivi, substantiivi	148
suomalais-ugrilainen	adjektiivi	148
teksasilainen	adjektiivi, substantiivi	148
teräsrakenteinen	adjektiivi	148
vähennyskelpoinen	adjektiivi	148
banaali	adjektiivi	147
epäsovinnainen	adjektiivi	147
hattupäinen	adjektiivi	147
iki-ihana	adjektiivi	147
leväperäinen	adjektiivi	147
oireellinen	adjektiivi	147
raakalaismainen	adjektiivi	147
hurjannäköinen	adjektiivi	146
ihmisläheinen	adjektiivi	146
ilmaisuvoimainen	adjektiivi	146
kauppapoliittinen	adjektiivi	146
kuusituntinen	adjektiivi	146
käsikäyttöinen	adjektiivi	146
liila	substantiivi, adjektiivi	146
monivärinen	adjektiivi	146
sinivihreä	adjektiivi	146
sisäsiisti	adjektiivi	146
tämäntapainen	adjektiivi	146
öljypohjainen	adjektiivi	146
hurskas	adjektiivi	145
juro	adjektiivi	145
järkkymätön	adjektiivi	145
karsea	adjektiivi	145
liikuntaesteinen	adjektiivi	145
monenikäinen	adjektiivi	145
ortopedinen	adjektiivi	145
terhakka	adjektiivi	145
tietön	adjektiivi	145
tuoksuton	adjektiivi	145
färsaarelainen	adjektiivi, substantiivi	144
hiuksenhieno	adjektiivi	144
ikionnellinen	adjektiivi	144
maho	adjektiivi	144
miesvoittoinen	adjektiivi	144
rituaalinen	adjektiivi	144
suurpiirteinen	adjektiivi	144
säikky	adjektiivi	144
säyseä	adjektiivi	144
täysverinen	adjektiivi	144
joutava	adjektiivi	143
kerronnallinen	adjektiivi	143
metsänhoidollinen	adjektiivi	143
moniosainen	adjektiivi	143
puolialaston	adjektiivi	143
risainen	adjektiivi	143
sensuelli	adjektiivi	143
tupakoimaton	adjektiivi	143
viekas	adjektiivi	143
virikkeellinen	adjektiivi	143
diagnostinen	adjektiivi	142
epätarkoituksenmukainen	adjektiivi	142
häiriintynyt	adjektiivi	142
meluinen	adjektiivi	142
pölhö	adjektiivi, substantiivi	142
satakertainen	adjektiivi	142
yksiraiteinen	adjektiivi	142
ammoinen	adjektiivi	141
erehtymätön	adjektiivi	141
erityylinen	adjektiivi	141
geneerinen	adjektiivi	141
itsetietoinen	adjektiivi	141
kaheli	adjektiivi, substantiivi	141
kesytön	adjektiivi	141
mammuttimainen	adjektiivi	141
monotoninen	adjektiivi	141
mulkku	substantiivi, adjektiivi	141
pitkävaikutteinen	adjektiivi	141
viljava	adjektiivi	141
bosnialainen	adjektiivi, substantiivi	140
erikielinen	adjektiivi	140
kaino	adjektiivi	140
kolonialistinen	adjektiivi	140
liikkuvainen	adjektiivi	140
läpikotainen	adjektiivi	140
macho	adjektiivi, substantiivi	140
paloton	adjektiivi	140
pehmo	substantiivi, adjektiivi	140
pitkänhuiskea	adjektiivi	140
raisu	adjektiivi	140
suorituskeskeinen	adjektiivi	140
täysiverinen	adjektiivi, substantiivi	140
yliherkkä	adjektiivi	140
aikaansaava	adjektiivi	139
antirasistinen	adjektiivi	139
informatiivinen	adjektiivi	139
länsieurooppalainen	adjektiivi, substantiivi	139
mukavuudenhaluinen	adjektiivi	139
vähälukuinen	adjektiivi	139
äkkiväärä	adjektiivi, substantiivi	139
alimmainen	adjektiivi	138
barbaarinen	adjektiivi	138
epäsymmetrinen	adjektiivi	138
modernistinen	adjektiivi	138
nelivetoinen	adjektiivi	138
penseä	adjektiivi	138
populaari	adjektiivi	138
suorituskykyinen	adjektiivi	138
taaperoikäinen	adjektiivi	138
toimintavarma	adjektiivi	138
friikki	substantiivi, adjektiivi	137
ihmisarvoinen	adjektiivi	137
kermainen	adjektiivi	137
kiikkerä	adjektiivi	137
kiistämätön	adjektiivi	137
kolho	adjektiivi	137
liikalihava	adjektiivi	137
mielipuoli	adjektiivi, substantiivi	137
painoton	adjektiivi	137
tyhjänpäiväinen	adjektiivi	137
albiino	substantiivi, adjektiivi	136
antiikkinen	adjektiivi	136
armelias	adjektiivi	136
draamallinen	adjektiivi	136
erheellinen	adjektiivi	136
harmahtava	adjektiivi	136
havainnollinen	adjektiivi	136
ilkikurinen	adjektiivi	136
kiimainen	adjektiivi	136
kolmiviikkoinen	adjektiivi	136
passeli	adjektiivi	136
protektionistinen	adjektiivi	136
riihikuiva	adjektiivi	136
skottilainen	adjektiivi	136
usvainen	adjektiivi	136
verenhimoinen	adjektiivi	136
viisitoistavuotias	adjektiivi	136
epätieteellinen	adjektiivi	135
järkeenkäypä	adjektiivi	135
pahanhajuinen	adjektiivi	135
puoli-ilmainen	adjektiivi	135
senaikainen	adjektiivi	135
skandaalinkäryinen	adjektiivi	135
soinnillinen	adjektiivi	135
estoton	adjektiivi	134
kyrillinen	adjektiivi	134
ongelmainen	adjektiivi, substantiivi	134
ponnekas	adjektiivi	134
rodullinen	adjektiivi	134
sinipaitainen	adjektiivi	134
sovinnainen	adjektiivi	134
tasakattoinen	adjektiivi	134
hinnakas	adjektiivi	133
immunologinen	adjektiivi	133
lentokykyinen	adjektiivi	133
leppeä	adjektiivi	133
siipirikko	adjektiivi, substantiivi	133
tehdasvalmisteinen	adjektiivi	133
vinkeä	adjektiivi	133
vähäpuheinen	adjektiivi	133
auttamaton	adjektiivi	132
epäsuomalainen	adjektiivi	132
korkealentoinen	adjektiivi	132
puolivillainen	adjektiivi	132
pätemätön	adjektiivi	132
silmämääräinen	adjektiivi	132
tuskaisa	adjektiivi	132
ilmatiivis	adjektiivi	131
isätön	adjektiivi	131
lukollinen	adjektiivi	131
luonteenomainen	adjektiivi	131
malminen	adjektiivi	131
mustapää	adjektiivi, substantiivi	131
pateettinen	adjektiivi	131
pelkäämätön	adjektiivi	131
pitkäkarvainen	adjektiivi	131
pronssikautinen	adjektiivi	131
tilivelvollinen	adjektiivi	131
turmiollinen	adjektiivi	131
viimekuinen	adjektiivi	131
vähäarvoinen	adjektiivi	131
ilkivaltainen	adjektiivi	130
peräänantamaton	adjektiivi	130
vastaavankokoinen	adjektiivi	130
vesiliukoinen	adjektiivi	130
ympäristötekninen	adjektiivi	130
graniittinen	adjektiivi	129
hentoinen	adjektiivi	129
horjumaton	adjektiivi	129
oikeakätinen	adjektiivi, substantiivi	129
paljonpuhuva	adjektiivi	129
rajantakainen	adjektiivi	129
ruhtinaallinen	adjektiivi, substantiivi	129
vilpoinen	adjektiivi	129
HIV-positiivinen	adjektiivi, substantiivi	128
epätyydyttävä	adjektiivi	128
kokopäivätoiminen	adjektiivi	128
normaalikokoinen	adjektiivi	128
nurminen	adjektiivi	128
pohjanmaalainen	adjektiivi, substantiivi	128
rääväsuu	substantiivi, adjektiivi	128
vaaleaihoinen	adjektiivi	128
virtaviivainen	adjektiivi	128
kehuttava	adjektiivi	127
kineettinen	adjektiivi	127
metallipitoinen	adjektiivi	127
naku	adjektiivi	127
näköalaton	adjektiivi	127
pariviikkoinen	adjektiivi	127
tiukkasanainen	adjektiivi	127
tyttömäinen	adjektiivi	127
sovinistinen	adjektiivi	126
säädytön	adjektiivi	126
topakka	adjektiivi	126
tulikivenkatkuinen	adjektiivi	126
tulkinnallinen	adjektiivi	126
vertauskuvallinen	adjektiivi	126
virtuoosimainen	adjektiivi	126
avaruudellinen	adjektiivi	125
hupsu	adjektiivi, substantiivi	125
minkäännäköinen	adjektiivi	125
työnjohdollinen	adjektiivi	125
yksiulotteinen	adjektiivi	125
hereä	adjektiivi	124
homoeroottinen	adjektiivi	124
kainulainen	adjektiivi, substantiivi	124
kruunupää	substantiivi, adjektiivi	124
opetuksellinen	adjektiivi	124
oppivainen	adjektiivi	124
pahnanpohjimmainen	substantiivi, adjektiivi	124
patologinen	adjektiivi	124
pöhkö	adjektiivi, substantiivi	124
reaktiivinen	adjektiivi	124
seismologinen	adjektiivi	124
terveysvaikutteinen	adjektiivi	124
viisto	adjektiivi	124
yksikielinen	adjektiivi	124
yleiseurooppalainen	adjektiivi	124
alkoholiongelmainen	adjektiivi, substantiivi	123
asiapitoinen	adjektiivi	123
elinkelvoton	adjektiivi	123
flegmaattinen	adjektiivi	123
goottilainen	adjektiivi	123
jatkuvapeitteinen	adjektiivi	123
pelkurimainen	adjektiivi	123
sivistymätön	adjektiivi	123
suuruudenhullu	adjektiivi	123
tunnustukseton	adjektiivi	123
tuottamaton	adjektiivi	123
angloamerikkalainen	adjektiivi, substantiivi	122
bensiinikäyttöinen	adjektiivi	122
itämerensuomalainen	substantiivi, adjektiivi	122
käyttökuntoinen	adjektiivi	122
nokinen	adjektiivi	122
oikeasuhtainen	adjektiivi	122
patrioottinen	adjektiivi	122
rietas	adjektiivi	122
tumpelo	adjektiivi	122
öljylämmitteinen	adjektiivi	122
alempiarvoinen	adjektiivi	121
emäksinen	adjektiivi	121
germaaninen	adjektiivi	121
ilmoitusvelvollinen	adjektiivi, substantiivi	121
paranormaali	adjektiivi	121
peukaloinen	adjektiivi, substantiivi	121
puurunkoinen	adjektiivi	121
saletti	adjektiivi	121
sisäpuolinen	adjektiivi	121
tunnustuksellinen	adjektiivi	121
törkyinen	adjektiivi	121
univormupukuinen	adjektiivi	121
virkapukuinen	adjektiivi	121
ergonominen	adjektiivi	120
joutuisa	adjektiivi	120
kitsas	adjektiivi	120
lyhytjänteinen	adjektiivi	120
monisäikeinen	adjektiivi	120
ruudullinen	adjektiivi	120
tamminen	adjektiivi	120
tunnoton	adjektiivi	120
veljellinen	adjektiivi	120
apokalyptinen	adjektiivi	119
biohajoava	adjektiivi	119
geriatrinen	adjektiivi	119
imperialistinen	adjektiivi	119
kansanvaltainen	adjektiivi	119
kullankeltainen	adjektiivi	119
lauhkea	adjektiivi	119
omakielinen	adjektiivi	119
pikkutuhma	adjektiivi	119
äidillinen	adjektiivi	119
epäisänmaallinen	adjektiivi	118
huipputehokas	adjektiivi	118
höllä	adjektiivi	118
korjaamaton	adjektiivi	118
liturginen	adjektiivi	118
luodinkestävä	adjektiivi	118
länsisaksalainen	adjektiivi, substantiivi	118
tuoksuinen	adjektiivi	118
hääppöinen	adjektiivi	117
paineinen	adjektiivi	117
pasifistinen	adjektiivi	117
separatistinen	adjektiivi	117
suusanallinen	adjektiivi	117
valtiotieteellinen	adjektiivi	117
hyväkäytöksinen	adjektiivi	116
nössö	adjektiivi, substantiivi	116
partainen	adjektiivi	116
pystyvä	adjektiivi	116
selkävaivainen	adjektiivi, substantiivi	116
syklinen	adjektiivi	116
vähäsuolainen	adjektiivi	116
briljantti	substantiivi, adjektiivi	115
hajuinen	adjektiivi	115
kaunistelematon	adjektiivi	115
kyltymätön	adjektiivi	115
käsitteellinen	adjektiivi	115
lainoppinut	adjektiivi, substantiivi	115
megalomaaninen	adjektiivi	115
mölli	adjektiivi	115
sekopää	substantiivi, adjektiivi	115
taaempi	adjektiivi	115
vajaakuntoinen	adjektiivi	115
vedenkestävä	adjektiivi	115
ylihuominen	adjektiivi, substantiivi	115
bysanttilainen	adjektiivi	114
epähygieeninen	adjektiivi	114
epäkelpo	adjektiivi	114
huuruinen	adjektiivi	114
ideaalinen	adjektiivi	114
idempi	adjektiivi	114
kaikenkarvainen	adjektiivi	114
kallispalkkainen	adjektiivi	114
kausiluonteinen	adjektiivi	114
lisääntymiskykyinen	adjektiivi	114
monikertainen	adjektiivi	114
nopeajalkainen	adjektiivi	114
rusehtava	adjektiivi	114
sadunomainen	adjektiivi	114
sointuisa	adjektiivi	114
elämänmyönteinen	adjektiivi	113
hunajainen	adjektiivi	113
inhorealistinen	adjektiivi	113
kahdeksantuntinen	adjektiivi	113
kimmoisa	adjektiivi	113
kohmeinen	adjektiivi	113
kuvauksellinen	adjektiivi	113
lavallinen	adjektiivi, substantiivi	113
maankuulu	adjektiivi	113
messinkinen	adjektiivi	113
omaääninen	adjektiivi	113
taantumuksellinen	adjektiivi	113
turhamainen	adjektiivi	113
turta	adjektiivi	113
valurautainen	adjektiivi	113
hiipivä	adjektiivi	112
homeopaattinen	adjektiivi	112
jauhemainen	adjektiivi	112
kökkö	adjektiivi, substantiivi	112
pettämätön	adjektiivi	112
vissi	adjektiivi	112
yksisilmäinen	adjektiivi	112
yleisluontoinen	adjektiivi	112
anatominen	adjektiivi	111
harmaatukkainen	adjektiivi	111
hedelmäinen	adjektiivi	111
luontoystävällinen	adjektiivi	111
määräämätön	adjektiivi	111
naatti	substantiivi, adjektiivi	111
normaalihintainen	adjektiivi	111
omahyväinen	adjektiivi	111
pahanmakuinen	adjektiivi	111
silkkinen	adjektiivi	111
uudestisyntynyt	adjektiivi	111
yleispätevä	adjektiivi	111
eksklusiivinen	adjektiivi	110
globaalinen	adjektiivi	110
kirjoitustaidoton	adjektiivi	110
pääkaupunkilainen	adjektiivi, substantiivi	110
senkaltainen	adjektiivi	110
sivistyksellinen	adjektiivi	110
tahmainen	adjektiivi	110
takapajuinen	adjektiivi	110
traditionaalinen	adjektiivi	110
valtainen	adjektiivi	110
vastaamaton	adjektiivi	110
voitontahtoinen	adjektiivi	110
ylenmääräinen	adjektiivi	110
tähtienvälinen	adjektiivi	109
töpöhäntä	substantiivi, adjektiivi	109
vedetön	adjektiivi	109
ydinaseeton	adjektiivi	109
anglosaksinen	adjektiivi	108
arvonlisäverollinen	adjektiivi	108
epileptinen	adjektiivi	108
kaikkivaltias	adjektiivi, substantiivi	108
korkeakorkoinen	adjektiivi	108
kukkea	adjektiivi	108
liejuinen	adjektiivi	108
ohkainen	adjektiivi	108
ruskehtava	adjektiivi	108
saastainen	adjektiivi	108
sinervä	adjektiivi	108
anglikaaninen	adjektiivi	107
erikoislaatuinen	adjektiivi	107
hidasliikkeinen	adjektiivi	107
julkea	adjektiivi	107
kansantajuinen	adjektiivi	107
kirjaimellinen	adjektiivi	107
kuitupitoinen	adjektiivi	107
kylmänviileä	adjektiivi	107
kymmentuntinen	adjektiivi	107
lyhythihainen	adjektiivi	107
muuntautumiskykyinen	adjektiivi	107
mytologinen	adjektiivi	107
oikeamielinen	adjektiivi, substantiivi	107
pahansuopa	adjektiivi	107
paheellinen	adjektiivi	107
pienialainen	adjektiivi	107
pikimusta	adjektiivi	107
syyspimeä	adjektiivi, substantiivi	107
tyylitön	adjektiivi	107
työtätekevä	adjektiivi, substantiivi	107
yhtämittainen	adjektiivi	107
asuntopoliittinen	adjektiivi	106
chic	adjektiivi	106
hapekas	adjektiivi	106
henkevä	adjektiivi	106
ikäloppu	adjektiivi	106
ilmastollinen	adjektiivi	106
joviaali	adjektiivi	106
kimeä	adjektiivi	106
majesteettinen	adjektiivi	106
peitteinen	adjektiivi	106
pesunkestävä	adjektiivi	106
suorakulmainen	adjektiivi	106
tiukkapipoinen	adjektiivi	106
urhoollinen	adjektiivi	106
uusklassinen	adjektiivi	106
yrmeä	adjektiivi	106
halpamainen	adjektiivi	105
iloton	adjektiivi	105
itäpuolinen	adjektiivi	105
jälkijättöinen	adjektiivi	105
kausittainen	adjektiivi	105
konemainen	adjektiivi	105
kuusivaltainen	adjektiivi	105
moniportainen	adjektiivi	105
muuttovoittoinen	adjektiivi	105
nelipyöräinen	adjektiivi	105
neoliittinen	adjektiivi	105
ryppyotsainen	adjektiivi	105
räkäinen	adjektiivi	105
subtrooppinen	adjektiivi	105
vietnamilainen	substantiivi, adjektiivi	105
vihervä	adjektiivi	105
äidinkielinen	adjektiivi	105
erityisherkkä	adjektiivi	104
hiomaton	adjektiivi	104
hurjapäinen	adjektiivi	104
italiankielinen	adjektiivi	104
jatkuvatoiminen	adjektiivi	104
kaksimoottorinen	adjektiivi	104
moni-ilmeinen	adjektiivi	104
monipäiväinen	adjektiivi	104
murea	adjektiivi	104
näkevä	adjektiivi	104
omatuotantoinen	adjektiivi	104
pohjallinen	substantiivi, adjektiivi	104
puhdasrotuinen	adjektiivi	104
salamannopea	adjektiivi	104
uhkea	adjektiivi	104
uhmaikäinen	adjektiivi	104
vastaansanomaton	adjektiivi	104
vauvaikäinen	adjektiivi	104
epävireinen	adjektiivi	103
gregoriaaninen	adjektiivi	103
hindulainen	adjektiivi	103
impressionistinen	adjektiivi	103
kuviollinen	adjektiivi	103
läpinäkymätön	adjektiivi	103
mustapukuinen	adjektiivi	103
päämäärätön	adjektiivi	103
riskaabeli	adjektiivi	103
seitsenkerroksinen	adjektiivi	103
säällinen	adjektiivi	103
tylppä	adjektiivi	103
vanerinen	adjektiivi	103
yleismaailmallinen	adjektiivi	103
arvosteleva	adjektiivi	102
hidastempoinen	adjektiivi	102
höveli	adjektiivi	102
kullanruskea	adjektiivi	102
kumea	adjektiivi	102
maastokuvioinen	adjektiivi	102
opillinen	adjektiivi	102
parivuotinen	adjektiivi	102
rehvakas	adjektiivi	102
retrospektiivinen	adjektiivi	102
tottelevainen	adjektiivi	102
tulivoimainen	adjektiivi	102
täyttämätön	adjektiivi	102
vertaisarvioitu	adjektiivi	102
ylimaallinen	adjektiivi	102
yliopistotasoinen	adjektiivi	102
arkaainen	adjektiivi	101
elämäniloinen	adjektiivi	101
luonteinen	adjektiivi	101
muotitietoinen	adjektiivi	101
pisteliäs	adjektiivi	101
puoleensavetävä	adjektiivi	101
suostuvainen	adjektiivi	101
vaaleankeltainen	adjektiivi	101
epäyhtenäinen	adjektiivi	100
monennäköinen	adjektiivi	100
pitkänomainen	adjektiivi	100
polikliininen	adjektiivi	100
puolipitkä	adjektiivi	100
raharikas	adjektiivi, substantiivi	100
riippuva	adjektiivi	100
sukkela	adjektiivi	100
suvaitsematon	adjektiivi	100
aerodynaaminen	adjektiivi	99
elimellinen	adjektiivi	99
etelänpuoleinen	adjektiivi	99
helppolukuinen	adjektiivi	99
hyveellinen	adjektiivi	99
jyry	substantiivi, adjektiivi	99
kapea-alainen	adjektiivi	99
kasvispohjainen	adjektiivi	99
kitukasvuinen	adjektiivi	99
kliseinen	adjektiivi	99
niininen	adjektiivi	99
punaposkinen	adjektiivi	99
rakeinen	adjektiivi	99
rakenteinen	adjektiivi	99
suulas	adjektiivi	99
aistillinen	adjektiivi	98
avantgardistinen	adjektiivi	98
iänikuinen	adjektiivi	98
kaksivärinen	adjektiivi	98
kohtisuora	adjektiivi, substantiivi	98
leikillinen	adjektiivi	98
liberaalinen	adjektiivi	98
lihallinen	adjektiivi	98
psykopaattinen	adjektiivi	98
taipumaton	adjektiivi	98
tulopoliittinen	adjektiivi	98
vakavamielinen	adjektiivi	98
aaltomainen	adjektiivi	97
aistinvarainen	adjektiivi	97
hedelmätön	adjektiivi	97
hontelo	adjektiivi	97
hupa	adjektiivi	97
kaljupäinen	adjektiivi	97
lahjaton	adjektiivi	97
paikkansapitävä	adjektiivi	97
pikkuriikkinen	adjektiivi	97
sähkötekninen	adjektiivi	97
sääntömääräinen	adjektiivi	97
totuudenvastainen	adjektiivi	97
vieraspaikkakuntalainen	adjektiivi, substantiivi	97
äänivaltainen	adjektiivi, substantiivi	97
aleneva	adjektiivi	96
gallialainen	substantiivi, adjektiivi	96
irrationaalinen	adjektiivi	96
jälkikäteinen	adjektiivi	96
kaikkinainen	adjektiivi	96
kyyry	adjektiivi	96
lumipeitteinen	adjektiivi	96
multainen	adjektiivi	96
totalitaristinen	adjektiivi	96
uskoton	adjektiivi	96
varottava	adjektiivi	96
armias	adjektiivi	95
eksentrinen	adjektiivi	95
hupullinen	adjektiivi	95
järkähtämätön	adjektiivi	95
kuivakka	adjektiivi	95
kupera	adjektiivi	95
liukoinen	adjektiivi	95
metka	adjektiivi	95
midi	adjektiivi, substantiivi*	95
monituhatpäinen	adjektiivi	95
monivivahteinen	adjektiivi	95
muhkurainen	adjektiivi	95
nuorsuomalainen	adjektiivi, substantiivi	95
paatunut	adjektiivi	95
propagandistinen	adjektiivi	95
päällekäyvä	adjektiivi	95
riuska	adjektiivi	95
seitsenpäiväinen	adjektiivi	95
suomalaissyntyinen	adjektiivi	95
sävykäs	adjektiivi	95
taitoinen	adjektiivi	95
verenpunainen	adjektiivi	95
vetoinen	adjektiivi	95
aistikas	adjektiivi	94
aromaattinen	adjektiivi	94
heterogeeninen	adjektiivi	94
hintelä	adjektiivi	94
kitulias	adjektiivi	94
kokovuotinen	adjektiivi	94
materialistinen	adjektiivi	94
puiseva	adjektiivi	94
sorttinen	adjektiivi	94
teemallinen	adjektiivi	94
tuntipalkkainen	adjektiivi	94
uuras	adjektiivi	94
virtuoosinen	adjektiivi	94
visionäärinen	adjektiivi	94
hullunrohkea	adjektiivi	93
huolehtivainen	adjektiivi	93
jonninjoutava	adjektiivi	93
kovakantinen	adjektiivi	93
kronologinen	adjektiivi	93
legitiimi	adjektiivi	93
paranoidi	adjektiivi	93
persaukinen	adjektiivi	93
sekunda	adjektiivi, substantiivi	93
tervehenkinen	adjektiivi	93
homogeeninen	adjektiivi	92
hopeanharmaa	adjektiivi	92
kelirikkoinen	adjektiivi	92
kelju	adjektiivi	92
kranttu	adjektiivi	92
kritiikitön	adjektiivi	92
kuumaverinen	adjektiivi	92
nykysuomalainen	adjektiivi, substantiivi	92
pilvipoutainen	adjektiivi	92
rämäpäinen	adjektiivi	92
samanmittainen	adjektiivi	92
silminnähtävä	adjektiivi	92
sopeutumaton	adjektiivi	92
suurisuuntainen	adjektiivi	92
vastahankainen	adjektiivi	92
alimittainen	adjektiivi	91
epäkaupallinen	adjektiivi	91
kaasumainen	adjektiivi	91
kollegiaalinen	adjektiivi	91
kustavilainen	adjektiivi, substantiivi	91
merentakainen	adjektiivi	91
mukiinmenevä	adjektiivi	91
pikantti	adjektiivi	91
punatakkinen	adjektiivi	91
sammaleinen	adjektiivi	91
sopusuhtainen	adjektiivi	91
ymmärtämätön	adjektiivi	91
fundamentalistinen	adjektiivi	90
huimapää	adjektiivi, substantiivi	90
ilmaisullinen	adjektiivi	90
iätön	adjektiivi	90
kausiluontoinen	adjektiivi	90
kiiru	substantiivi, adjektiivi	90
laajalevikkinen	adjektiivi	90
lokoisa	adjektiivi	90
maalauksellinen	adjektiivi	90
psykofyysinen	adjektiivi	90
routainen	adjektiivi	90
sisäsiittoinen	adjektiivi	90
sosiologinen	adjektiivi	90
sota-aikainen	adjektiivi	90
talonpoikainen	adjektiivi	90
vakavahenkinen	adjektiivi	90
viriili	adjektiivi	90
alivoimainen	adjektiivi	89
epäpyhä	adjektiivi	89
hienotunteinen	adjektiivi	89
hupainen	adjektiivi	89
järkiperäinen	adjektiivi	89
krapulainen	adjektiivi	89
musiikkipainotteinen	adjektiivi	89
naivi	adjektiivi	89
sammumaton	adjektiivi	89
surkuhupainen	adjektiivi	89
sutjakka	adjektiivi	89
suurimittainen	adjektiivi	89
arjalainen	adjektiivi, substantiivi	88
arvokonservatiivinen	adjektiivi	88
heteronormatiivinen	adjektiivi	88
laatutietoinen	adjektiivi	88
litimärkä	adjektiivi	88
pipi	adjektiivi, substantiivi	88
pitkäkaulainen	adjektiivi	88
poikkitieteellinen	adjektiivi	88
skandaalimainen	adjektiivi	88
soitannollinen	adjektiivi	88
yhteisvastuullinen	adjektiivi	88
haluinen	adjektiivi	87
hekumallinen	adjektiivi	87
heteroseksuaalinen	adjektiivi	87
katkeransuloinen	adjektiivi	87
keskiarvoinen	adjektiivi	87
kokomusta	adjektiivi	87
lihaisa	adjektiivi	87
lystikäs	adjektiivi	87
museaalinen	adjektiivi	87
neliskanttinen	adjektiivi	87
puuvillainen	adjektiivi	87
säkkipimeä	adjektiivi, substantiivi	87
tuhatkertainen	adjektiivi	87
tuloton	adjektiivi	87
verevä	adjektiivi	87
aamu-uninen	adjektiivi	86
anaerobinen	adjektiivi	86
energiaintensiivinen	adjektiivi	86
epäluonnollinen	adjektiivi	86
hirtehinen	adjektiivi	86
kaikkitietävä	adjektiivi	86
karikkoinen	adjektiivi	86
kauko-ohjattu	adjektiivi	86
kutsuntaikäinen	adjektiivi	86
läpitunkeva	adjektiivi	86
mannermainen	adjektiivi	86
merikelpoinen	adjektiivi	86
monenkeskinen	adjektiivi	86
suoninen	adjektiivi	86
taloustieteellinen	adjektiivi	86
vaatelias	adjektiivi	86
varrellinen	adjektiivi	86
viimemainittu	adjektiivi	86
ylikypsä	adjektiivi	86
ylimmäinen	adjektiivi	86
yläastelainen	adjektiivi, substantiivi	86
älyvapaa	adjektiivi	86
etnografinen	adjektiivi	85
harjava	adjektiivi	85
ilmatäytteinen	adjektiivi	85
katoavainen	adjektiivi	85
korviahuumaava	adjektiivi	85
kulttuurisidonnainen	adjektiivi	85
kärttyinen	adjektiivi	85
nurkkakuntainen	adjektiivi	85
ovaali	substantiivi, adjektiivi	85
paristokäyttöinen	adjektiivi	85
pitkäjännitteinen	adjektiivi	85
saasteeton	adjektiivi	85
suuritehoinen	adjektiivi	85
suvinen	adjektiivi	85
tahdoton	adjektiivi	85
tahraton	adjektiivi	85
tauoton	adjektiivi	85
tollo	substantiivi, adjektiivi	85
valtioenemmistöinen	adjektiivi	85
öljymäinen	adjektiivi	85
huimapäinen	adjektiivi	84
infernaalinen	adjektiivi	84
kirkkaansininen	adjektiivi	84
kissamainen	adjektiivi	84
kokemusperäinen	adjektiivi	84
lumivalkoinen	adjektiivi	84
oireenmukainen	adjektiivi	84
pahaa-aavistamaton	adjektiivi	84
pitkäveteinen	adjektiivi	84
ristikkäinen	adjektiivi	84
sensaatiohakuinen	adjektiivi	84
summaarinen	adjektiivi	84
sääntöjenvastainen	adjektiivi	84
tähdellinen	adjektiivi	84
yhteiskuntatieteellinen	adjektiivi	84
alkoholiriippuvainen	substantiivi, adjektiivi	83
hiekkapohjainen	adjektiivi	83
imeväinen	substantiivi, adjektiivi	83
itseironinen	adjektiivi	83
itäafrikkalainen	adjektiivi, substantiivi	83
kaksipuolinen	adjektiivi	83
runsassateinen	adjektiivi	83
suolaton	adjektiivi	83
taipuva	adjektiivi	83
tasapäinen	adjektiivi	83
äksy	adjektiivi	83
harjakattoinen	adjektiivi	82
harkitsevainen	adjektiivi	82
haudanvakava	adjektiivi	82
ivallinen	adjektiivi	82
kansallisromanttinen	adjektiivi	82
kerroksellinen	adjektiivi	82
kiertelevä	adjektiivi	82
kivikasvoinen	adjektiivi	82
lyhytkarvainen	adjektiivi	82
länsipuolinen	adjektiivi	82
raihnainen	adjektiivi	82
salskea	adjektiivi	82
sanomaton	adjektiivi	82
tautinen	adjektiivi, substantiivi	82
toimintavalmis	adjektiivi	82
tuliperäinen	adjektiivi	82
työvoimavaltainen	adjektiivi	82
yksikätinen	adjektiivi	82
eläintieteellinen	adjektiivi	81
epäkuntoinen	adjektiivi	81
epätoivottu	adjektiivi	81
erimuotoinen	adjektiivi	81
jokailtainen	adjektiivi	81
kaksinaamainen	adjektiivi	81
keskusjohtoinen	adjektiivi	81
kirjanpidollinen	adjektiivi	81
kontrollifriikki	substantiivi, adjektiivi	81
kutsunnanalainen	adjektiivi, substantiivi	81
pikkumainen	adjektiivi	81
sielullinen	adjektiivi	81
sukuinen	adjektiivi	81
toisarvoinen	adjektiivi	81
viimekertainen	adjektiivi	81
elämäkerrallinen	adjektiivi	80
kaitainen	adjektiivi	80
kielipoliittinen	adjektiivi	80
kiiltokuvamainen	adjektiivi	80
laulullinen	adjektiivi	80
mediakriittinen	adjektiivi	80
paksupohjainen	adjektiivi	80
sairaanhoidollinen	adjektiivi	80
seurakunnallinen	adjektiivi	80
sisältöinen	adjektiivi	80
tahdonvastainen	adjektiivi	80
vallanhimoinen	adjektiivi	80
asiaankuulumaton	adjektiivi	79
geofysikaalinen	adjektiivi	79
hela	adjektiivi	79
ihonalainen	adjektiivi	79
indoeurooppalainen	adjektiivi	79
kaksinapainen	adjektiivi	79
kurvikas	adjektiivi	79
lainkuuliainen	adjektiivi	79
sarvipäinen	adjektiivi	79
syntymäkuuro	substantiivi, adjektiivi	79
tokkurainen	adjektiivi	79
vauhko	adjektiivi	79
vierasmaalainen	substantiivi, adjektiivi	79
harmaapartainen	adjektiivi	78
kurvinen	adjektiivi	78
lasikuituinen	adjektiivi	78
maolainen	adjektiivi, substantiivi	78
muodoton	adjektiivi	78
pesällinen	adjektiivi, substantiivi	78
plastinen	adjektiivi	78
suurieleinen	adjektiivi	78
vaihtolämpöinen	adjektiivi, substantiivi	78
ylipääsemätön	adjektiivi	78
ylämaalainen	adjektiivi, substantiivi	78
aromikas	adjektiivi	77
flaamilainen	adjektiivi	77
herkkähipiäinen	adjektiivi	77
humuspitoinen	adjektiivi	77
häpeämätön	adjektiivi	77
ilkeämielinen	adjektiivi	77
jauhoinen	adjektiivi	77
kaikenmoinen	adjektiivi	77
kirkuva	adjektiivi	77
kuusitoistavuotias	adjektiivi	77
nopeakasvuinen	adjektiivi	77
riemullinen	adjektiivi	77
saasteinen	adjektiivi	77
siirappinen	adjektiivi	77
sopimuksellinen	adjektiivi	77
supliikki	substantiivi, adjektiivi	77
uimataitoinen	adjektiivi	77
visu	adjektiivi	77
auvoisa	adjektiivi	76
eriparinen	adjektiivi	76
huoneenlämpöinen	adjektiivi	76
kasvatustieteellinen	adjektiivi	76
keskiraskas	adjektiivi	76
kiihkoton	adjektiivi	76
likeinen	adjektiivi	76
luokallinen	adjektiivi	76
maatiainen	substantiivi, adjektiivi	76
pitkätukka	substantiivi, adjektiivi	76
puoliverinen	adjektiivi, substantiivi	76
puuvartinen	adjektiivi	76
rautapitoinen	adjektiivi	76
sotilaspoliittinen	adjektiivi	76
triviaali	adjektiivi	76
viimetalvinen	adjektiivi	76
eksakti	adjektiivi	75
individualistinen	adjektiivi	75
kaikkivoipa	adjektiivi	75
kalaisa	adjektiivi	75
kirkkaanvärinen	adjektiivi	75
lapsekas	adjektiivi	75
likinäköinen	adjektiivi	75
naaraspuolinen	adjektiivi	75
näyttämöllinen	adjektiivi	75
sikeä	adjektiivi, substantiivi	75
tottelematon	adjektiivi	75
uusavuton	adjektiivi, substantiivi	75
vaistonvarainen	adjektiivi	75
yksinomainen	adjektiivi	75
yksisoluinen	adjektiivi	75
hoikkavartaloinen	adjektiivi	74
juliaaninen	adjektiivi	74
jälkeenjäänyt	adjektiivi, substantiivi	74
järjestöllinen	adjektiivi	74
kuolemanjälkeinen	adjektiivi	74
nyrpeä	adjektiivi	74
pilkullinen	adjektiivi	74
poleeminen	adjektiivi	74
rapakuntoinen	adjektiivi	74
robottimainen	adjektiivi	74
sikamainen	adjektiivi	74
vanttera	adjektiivi	74
virkku	adjektiivi	74
vuorenvarma	adjektiivi	74
yli-inhimillinen	adjektiivi	74
energiapitoinen	adjektiivi	73
luuton	adjektiivi	73
ronkeli	adjektiivi	73
sopimusperusteinen	adjektiivi	73
staili	adjektiivi	73
viinahuuruinen	adjektiivi	73
ymmyrkäinen	adjektiivi	73
afrosuomalainen	substantiivi, adjektiivi	72
herkkänahkainen	adjektiivi	72
inklusiivinen	adjektiivi	72
japaninkielinen	adjektiivi	72
kahjo	adjektiivi, substantiivi	72
kirkkaanvihreä	adjektiivi	72
latinalaisamerikkalainen	adjektiivi	72
luulosairas	adjektiivi, substantiivi	72
määräinen	adjektiivi	72
nahkea	adjektiivi	72
nukkavieru	adjektiivi	72
oranssinen	adjektiivi	72
originelli	adjektiivi, substantiivi	72
paatoksellinen	adjektiivi	72
peräpohjalainen	adjektiivi, substantiivi	72
puolivirallinen	adjektiivi	72
reunimmainen	adjektiivi	72
sydämetön	adjektiivi	72
tyhjätasku	substantiivi, adjektiivi	72
tämänsuuntainen	adjektiivi	72
vihanta	adjektiivi	72
hemmetinmoinen	adjektiivi	71
ihonmyötäinen	adjektiivi	71
itseriittoinen	adjektiivi	71
karkeakarvainen	adjektiivi	71
korkea-aktiivinen	adjektiivi	71
kunniaton	adjektiivi	71
niljakas	adjektiivi	71
omankielinen	adjektiivi	71
pohjoisafrikkalainen	adjektiivi, substantiivi	71
samanpituinen	adjektiivi	71
takimmainen	adjektiivi	71
yliaktiivinen	adjektiivi	71
epäsiveellinen	adjektiivi	70
ihonvärinen	adjektiivi	70
intomielinen	adjektiivi	70
itsepintainen	adjektiivi	70
jaksollinen	adjektiivi	70
lukutaitoinen	adjektiivi, substantiivi	70
monitaitoinen	adjektiivi	70
murhanhimoinen	adjektiivi	70
ohdakkeinen	adjektiivi	70
pliisu	adjektiivi	70
poisnukkunut	adjektiivi, substantiivi	70
psykoaktiivinen	adjektiivi	70
romaaninen	adjektiivi	70
satoisa	adjektiivi	70
seikkailunhaluinen	adjektiivi	70
takavetoinen	adjektiivi	70
antropologinen	adjektiivi	69
aukinainen	adjektiivi	69
epäorgaaninen	adjektiivi	69
epätäsmällinen	adjektiivi	69
esiaviollinen	adjektiivi	69
hedonistinen	adjektiivi	69
kaikuva	adjektiivi	69
kehollinen	adjektiivi	69
nopeatahtinen	adjektiivi	69
oranssinpunainen	adjektiivi	69
osapäiväinen	adjektiivi	69
puhdasverinen	adjektiivi	69
ratkiriemukas	adjektiivi	69
ruusunpunainen	adjektiivi	69
tiedonjanoinen	adjektiivi	69
todentuntuinen	adjektiivi	69
tonaalinen	adjektiivi	69
tunturisaamelainen	adjektiivi, substantiivi	69
tähtikirkas	adjektiivi	69
aavistamaton	adjektiivi	68
eksponentiaalinen	adjektiivi	68
funktionalistinen	adjektiivi	68
heikkonäköinen	adjektiivi	68
horisontaalinen	adjektiivi	68
instrumentaalinen	adjektiivi	68
kelttiläinen	adjektiivi, substantiivi	68
käsipuoli	substantiivi, adjektiivi	68
laajarunkoinen	adjektiivi	68
neliskulmainen	adjektiivi	68
neljätoistavuotias	adjektiivi	68
nuhruinen	adjektiivi	68
paikkansapitämätön	adjektiivi	68
peilikirkas	adjektiivi	68
poikkipuolinen	adjektiivi	68
puuhakas	adjektiivi	68
selväpiirteinen	adjektiivi	68
sinipunainen	adjektiivi	68
sotilaspukuinen	adjektiivi	68
tuittupää	substantiivi, adjektiivi	68
tönkkö	adjektiivi	68
vuosituhantinen	adjektiivi	68
vähätuloinen	adjektiivi	68
vähävetinen	adjektiivi	68
ajokelpoinen	adjektiivi	67
elatusvelvollinen	adjektiivi	67
kapinen	adjektiivi	67
kelmeä	adjektiivi	67
kirpakka	adjektiivi	67
korskea	adjektiivi	67
kostonhimoinen	adjektiivi	67
kädenlämpöinen	adjektiivi	67
monisatapäinen	adjektiivi	67
monivammainen	adjektiivi, substantiivi	67
muodokas	adjektiivi	67
opportunistinen	adjektiivi	67
parasympaattinen	adjektiivi	67
parempiosainen	adjektiivi, substantiivi	67
pilkallinen	adjektiivi	67
siveetön	adjektiivi	67
tungetteleva	adjektiivi	67
tämäntyylinen	adjektiivi	67
täysinäinen	adjektiivi	67
viettelevä	adjektiivi	67
vimmattu	adjektiivi	67
epäsuhtainen	adjektiivi	66
erimerkkinen	adjektiivi	66
galaktinen	adjektiivi	66
hienovireinen	adjektiivi	66
irvileuka	substantiivi, adjektiivi	66
kaaosmainen	adjektiivi	66
kiivastahtinen	adjektiivi	66
kolmiomainen	adjektiivi	66
lakiasäätävä	adjektiivi	66
lapsirakas	adjektiivi	66
makoinen	adjektiivi	66
pakoton	adjektiivi	66
psykosomaattinen	adjektiivi	66
puhekielinen	adjektiivi	66
putkimainen	adjektiivi	66
radikaalinen	adjektiivi	66
seinähullu	adjektiivi, substantiivi	66
siamilainen	adjektiivi, substantiivi	66
siveellinen	adjektiivi	66
snadi	adjektiivi, substantiivi	66
sottainen	adjektiivi	66
säänkestävä	adjektiivi	66
taivaansininen	adjektiivi	66
toissapäiväinen	adjektiivi	66
tulosidonnainen	adjektiivi	66
tunnepohjainen	adjektiivi	66
uusmaalainen	adjektiivi, substantiivi	66
aristokraattinen	adjektiivi	65
epäiltävä	adjektiivi	65
feikki	adjektiivi, substantiivi	65
finaalinen	adjektiivi	65
isotöinen	adjektiivi	65
keskeytymätön	adjektiivi	65
lukihäiriöinen	adjektiivi	65
maanpuolustuksellinen	adjektiivi	65
pinnanalainen	adjektiivi	65
pohjoispuolinen	adjektiivi	65
portaittainen	adjektiivi	65
rikkumaton	adjektiivi	65
sentimentaalinen	adjektiivi	65
syvänsininen	adjektiivi	65
trenditietoinen	adjektiivi	65
turbulentti	adjektiivi	65
umpimähkäinen	adjektiivi	65
alakuloinen	adjektiivi	64
euraasialainen	adjektiivi, substantiivi	64
hämyisä	adjektiivi	64
kaksimielinen	adjektiivi	64
korollinen	adjektiivi	64
kullanhohtoinen	adjektiivi	64
kymmenpäinen	adjektiivi	64
mainitsematon	adjektiivi	64
mallikelpoinen	adjektiivi	64
neonvärinen	adjektiivi	64
omalakinen	adjektiivi	64
palovaarallinen	adjektiivi	64
polvenkorkuinen	adjektiivi	64
rasvaliukoinen	adjektiivi	64
resuinen	adjektiivi	64
rikkeetön	adjektiivi	64
risa	adjektiivi	64
rupinen	adjektiivi	64
sadomasokistinen	adjektiivi	64
sepitteellinen	adjektiivi	64
teollisuuspoliittinen	adjektiivi	64
tsaarinaikainen	adjektiivi	64
tuhoton	adjektiivi	64
tunneperäinen	adjektiivi	64
tämänaamuinen	adjektiivi	64
vienankarjalainen	adjektiivi, substantiivi	64
virkamiesmäinen	adjektiivi	64
harvasanainen	adjektiivi	63
huonomuistinen	adjektiivi	63
häveliäs	adjektiivi	63
iltapimeä	adjektiivi, substantiivi	63
joka-aamuinen	adjektiivi	63
kevytkenkäinen	adjektiivi	63
kuolemanvakava	adjektiivi	63
kuumeeton	adjektiivi	63
muunkielinen	adjektiivi	63
organisatorinen	adjektiivi	63
pystysuuntainen	adjektiivi	63
päivänpoliittinen	adjektiivi	63
rattoisa	adjektiivi	63
reppuselkäinen	adjektiivi	63
tarveharkintainen	adjektiivi	63
taukoamaton	adjektiivi	63
terhakas	adjektiivi	63
tämänkesäinen	adjektiivi	63
vakuudellinen	adjektiivi	63
valtapoliittinen	adjektiivi	63
vetämätön	adjektiivi	63
viivasuora	adjektiivi	63
ateistinen	adjektiivi	62
erihintainen	adjektiivi	62
hailakka	adjektiivi	62
isännätön	adjektiivi	62
jugendtyylinen	adjektiivi	62
kaksihenkinen	adjektiivi	62
kiharatukkainen	adjektiivi	62
kiinteäkorkoinen	adjektiivi	62
kippura	substantiivi, adjektiivi	62
kymmenkerroksinen	adjektiivi	62
pastellisävyinen	adjektiivi	62
petäjäinen	adjektiivi, substantiivi	62
pienitehoinen	adjektiivi	62
poismennyt	adjektiivi, substantiivi	62
röpelöinen	adjektiivi	62
spitaalinen	adjektiivi, substantiivi	62
taidehistoriallinen	adjektiivi	62
teräväreunainen	adjektiivi	62
tiukkasävyinen	adjektiivi	62
tummapukuinen	adjektiivi	62
täysilukuinen	adjektiivi	62
täysjärkinen	adjektiivi, substantiivi	62
yhdeksänvuotinen	adjektiivi	62
antarktinen	adjektiivi	61
dekadentti	adjektiivi	61
efektiivinen	adjektiivi	61
epäoleellinen	adjektiivi	61
ikätasoinen	adjektiivi	61
kevytmielinen	adjektiivi	61
kiittämätön	adjektiivi	61
kukallinen	adjektiivi	61
laitimmainen	adjektiivi	61
millinen	adjektiivi	61
muistihäiriöinen	adjektiivi	61
neljävuotinen	adjektiivi	61
nihilistinen	adjektiivi	61
normatiivinen	adjektiivi	61
parodinen	adjektiivi	61
rippikouluikäinen	adjektiivi	61
sekulaari	adjektiivi	61
sökö	substantiivi, adjektiivi	61
vahingoniloinen	adjektiivi	61
yksimoottorinen	adjektiivi	61
yksipaikkainen	adjektiivi	61
astronominen	adjektiivi	60
demoninen	adjektiivi	60
kalkkipitoinen	adjektiivi	60
keskenkuntoinen	adjektiivi	60
kuusiviikkoinen	adjektiivi	60
lyijytön	adjektiivi	60
maapoliittinen	adjektiivi	60
oikeustoimikelpoinen	adjektiivi	60
paavillinen	adjektiivi	60
paikoittainen	adjektiivi	60
pittoreski	adjektiivi	60
puhdasoppinen	adjektiivi	60
ravintorikas	adjektiivi	60
riidanalainen	adjektiivi	60
räjähdysaltis	adjektiivi	60
satanistinen	adjektiivi	60
sidonnainen	adjektiivi	60
taidollinen	adjektiivi	60
tarkkakorvainen	adjektiivi	60
teräsrunkoinen	adjektiivi	60
uralilainen	adjektiivi	60
vihonviimeinen	adjektiivi	60
falski	adjektiivi	59
freesi	adjektiivi	59
hankalakulkuinen	adjektiivi	59
kaljupää	adjektiivi, substantiivi	59
kulinaarinen	adjektiivi	59
lyhyttukkainen	adjektiivi	59
mustapaitainen	adjektiivi	59
peilityyni	adjektiivi	59
räyhäkäs	adjektiivi	59
siniverinen	adjektiivi, substantiivi	59
suruton	adjektiivi, substantiivi	59
työoikeudellinen	adjektiivi	59
vakuuttamaton	adjektiivi	59
ääninen	adjektiivi	59
edistysmielinen	adjektiivi	58
huono-onninen	adjektiivi	58
kaikuisa	adjektiivi	58
kansallissosialistinen	adjektiivi	58
kiihkomielinen	adjektiivi	58
kokovalkoinen	adjektiivi	58
konstikas	adjektiivi	58
kouluaikainen	adjektiivi	58
kovakätinen	adjektiivi	58
laajakantoinen	adjektiivi	58
luistava	adjektiivi	58
luonteikas	adjektiivi	58
muunmaalainen	adjektiivi, substantiivi	58
myöntyväinen	adjektiivi	58
nappisilmä	substantiivi, adjektiivi	58
pohjoiseurooppalainen	adjektiivi, substantiivi	58
skitsofreeninen	adjektiivi	58
sutki	adjektiivi	58
tavoitteinen	adjektiivi	58
tiukkailmeinen	adjektiivi	58
tupakaton	adjektiivi	58
töhryinen	adjektiivi	58
valkopartainen	adjektiivi	58
vauhdillinen	adjektiivi	58
veretön	adjektiivi	58
viehkeä	adjektiivi	58
yksiääninen	adjektiivi	58
yltiöpositiivinen	adjektiivi	58
asiakeskeinen	adjektiivi	57
hepreankielinen	adjektiivi	57
ihanainen	adjektiivi	57
ikimuistettava	adjektiivi	57
ilmatieteellinen	adjektiivi	57
jäljittelemätön	adjektiivi	57
kaikenkattava	adjektiivi	57
katuvainen	adjektiivi	57
kellanruskea	adjektiivi	57
keskitasoinen	adjektiivi	57
kitkaton	adjektiivi	57
kolmekymmentävuotias	adjektiivi	57
kolmetoistavuotias	adjektiivi	57
kolmijalkainen	adjektiivi	57
kolmijäseninen	adjektiivi	57
kolossaalinen	adjektiivi	57
lapsuudenaikainen	adjektiivi	57
lunki	adjektiivi	57
läpitunkema	adjektiivi	57
monenkokoinen	adjektiivi	57
mustavalkea	adjektiivi	57
pikkiriikkinen	adjektiivi	57
pikkusuolainen	substantiivi, adjektiivi	57
pilkuntarkka	adjektiivi	57
putipuhdas	adjektiivi	57
rikkomaton	adjektiivi	57
sionistinen	adjektiivi	57
suippo	adjektiivi	57
tasalämpöinen	adjektiivi	57
telepaattinen	adjektiivi	57
työllisyyspoliittinen	adjektiivi	57
vahvatahtoinen	adjektiivi	57
ekonominen	adjektiivi	56
esoteerinen	adjektiivi	56
etupainotteinen	adjektiivi	56
gastronominen	adjektiivi	56
heikkohermoinen	adjektiivi	56
hyvätapainen	adjektiivi	56
julkaisukelpoinen	adjektiivi	56
jälkiteollinen	adjektiivi	56
kardiologinen	adjektiivi	56
kirkasotsainen	adjektiivi	56
messiaaninen	adjektiivi	56
mutantti	substantiivi, adjektiivi	56
myötäsukainen	adjektiivi	56
neuvostovastainen	adjektiivi	56
ostovoimainen	adjektiivi	56
pellavapää	substantiivi, adjektiivi	56
psykoterapeuttinen	adjektiivi	56
puolijulkinen	adjektiivi	56
ruosteenpunainen	adjektiivi	56
sieluton	adjektiivi	56
sikahyvä	adjektiivi	56
valekuollut	adjektiivi, substantiivi	56
vauhditon	adjektiivi	56
veropoliittinen	adjektiivi	56
vertikaalinen	adjektiivi	56
vintage	substantiivi, adjektiivi	56
vuoteenoma	adjektiivi	56
värisokea	adjektiivi, substantiivi	56
biokemiallinen	adjektiivi	55
demografinen	adjektiivi	55
helvetinmoinen	adjektiivi	55
heprealainen	adjektiivi, substantiivi	55
heraldinen	adjektiivi	55
himokas	adjektiivi	55
hönö	substantiivi, adjektiivi	55
ilmiöpohjainen	adjektiivi	55
krouvi	adjektiivi	55
matalatehoinen	adjektiivi	55
määrämittainen	adjektiivi	55
peittelemätön	adjektiivi	55
pyylevä	adjektiivi	55
pöyhkeä	adjektiivi	55
semanttinen	adjektiivi	55
suolapitoinen	adjektiivi	55
tarkoitukseton	adjektiivi	55
tarunomainen	adjektiivi	55
toivorikas	adjektiivi	55
vaikeapääsyinen	adjektiivi	55
valituksenalainen	adjektiivi	55
viisikielinen	adjektiivi	55
voitonvarma	adjektiivi	55
ärtyisä	adjektiivi	55
apostolinen	adjektiivi	54
erehtyväinen	adjektiivi	54
hitonmoinen	adjektiivi	54
kapearaiteinen	adjektiivi	54
kepulainen	substantiivi, adjektiivi	54
kolmikuinen	adjektiivi	54
koltankielinen	adjektiivi	54
koppava	adjektiivi	54
kulkukelpoinen	adjektiivi	54
kurssimuotoinen	adjektiivi	54
monenvälinen	adjektiivi	54
murteellinen	adjektiivi	54
nynny	adjektiivi, substantiivi	54
oikullinen	adjektiivi	54
pitkästyttävä	adjektiivi	54
polyfoninen	adjektiivi	54
puolitoistavuotinen	adjektiivi	54
pöpperöinen	adjektiivi	54
suruinen	adjektiivi	54
suurimuotoinen	adjektiivi	54
tiekohtainen	adjektiivi	54
tyydyttymätön	adjektiivi	54
viluinen	adjektiivi	54
epälojaali	adjektiivi	53
euroatlanttinen	adjektiivi	53
jihadistinen	adjektiivi	53
kansalaisuudeton	adjektiivi	53
minkäkokoinen	adjektiivi	53
moniselitteinen	adjektiivi	53
ristiriidaton	adjektiivi	53
sileäkarvainen	adjektiivi	53
sydänvikainen	adjektiivi, substantiivi	53
tarpeenmukainen	adjektiivi	53
tasaikäinen	adjektiivi	53
tehollinen	adjektiivi	53
turhanaikainen	adjektiivi	53
täplikäs	adjektiivi	53
uppiniskainen	adjektiivi	53
ylösalainen	adjektiivi	53
assyrialainen	adjektiivi, substantiivi	52
jalkavaivainen	adjektiivi	52
kansatieteellinen	adjektiivi	52
konventionaalinen	adjektiivi	52
koreografinen	adjektiivi	52
kunnianarvoisa	adjektiivi	52
körttiläinen	adjektiivi, substantiivi	52
laikukas	adjektiivi	52
lakonalainen	adjektiivi	52
loukkaamaton	adjektiivi	52
mielenvikainen	adjektiivi, substantiivi	52
monikymmenvuotinen	adjektiivi	52
monituinen	adjektiivi	52
myötäsyntyinen	adjektiivi	52
naturalistinen	adjektiivi	52
parikiloinen	adjektiivi	52
partasuu	substantiivi, adjektiivi	52
pellillinen	adjektiivi, substantiivi	52
pidäkkeetön	adjektiivi	52
raivopäinen	adjektiivi	52
räkänokka	substantiivi, adjektiivi	52
sarjavalmisteinen	adjektiivi	52
superraskas	adjektiivi	52
taskukokoinen	adjektiivi	52
tietokoneavusteinen	adjektiivi	52
uusimuotoinen	adjektiivi	52
viimeistelemätön	adjektiivi	52
yhdenjaksoinen	adjektiivi	52
ällö	adjektiivi	52
ajatuksellinen	adjektiivi	51
charmantti	adjektiivi	51
heikompiosainen	adjektiivi, substantiivi	51
hellyyttävä	adjektiivi	51
idioottivarma	adjektiivi	51
kiljuva	adjektiivi	51
kromaattinen	adjektiivi	51
kurantti	adjektiivi	51
käytöshäiriöinen	adjektiivi	51
lemmekäs	adjektiivi	51
lumihuippuinen	adjektiivi	51
metafyysinen	adjektiivi	51
militaristinen	adjektiivi	51
monitoiminen	adjektiivi	51
ravinnepitoinen	adjektiivi	51
riemuisa	adjektiivi	51
ruskeasilmäinen	adjektiivi	51
rämäkkä	substantiivi, adjektiivi	51
sanatarkka	adjektiivi	51
seitinohut	adjektiivi	51
stalinistinen	adjektiivi	51
tahdonalainen	adjektiivi	51
teosofinen	adjektiivi	51
tihkusateinen	adjektiivi	51
tommoinen	adjektiivi	51
totuudellinen	adjektiivi	51
tyven	adjektiivi, substantiivi	51
yleissitova	adjektiivi	51
auringonpaisteinen	adjektiivi	50
enteellinen	adjektiivi	50
epäilyksenalainen	adjektiivi	50
graavi	adjektiivi	50
huoltovapaa	adjektiivi	50
itäaasialainen	adjektiivi, substantiivi	50
juureton	adjektiivi	50
kampakeraaminen	adjektiivi	50
kilometrinen	adjektiivi	50
liikennekelpoinen	adjektiivi	50
littana	adjektiivi	50
lymfaattinen	adjektiivi	50
miesmäinen	adjektiivi	50
möreä	adjektiivi	50
nopeavaikutteinen	adjektiivi	50
osuustoiminnallinen	adjektiivi	50
pahantuulinen	adjektiivi	50
rottamainen	adjektiivi	50
ruskeankirjava	adjektiivi	50
sovittamaton	adjektiivi	50
suurisilmäinen	adjektiivi	50
symbioottinen	adjektiivi	50
tyköistuva	adjektiivi	50
vaistomainen	adjektiivi	50
valaehtoinen	adjektiivi	50
viehko	adjektiivi	50
ylivelkainen	adjektiivi	50
alipalkattu	adjektiivi	49
endeeminen	adjektiivi	49
ennenkokematon	adjektiivi	49
erimallinen	adjektiivi	49
farmakologinen	adjektiivi	49
harmaapäinen	adjektiivi	49
harteikas	adjektiivi	49
herraskainen	adjektiivi	49
höperö	adjektiivi, substantiivi	49
iankaikkinen	adjektiivi	49
kapeakatseinen	adjektiivi	49
kosmopoliittinen	adjektiivi	49
kovaonninen	adjektiivi	49
könniläinen	substantiivi, adjektiivi	49
lötkö	adjektiivi, substantiivi	49
makedonialainen	substantiivi, adjektiivi	49
monituntinen	adjektiivi	49
pennitön	adjektiivi	49
piirikunnallinen	adjektiivi	49
rukiinen	adjektiivi	49
sitomaton	adjektiivi	49
sopeutuva	adjektiivi	49
sähkötoiminen	adjektiivi	49
tasavaltainen	adjektiivi	49
tekotaiteellinen	adjektiivi	49
teräväkärkinen	adjektiivi	49
toissakesäinen	adjektiivi	49
tunkeileva	adjektiivi	49
tunnekylmä	adjektiivi	49
vaippaikäinen	adjektiivi	49
vastuunalainen	adjektiivi	49
ystävällismielinen	adjektiivi	49
alisteinen	adjektiivi	48
antikvaarinen	adjektiivi	48
ekstaattinen	adjektiivi	48
epäkurantti	adjektiivi	48
essentiaalinen	adjektiivi	48
kiriherkkä	adjektiivi	48
koherentti	adjektiivi	48
kruunaamaton	adjektiivi	48
langanlaiha	adjektiivi	48
määrätön	adjektiivi	48
niveljalkainen	adjektiivi, substantiivi	48
partasuinen	adjektiivi	48
pikkupoikamainen	adjektiivi	48
pörheä	adjektiivi	48
rakkaudeton	adjektiivi	48
rannaton	adjektiivi	48
ryteikköinen	adjektiivi	48
taaja	adjektiivi	48
terveystietoinen	adjektiivi	48
ulkoneva	adjektiivi	48
yksiavioinen	adjektiivi	48
aikuismainen	adjektiivi	47
antisosiaalinen	adjektiivi	47
biodynaaminen	adjektiivi	47
energiataloudellinen	adjektiivi	47
epäaktiivinen	adjektiivi	47
etuajo-oikeutettu	adjektiivi	47
etuvetoinen	adjektiivi	47
helläkätinen	adjektiivi	47
innoton	adjektiivi	47
julmettu	adjektiivi	47
kimakka	adjektiivi	47
kärttyisä	adjektiivi	47
metsätaloudellinen	adjektiivi	47
muistamaton	adjektiivi	47
oranssinkeltainen	adjektiivi	47
oranssinvärinen	adjektiivi	47
pehmyt	adjektiivi	47
pellavainen	adjektiivi	47
pidättyvä	adjektiivi	47
pitkäjalkainen	adjektiivi	47
pollea	adjektiivi	47
poloinen	adjektiivi, substantiivi	47
reteä	adjektiivi	47
siimahäntä	substantiivi, adjektiivi	47
sopimusoikeudellinen	adjektiivi	47
spartalainen	substantiivi, adjektiivi	47
suurisuinen	adjektiivi	47
suurvaltapoliittinen	adjektiivi	47
tasasivuinen	adjektiivi	47
toverillinen	adjektiivi	47
typpipitoinen	adjektiivi	47
uppo-outo	adjektiivi	47
vaivihkainen	adjektiivi	47
vajaalukuinen	adjektiivi	47
vihkiytymätön	adjektiivi	47
viisikymmentävuotias	adjektiivi	47
ysäri	substantiivi, adjektiivi	47
alkuvoimainen	adjektiivi	46
ekspressiivinen	adjektiivi	46
fressi	adjektiivi	46
huippuälykäs	adjektiivi	46
hurmeinen	adjektiivi	46
hälyisä	adjektiivi	46
kahdeksantoistavuotias	adjektiivi	46
kolmepäiväinen	adjektiivi	46
kolmikielinen	adjektiivi	46
leivätön	adjektiivi	46
lisääntymiskyvytön	adjektiivi	46
liukasliikkeinen	adjektiivi	46
lyhytjännitteinen	adjektiivi	46
läpäisemätön	adjektiivi	46
metallinhohtoinen	adjektiivi	46
monilahjakas	adjektiivi	46
moralistinen	adjektiivi	46
ohjauskyvytön	adjektiivi	46
perämiehetön	adjektiivi	46
polkkatukkainen	adjektiivi	46
punapää	substantiivi, adjektiivi	46
raajarikko	adjektiivi, substantiivi	46
räjähdysvaarallinen	adjektiivi	46
sahalaitainen	adjektiivi	46
selväjärkinen	adjektiivi	46
sorja	adjektiivi	46
sysipimeä	adjektiivi, substantiivi	46
tarkkakätinen	adjektiivi	46
toisennäköinen	adjektiivi	46
työkuntoinen	adjektiivi, substantiivi	46
uhrautuvainen	adjektiivi	46
umpimielinen	adjektiivi	46
urpo	adjektiivi, substantiivi	46
veres	adjektiivi	46
viisikiloinen	adjektiivi	46
äkkisyvä	adjektiivi, substantiivi	46
alokasmainen	adjektiivi	45
auditiivinen	adjektiivi	45
boreaalinen	adjektiivi	45
harmaahapsinen	adjektiivi	45
herkeämätön	adjektiivi	45
huomionkipeä	adjektiivi	45
hydrologinen	adjektiivi	45
julkisoikeudellinen	adjektiivi	45
kaksikymmentävuotias	adjektiivi	45
keskivahva	adjektiivi	45
kirkasvärinen	adjektiivi	45
korkeapalkkainen	adjektiivi	45
kuusikulmainen	adjektiivi	45
limisaumainen	adjektiivi	45
lipevä	adjektiivi	45
maanpetoksellinen	adjektiivi	45
marmorinen	adjektiivi	45
monikanavainen	adjektiivi	45
muotovalio	adjektiivi	45
mustanpuhuva	adjektiivi	45
päättämätön	adjektiivi	45
tahditon	adjektiivi	45
tiilenpunainen	adjektiivi	45
typötyhjä	adjektiivi	45
täysautomaattinen	adjektiivi	45
ulkokohtainen	adjektiivi	45
väestöpoliittinen	adjektiivi	45
ärjy	substantiivi, adjektiivi	45
arrogantti	adjektiivi	44
charmikas	adjektiivi	44
eilisiltainen	adjektiivi	44
ekspressionistinen	adjektiivi	44
esikristillinen	adjektiivi	44
irstas	adjektiivi	44
jatkuvajuoninen	adjektiivi	44
kantamaton	adjektiivi	44
kielitieteellinen	adjektiivi	44
kylmäkiskoinen	adjektiivi	44
lapsenmielinen	adjektiivi	44
laupias	adjektiivi	44
lettipäinen	adjektiivi	44
linjaton	adjektiivi	44
maapohjainen	adjektiivi	44
merihenkinen	adjektiivi	44
nelikulmainen	adjektiivi	44
nopearytminen	adjektiivi	44
paskainen	adjektiivi	44
piukea	adjektiivi	44
poeettinen	adjektiivi	44
puolihuolimaton	adjektiivi	44
raskasrakenteinen	adjektiivi	44
riivattu	adjektiivi, substantiivi	44
ruttuinen	adjektiivi	44
samanveroinen	adjektiivi	44
selektiivinen	adjektiivi	44
siveä	adjektiivi	44
sopimuspohjainen	adjektiivi	44
tyrannimainen	adjektiivi	44
työvelvollinen	substantiivi, adjektiivi	44
törppö	substantiivi, adjektiivi	44
vankkarakenteinen	adjektiivi	44
varainen	adjektiivi	44
vari	adjektiivi	44
balttilainen	adjektiivi, substantiivi	43
binäärinen	adjektiivi	43
epäkypsä	adjektiivi	43
esikuvallinen	adjektiivi	43
fundamentaalinen	adjektiivi	43
hammaslääketieteellinen	adjektiivi	43
hyppyhäntäinen	adjektiivi, substantiivi	43
kolmikymmenvuotinen	adjektiivi	43
kuulematon	adjektiivi	43
lehtevä	adjektiivi	43
lisämaksullinen	adjektiivi	43
maailmankatsomuksellinen	adjektiivi	43
maidenvälinen	adjektiivi	43
mielikuvituksekas	adjektiivi	43
moukkamainen	adjektiivi	43
nettiriippuvainen	substantiivi, adjektiivi	43
orjallinen	adjektiivi	43
pellavapäinen	adjektiivi	43
pianistinen	adjektiivi	43
polanteinen	adjektiivi	43
rasavilli	substantiivi, adjektiivi	43
raskastekoinen	adjektiivi	43
ruohovartinen	adjektiivi	43
seitsemäntoistavuotias	adjektiivi	43
tahdikas	adjektiivi	43
takaperoinen	adjektiivi	43
teräväkielinen	adjektiivi	43
täyttymätön	adjektiivi	43
vatsakas	adjektiivi	43
vatsatautinen	adjektiivi	43
viitseliäs	adjektiivi	43
voimaperäinen	adjektiivi	43
antaumuksellinen	adjektiivi	42
antisemitistinen	adjektiivi	42
artistinen	adjektiivi	42
edukas	adjektiivi	42
epäviisas	adjektiivi	42
harhaoppinen	adjektiivi, substantiivi	42
ilmielävä	adjektiivi	42
intellektuaalinen	adjektiivi	42
juonellinen	adjektiivi	42
kasvullinen	adjektiivi	42
kokoontaitettava	adjektiivi	42
koulumainen	adjektiivi	42
kriminaali	substantiivi, adjektiivi	42
käärmemäinen	adjektiivi	42
laajakirjoinen	adjektiivi	42
laiskanpulskea	adjektiivi	42
lehtipuuvaltainen	adjektiivi	42
lämminsydäminen	adjektiivi	42
monikasvoinen	adjektiivi	42
neliääninen	adjektiivi	42
omavalintainen	adjektiivi	42
paksunahkainen	adjektiivi	42
parraton	adjektiivi	42
pistämätön	adjektiivi	42
pitkittäinen	adjektiivi	42
polvipituinen	adjektiivi	42
psykoanalyyttinen	adjektiivi	42
puritaaninen	adjektiivi	42
pyrotekninen	adjektiivi	42
samanmuotoinen	adjektiivi	42
timantinkova	adjektiivi	42
tuumainen	adjektiivi	42
täyspäinen	adjektiivi, substantiivi	42
vahingonkorvausvelvollinen	adjektiivi	42
velvollisuudentuntoinen	adjektiivi	42
viraali	adjektiivi	42
adaptiivinen	adjektiivi	41
eskapistinen	adjektiivi	41
freudilainen	adjektiivi, substantiivi	41
hyväntuntuinen	adjektiivi	41
ikkunallinen	adjektiivi	41
jonkunnäköinen	adjektiivi	41
jäsentenvälinen	adjektiivi	41
jääkaappikylmä	adjektiivi	41
jörö	adjektiivi	41
kaksirivinen	adjektiivi	41
kaukonäköinen	adjektiivi	41
kovaksikeitetty	adjektiivi	41
kypsymätön	adjektiivi	41
leuhka	adjektiivi	41
luontoinen	adjektiivi	41
mattapintainen	adjektiivi	41
melodramaattinen	adjektiivi	41
muistorikas	adjektiivi	41
mukautuva	adjektiivi	41
muovautuva	adjektiivi	41
mäntyvaltainen	adjektiivi	41
möykkyinen	adjektiivi	41
raitainen	adjektiivi	41
sitkas	adjektiivi	41
sivuvaunullinen	adjektiivi	41
tehdasmainen	adjektiivi	41
tiedonhaluinen	adjektiivi	41
todenperäinen	adjektiivi	41
toope	adjektiivi, substantiivi	41
tummavetinen	adjektiivi	41
tänäinen	adjektiivi	41
umpihullu	adjektiivi, substantiivi	41
valokuvamainen	adjektiivi	41
varova	adjektiivi	41
vastavallankumouksellinen	adjektiivi, substantiivi	41
väekäs	adjektiivi	41
ympyräsuinen	adjektiivi, substantiivi	41
aikaansaapa	adjektiivi	40
avomielinen	adjektiivi	40
babylonialainen	adjektiivi, substantiivi	40
fataali	adjektiivi	40
herkkäihoinen	adjektiivi	40
honkkeli	adjektiivi, substantiivi	40
ikävystyttävä	adjektiivi	40
iloluontoinen	adjektiivi	40
kaksikymmenvuotias	adjektiivi	40
kaukasialainen	adjektiivi	40
louhikkoinen	adjektiivi	40
luovuttamaton	adjektiivi	40
pikkuvanha	adjektiivi	40
pitkämielinen	adjektiivi	40
sujuvasanainen	adjektiivi	40
taiturillinen	adjektiivi	40
talviasuttava	adjektiivi	40
tuonkaltainen	adjektiivi	40
työsuojelullinen	adjektiivi	40
uppoamaton	adjektiivi	40
voitonriemuinen	adjektiivi	40
yliedustettu	adjektiivi	40
aniliininpunainen	adjektiivi, substantiivi	39
hopeanhohtoinen	adjektiivi	39
ihmisperäinen	adjektiivi	39
ikihyvä	adjektiivi	39
itäkarjalainen	adjektiivi, substantiivi	39
ketku	adjektiivi, substantiivi	39
kovapohjainen	adjektiivi	39
lähdekriittinen	adjektiivi	39
merisairas	adjektiivi	39
nenäkäs	adjektiivi	39
omarahoitteinen	adjektiivi	39
operationaalinen	adjektiivi	39
pikkuporvarillinen	adjektiivi	39
potra	adjektiivi	39
problemaattinen	adjektiivi	39
puoliavoin	adjektiivi	39
rosee	substantiivi, adjektiivi	39
seremoniaalinen	adjektiivi	39
sisäkkäinen	adjektiivi	39
sähkönsininen	adjektiivi	39
teknokraattinen	adjektiivi	39
tyhmänrohkea	adjektiivi	39
vaitiolovelvollinen	adjektiivi	39
viisiviikkoinen	adjektiivi	39
virkasuhteinen	adjektiivi	39
vähäravinteinen	adjektiivi	39
yhteensopimaton	adjektiivi	39
yhteismitallinen	adjektiivi	39
yksitasoinen	adjektiivi	39
biomekaaninen	adjektiivi	38
dystooppinen	adjektiivi	38
eestiläinen	adjektiivi, substantiivi	38
erisuuntainen	adjektiivi	38
finanssipoliittinen	adjektiivi	38
fotorealistinen	adjektiivi	38
hienosyinen	adjektiivi	38
huikentelevainen	adjektiivi	38
ikäsidonnainen	adjektiivi	38
kopea	adjektiivi	38
kotipolttoinen	adjektiivi	38
kriminaalipoliittinen	adjektiivi	38
kultapitoinen	adjektiivi	38
kuuhullu	adjektiivi, substantiivi	38
lapsenkasvoinen	adjektiivi	38
likvidi	adjektiivi	38
luppakorva	substantiivi, adjektiivi	38
läpipääsemätön	adjektiivi	38
miettiväinen	adjektiivi	38
nopeaälyinen	adjektiivi	38
painollinen	adjektiivi	38
posliininen	adjektiivi	38
pönäkkä	adjektiivi	38
rakennuskelpoinen	adjektiivi	38
remakka	substantiivi, adjektiivi	38
runomuotoinen	adjektiivi	38
stoalainen	adjektiivi, substantiivi	38
sulkeinen	adjektiivi, substantiivi	38
tämänkeväinen	adjektiivi	38
ulommainen	adjektiivi	38
ultramoderni	adjektiivi	38
vahvarakenteinen	adjektiivi	38
vakainen	adjektiivi	38
vittumainen	adjektiivi	38
väärtti	adjektiivi	38
ynseä	adjektiivi	38
aivokuollut	substantiivi, adjektiivi	37
alikehittynyt	adjektiivi	37
eriaikainen	adjektiivi	37
geodeettinen	adjektiivi	37
hellittämätön	adjektiivi	37
hiirenhiljainen	adjektiivi	37
hyväluonteinen	adjektiivi	37
hyökkäyksellinen	adjektiivi	37
imeväisikäinen	adjektiivi, substantiivi	37
jännitteetön	adjektiivi	37
kanoninen	adjektiivi	37
karnevalistinen	adjektiivi	37
kaunainen	adjektiivi	37
kaunopuheinen	adjektiivi	37
keskiaktiivinen	adjektiivi	37
koptilainen	adjektiivi	37
korkeaoktaaninen	adjektiivi	37
kubistinen	adjektiivi	37
kuivakas	adjektiivi	37
kuuromykkä	adjektiivi, substantiivi	37
kuusinen	adjektiivi	37
kuvaamaton	adjektiivi	37
laaduton	adjektiivi	37
laitosmuotoinen	adjektiivi	37
lajirikas	adjektiivi	37
luotollinen	adjektiivi	37
monilukuinen	adjektiivi	37
nuorakeraaminen	adjektiivi	37
orgastinen	adjektiivi	37
parahin	adjektiivi	37
puhekyvytön	adjektiivi	37
puolinainen	adjektiivi	37
rasvapitoinen	adjektiivi	37
sarjallinen	adjektiivi	37
selkäydinvammainen	adjektiivi, substantiivi	37
selvänumeroinen	adjektiivi	37
sikiöaikainen	adjektiivi	37
suupaltti	adjektiivi, substantiivi	37
säröinen	adjektiivi	37
tankea	adjektiivi	37
tervejärkinen	adjektiivi	37
teräväpäinen	adjektiivi	37
tohelo	adjektiivi, substantiivi	37
trigonometrinen	adjektiivi	37
tuohinen	adjektiivi, substantiivi	37
vajaakäyttöinen	adjektiivi	37
veitsenterävä	adjektiivi	37
viinanhuuruinen	adjektiivi	37
vilpoisa	adjektiivi	37
viuhkamainen	adjektiivi	37
vänkä	adjektiivi	37
anorektinen	adjektiivi	36
dorka	adjektiivi, substantiivi	36
filmaattinen	adjektiivi	36
hallituskelpoinen	adjektiivi	36
harrastelijamainen	adjektiivi	36
hauskannäköinen	adjektiivi	36
jalkava	adjektiivi	36
kansallispukuinen	adjektiivi	36
karsinogeeninen	adjektiivi	36
leveälahkeinen	adjektiivi	36
lähekkäinen	adjektiivi	36
majesteetillinen	adjektiivi	36
mantereinen	adjektiivi	36
monityydyttymätön	adjektiivi	36
myöhäisromanttinen	adjektiivi	36
paperinmakuinen	adjektiivi	36
pienikaliiberinen	adjektiivi	36
punalihainen	adjektiivi	36
pyörällinen	adjektiivi	36
rautias	substantiivi, adjektiivi	36
sumerilainen	adjektiivi, substantiivi	36
synkkämielinen	adjektiivi	36
syömätön	adjektiivi	36
tapahtumaköyhä	adjektiivi	36
turpea	adjektiivi	36
vastavihitty	adjektiivi, substantiivi	36
vegetatiivinen	adjektiivi	36
amatöörimäinen	adjektiivi	35
ansaitsematon	adjektiivi	35
egoistinen	adjektiivi	35
erikorkuinen	adjektiivi	35
heikkotehoinen	adjektiivi	35
höyhenenkevyt	adjektiivi	35
ihmiskeskeinen	adjektiivi	35
jalallinen	adjektiivi	35
kasvuikäinen	adjektiivi	35
kiteinen	adjektiivi	35
kitkainen	adjektiivi	35
kohtalonomainen	adjektiivi	35
kolmijakoinen	adjektiivi	35
kreikankielinen	adjektiivi	35
kruunupäinen	adjektiivi	35
läpimätä	adjektiivi	35
löllö	adjektiivi, substantiivi	35
massiivipuinen	adjektiivi	35
mieliinpainuva	adjektiivi	35
monenvärinen	adjektiivi	35
naarmuinen	adjektiivi	35
omakätinen	adjektiivi	35
pitkäpartainen	adjektiivi	35
puolihullu	adjektiivi	35
rahvaanomainen	adjektiivi	35
runsasravinteinen	adjektiivi	35
seksologinen	adjektiivi	35
siviilioikeudellinen	adjektiivi	35
sofistikoitunut	adjektiivi	35
suprajohtava	adjektiivi	35
takapainoinen	adjektiivi	35
tasakokoinen	adjektiivi	35
tasapainoton	adjektiivi	35
työhullu	adjektiivi, substantiivi	35
vaihtuvakorkoinen	adjektiivi	35
valoherkkä	adjektiivi	35
vesipohjainen	adjektiivi	35
vulgaari	adjektiivi	35
ylikansoitettu	adjektiivi	35
ääliömäinen	adjektiivi	35
asiantuntematon	adjektiivi	34
bensasyöppö	substantiivi, adjektiivi	34
esiteini-ikäinen	adjektiivi	34
etymologinen	adjektiivi	34
fragmentaarinen	adjektiivi	34
hassunkurinen	adjektiivi	34
heinikkoinen	adjektiivi	34
kaikenvärinen	adjektiivi	34
karhumainen	adjektiivi	34
korkillinen	adjektiivi, substantiivi	34
kungfutselainen	adjektiivi, substantiivi	34
kymmenenvuotias	adjektiivi, substantiivi	34
lihainen	adjektiivi	34
maalaismainen	adjektiivi	34
maastokelpoinen	adjektiivi	34
matalakorkoinen	adjektiivi	34
medisiininen	adjektiivi	34
miljoonainen	adjektiivi	34
minkäikäinen	adjektiivi	34
monisanainen	adjektiivi	34
norjankielinen	adjektiivi	34
pahuksenmoinen	adjektiivi	34
pedofiilinen	adjektiivi	34
pienipiirteinen	adjektiivi	34
platoninen	adjektiivi	34
ruokoton	adjektiivi, substantiivi	34
samanvertainen	adjektiivi	34
seniili	adjektiivi	34
sinikantinen	adjektiivi	34
tasapohjainen	adjektiivi	34
tuhruinen	adjektiivi	34
tulenkestävä	adjektiivi	34
ulkoparlamentaarinen	adjektiivi	34
vaka	adjektiivi	34
yksitotinen	adjektiivi	34
aforistinen	adjektiivi	33
eriluonteinen	adjektiivi	33
federalistinen	adjektiivi	33
heikko-osainen	adjektiivi, substantiivi	33
kettumainen	adjektiivi	33
kovaluonteinen	adjektiivi	33
kultareunainen	adjektiivi	33
kunnittainen	adjektiivi	33
kursailematon	adjektiivi	33
kvantitatiivinen	adjektiivi	33
luonnonkihara	adjektiivi, substantiivi	33
läpimittainen	adjektiivi	33
maailmanhistoriallinen	adjektiivi	33
maanvarainen	adjektiivi	33
muli	adjektiivi	33
naisvoittoinen	adjektiivi	33
nasaretilainen	adjektiivi, substantiivi	33
nuoska	adjektiivi, substantiivi	33
ohuinen	adjektiivi	33
paranoidinen	adjektiivi	33
paskamainen	adjektiivi	33
pikkusieluinen	adjektiivi	33
pirunmoinen	adjektiivi	33
profeetallinen	adjektiivi	33
sivuttainen	adjektiivi	33
sopusointuinen	adjektiivi	33
sotahullu	adjektiivi, substantiivi	33
sulavaliikkeinen	adjektiivi	33
syntymäsokea	adjektiivi, substantiivi	33
taaimmainen	adjektiivi	33
timmi	adjektiivi, substantiivi	33
toraisa	adjektiivi	33
transatlanttinen	adjektiivi	33
tutunnäköinen	adjektiivi	33
ulkonainen	adjektiivi	33
urospuolinen	adjektiivi	33
valtioton	adjektiivi	33
virologinen	adjektiivi	33
vähä-älyinen	adjektiivi	33
yhteiskuntakriittinen	adjektiivi	33
yleiskielinen	adjektiivi	33
aikaavievä	adjektiivi	32
ansioton	adjektiivi	32
eittämätön	adjektiivi	32
helppotajuinen	adjektiivi	32
herkkäuskoinen	adjektiivi	32
homofobinen	adjektiivi	32
höyrypää	substantiivi, adjektiivi	32
ihmisarka	adjektiivi	32
kaksitahtinen	adjektiivi	32
kalainen	adjektiivi	32
karvanaama	substantiivi, adjektiivi	32
kolmipäinen	adjektiivi	32
kovakuorinen	adjektiivi	32
kovera	adjektiivi	32
lyhkäinen	adjektiivi	32
lyhytjalkainen	adjektiivi	32
maalaamaton	adjektiivi	32
makeahko	adjektiivi	32
marjaisa	adjektiivi	32
markkinahintainen	adjektiivi	32
matala-aktiivinen	adjektiivi	32
matalakasvuinen	adjektiivi	32
merkkiuskollinen	adjektiivi	32
metsätieteellinen	adjektiivi	32
modaalinen	adjektiivi	32
multava	adjektiivi	32
mälsä	adjektiivi	32
pahainen	adjektiivi	32
pakkotahtinen	adjektiivi	32
paperinohut	adjektiivi	32
pastoraalinen	adjektiivi	32
pensaikkoinen	adjektiivi	32
pensasmainen	adjektiivi	32
pitkävihainen	adjektiivi	32
punatukka	adjektiivi, substantiivi	32
puolikuollut	adjektiivi	32
pyörteinen	adjektiivi	32
rauhantahtoinen	adjektiivi	32
sarvekas	adjektiivi	32
sensorinen	adjektiivi	32
sielunhoidollinen	adjektiivi	32
sienimäinen	adjektiivi	32
siivetön	adjektiivi	32
siloinen	adjektiivi	32
sydämenmuotoinen	adjektiivi	32
sävyisä	adjektiivi	32
työvaltainen	adjektiivi	32
valloittamaton	adjektiivi	32
valo-ohjattu	adjektiivi	32
viiruinen	adjektiivi	32
alistuva	adjektiivi	31
astrologinen	adjektiivi	31
eriniminen	adjektiivi	31
hahmoinen	adjektiivi	31
hemaiseva	adjektiivi	31
hidaskasvuinen	adjektiivi	31
immateriaalinen	adjektiivi	31
jouhea	adjektiivi	31
kerettiläinen	adjektiivi, substantiivi	31
kukkakuvioinen	adjektiivi	31
kuluttajaystävällinen	adjektiivi	31
kunnallistekninen	adjektiivi	31
lakimääräinen	adjektiivi	31
leppymätön	adjektiivi	31
lyhytvartinen	adjektiivi	31
minkämaalainen	adjektiivi	31
monipäinen	adjektiivi	31
ohutkuorinen	adjektiivi	31
ongelmalähtöinen	adjektiivi	31
paineellinen	adjektiivi	31
pystykorvainen	adjektiivi	31
riskinen	adjektiivi	31
samarialainen	adjektiivi, substantiivi	31
seemiläinen	adjektiivi, substantiivi	31
sees	adjektiivi	31
siloposkinen	adjektiivi	31
sippi	adjektiivi	31
tahrainen	adjektiivi	31
takaa-ajettu	adjektiivi, substantiivi	31
tosikkomainen	adjektiivi	31
työsopimussuhteinen	adjektiivi	31
tähtisilmä	substantiivi, adjektiivi	31
tämänsyksyinen	adjektiivi	31
täysijärkinen	adjektiivi, substantiivi	31
unenaikainen	adjektiivi	31
uupumaton	adjektiivi	31
valkokukkainen	adjektiivi	31
vesijäähdytteinen	adjektiivi	31
virikkeetön	adjektiivi	31
voimakasääninen	adjektiivi	31
voinen	adjektiivi	31
ylihuolehtiva	adjektiivi	31
ammattieettinen	adjektiivi	30
atonaalinen	adjektiivi	30
aviollinen	adjektiivi	30
diktatorinen	adjektiivi	30
esiintymiskykyinen	adjektiivi	30
gerontologinen	adjektiivi	30
hyvämuistinen	adjektiivi	30
höppänä	adjektiivi, substantiivi	30
improvisatorinen	adjektiivi	30
kaksisiipinen	adjektiivi, substantiivi	30
kartiomainen	adjektiivi	30
kellontarkka	adjektiivi	30
kolmihaarainen	adjektiivi	30
korkeakulttuurinen	adjektiivi	30
luotisuora	adjektiivi, substantiivi	30
läpitunkematon	adjektiivi	30
messevä	adjektiivi	30
monihaarainen	adjektiivi	30
muistinvarainen	adjektiivi	30
mukautuvainen	adjektiivi	30
nelitahtinen	adjektiivi	30
pehmeäkantinen	adjektiivi	30
pääomavaltainen	adjektiivi	30
pörröpää	substantiivi, adjektiivi	30
ravinnerikas	adjektiivi	30
roomalaiskatolinen	adjektiivi, substantiivi	30
runsasvetinen	adjektiivi	30
ruskeatukkainen	adjektiivi	30
sattuva	adjektiivi	30
sekundäärinen	adjektiivi	30
sesonkiluonteinen	adjektiivi	30
siirtogeeninen	adjektiivi	30
spesifi	adjektiivi	30
synnitön	adjektiivi	30
teräväsanainen	adjektiivi	30
turkoosinsininen	adjektiivi	30
uintikelpoinen	adjektiivi	30
vastakohtainen	adjektiivi	30
välimuotoinen	adjektiivi	30
yksivaiheinen	adjektiivi	30
ylileveä	adjektiivi	30
ympäristövastuullinen	adjektiivi	30
armoitettu	adjektiivi	29
arpinen	adjektiivi	29
elinkykyinen	adjektiivi	29
elliptinen	adjektiivi	29
etukäteinen	adjektiivi	29
hallanarka	adjektiivi	29
hellyydenkipeä	adjektiivi	29
huonotapainen	adjektiivi	29
ilkeännäköinen	adjektiivi	29
itkunsekainen	adjektiivi	29
jonkalainen	adjektiivi	29
järkky	adjektiivi	29
kaikinpuolinen	adjektiivi	29
kaksikymmenvuotinen	adjektiivi	29
kaksinainen	adjektiivi	29
katkuinen	adjektiivi	29
kaunoinen	adjektiivi	29
kertalämmitteinen	adjektiivi	29
kesyttämätön	adjektiivi	29
kiharapäinen	adjektiivi	29
kirkassilmäinen	adjektiivi	29
kukikas	adjektiivi	29
kukka-aiheinen	adjektiivi	29
kuutiomainen	adjektiivi	29
marjainen	adjektiivi	29
masokistinen	adjektiivi	29
merkitön	adjektiivi	29
minkävärinen	adjektiivi	29
monitekijäinen	adjektiivi	29
murkkuikäinen	adjektiivi	29
mäsä	adjektiivi	29
nelikymmenvuotinen	adjektiivi	29
nelimoottorinen	adjektiivi	29
parahultainen	adjektiivi	29
pitkäpiimäinen	adjektiivi	29
punapäinen	adjektiivi	29
puolankielinen	adjektiivi	29
puuromainen	adjektiivi	29
ravakka	adjektiivi	29
ravinneköyhä	adjektiivi	29
riemunkirjava	adjektiivi	29
rutinoitu	adjektiivi	29
selvärajainen	adjektiivi	29
soinniton	adjektiivi	29
suklainen	adjektiivi	29
systolinen	adjektiivi	29
takakireä	adjektiivi	29
tunteenomainen	adjektiivi	29
turbaanipäinen	adjektiivi	29
täysitehoinen	adjektiivi	29
valapatto	adjektiivi, substantiivi	29
varmatoiminen	adjektiivi	29
vetoisa	adjektiivi	29
vähemmistökielinen	substantiivi, adjektiivi	29
yksiviivainen	adjektiivi	29
ala-astelainen	adjektiivi, substantiivi	28
armahtava	adjektiivi	28
aukkoinen	adjektiivi	28
dominantti	adjektiivi, substantiivi	28
eksistentialistinen	adjektiivi	28
epämusikaalinen	adjektiivi	28
giganttinen	adjektiivi	28
hermoherkkä	adjektiivi	28
hiilipitoinen	adjektiivi	28
hurmahenkinen	adjektiivi	28
hyväntuoksuinen	adjektiivi	28
jatkuvalämmitteinen	adjektiivi	28
kaiuton	adjektiivi	28
kapoinen	adjektiivi	28
kierä	adjektiivi	28
kohelo	adjektiivi, substantiivi	28
kulkukelvoton	adjektiivi	28
laajakaistainen	adjektiivi	28
liikkumisesteinen	adjektiivi, substantiivi	28
lujatahtoinen	adjektiivi	28
lukkiutumaton	adjektiivi	28
luonnonvalkoinen	adjektiivi	28
maalaisliittolainen	substantiivi, adjektiivi	28
mateleva	adjektiivi	28
merkkitietoinen	adjektiivi	28
monipaikkainen	adjektiivi	28
monisoluinen	adjektiivi, substantiivi	28
muovipäällysteinen	adjektiivi	28
mäntti	substantiivi*, adjektiivi	28
näsäviisas	adjektiivi	28
oksainen	adjektiivi	28
puhdasvetinen	adjektiivi	28
raivopää	substantiivi, adjektiivi	28
rapainen	adjektiivi	28
repäisevä	adjektiivi	28
rinnasteinen	adjektiivi	28
salkuton	adjektiivi	28
samanlaatuinen	adjektiivi	28
seitsenkuinen	adjektiivi	28
suurellinen	adjektiivi	28
suuripalkkainen	adjektiivi	28
tabloidikokoinen	adjektiivi	28
tain	adjektiivi	28
toisinajatteleva	adjektiivi	28
totunnainen	adjektiivi	28
tuikea	adjektiivi	28
tunneherkkä	adjektiivi	28
tuppisuinen	adjektiivi	28
tuulenpitävä	adjektiivi	28
untuvainen	adjektiivi	28
valkaisematon	adjektiivi	28
ventti	substantiivi, adjektiivi	28
vesiohenteinen	adjektiivi	28
yksinäytöksinen	adjektiivi	28
yksityisoikeudellinen	adjektiivi	28
yliaikainen	adjektiivi	28
antiseptinen	adjektiivi	27
dekoratiivinen	adjektiivi	27
episkopaalinen	adjektiivi	27
epäseksikäs	adjektiivi	27
halpahintainen	adjektiivi	27
hiilikuituinen	adjektiivi	27
holistinen	adjektiivi	27
houreinen	adjektiivi	27
joulunpunainen	adjektiivi	27
kaksinaismoralistinen	adjektiivi	27
kalevalamittainen	adjektiivi	27
kaloriton	adjektiivi	27
katoksellinen	adjektiivi	27
kellanvihreä	adjektiivi	27
kellomainen	adjektiivi	27
kipsinen	adjektiivi	27
kolmimiehinen	adjektiivi	27
konsultatiivinen	adjektiivi	27
kuhmurainen	adjektiivi	27
lapsivihamielinen	adjektiivi	27
lälly	adjektiivi	27
makrotaloudellinen	adjektiivi	27
minäkeskeinen	adjektiivi	27
moniavioinen	adjektiivi	27
monisairas	substantiivi, adjektiivi	27
mustikkainen	adjektiivi	27
omistushaluinen	adjektiivi	27
paleontologinen	adjektiivi	27
patavanhoillinen	adjektiivi	27
privaatti	adjektiivi	27
puhtaanvalkoinen	adjektiivi	27
puli	adjektiivi	27
puolikiloinen	adjektiivi	27
puolipyöreä	adjektiivi	27
purppuranvärinen	adjektiivi	27
pöyheä	adjektiivi	27
random	adjektiivi	27
raskassoutuinen	adjektiivi	27
reipashenkinen	adjektiivi	27
riekaleinen	adjektiivi	27
satoinen	adjektiivi	27
sikasiisti	adjektiivi	27
sorapäällysteinen	adjektiivi	27
sulokas	adjektiivi	27
suomalaiskansallinen	adjektiivi	27
suomenmielinen	adjektiivi	27
sähkömekaaninen	adjektiivi	27
taistelutahtoinen	adjektiivi	27
taolainen	adjektiivi, substantiivi	27
tihkuinen	adjektiivi	27
tilaton	adjektiivi	27
turkinkielinen	adjektiivi	27
törttö	adjektiivi	27
urbaaninen	adjektiivi	27
vaakasuuntainen	adjektiivi	27
valokuvauksellinen	adjektiivi	27
valtionjohtoinen	adjektiivi	27
vaskinen	adjektiivi	27
veripunainen	adjektiivi	27
vääräoppinen	adjektiivi, substantiivi	27
yhtäpitävä	adjektiivi	27
yksilapsinen	adjektiivi	27
yleisinhimillinen	adjektiivi	27
yleisluonteinen	adjektiivi	27
cissukupuolinen	adjektiivi, substantiivi	26
erikoisvalmisteinen	adjektiivi	26
faktinen	adjektiivi	26
impotentti	adjektiivi	26
juhlapukuinen	adjektiivi	26
jyrkkäsanainen	adjektiivi	26
keskimittainen	adjektiivi	26
ketjullinen	adjektiivi	26
leveälierinen	adjektiivi	26
monipiippuinen	adjektiivi	26
myrtsi	adjektiivi	26
oliivinvihreä	adjektiivi	26
pakottamaton	adjektiivi	26
polytekninen	adjektiivi	26
portaaton	adjektiivi	26
preussilainen	adjektiivi, substantiivi	26
puolikypsä	adjektiivi	26
reheväkasvuinen	adjektiivi	26
samanmallinen	adjektiivi	26
sapekas	adjektiivi	26
sotaakäyvä	adjektiivi	26
teeskentelemätön	adjektiivi	26
tietoviisas	adjektiivi	26
vaikeakäyttöinen	adjektiivi	26
vajaatuottoinen	adjektiivi	26
vallanhaluinen	adjektiivi	26
valopää	substantiivi, adjektiivi	26
vartalonmyötäinen	adjektiivi	26
vesikauhuinen	adjektiivi	26
vieraskorea	adjektiivi	26
vitamiinipitoinen	adjektiivi	26
äimä	adjektiivi	26
addiktiivinen	adjektiivi	25
alentuva	adjektiivi	25
empiretyylinen	adjektiivi	25
esikoispitkä	substantiivi, adjektiivi	25
foinikialainen	adjektiivi, substantiivi	25
haponkestävä	adjektiivi	25
huilumainen	adjektiivi	25
huonotuulinen	adjektiivi	25
imukykyinen	adjektiivi	25
intertekstuaalinen	adjektiivi	25
kalvas	adjektiivi	25
kannakselainen	adjektiivi, substantiivi	25
kaunisääninen	adjektiivi	25
kesäöinen	adjektiivi	25
kiihkoisänmaallinen	adjektiivi	25
kirjoitustaitoinen	adjektiivi	25
korkea-annoksinen	adjektiivi	25
kukkainen	adjektiivi	25
kurttuinen	adjektiivi	25
kuumesairas	adjektiivi, substantiivi	25
kuusikymmentävuotias	adjektiivi	25
laikullinen	adjektiivi	25
luihu	adjektiivi	25
luonnonvastainen	adjektiivi	25
luunkova	adjektiivi	25
matalamielinen	adjektiivi	25
menetelmällinen	adjektiivi	25
mineraalipitoinen	adjektiivi	25
nopeatekoinen	adjektiivi	25
okkulttinen	adjektiivi	25
omanarvontuntoinen	adjektiivi	25
painokelpoinen	adjektiivi	25
parikymmenhenkinen	adjektiivi	25
pehmeäkuorinen	adjektiivi	25
perinteellinen	adjektiivi	25
pihkainen	adjektiivi	25
punanenäinen	adjektiivi	25
reiällinen	adjektiivi	25
ruotoinen	adjektiivi	25
tiheäsilmäinen	adjektiivi	25
ulkokultainen	adjektiivi	25
viimainen	adjektiivi	25
viinaton	adjektiivi	25
villava	adjektiivi	25
välähdyksenomainen	adjektiivi	25
yksikamarinen	adjektiivi	25
ylipursuava	adjektiivi	25
äiditön	adjektiivi	25
öljypitoinen	adjektiivi	25
abstraktinen	adjektiivi	24
affektiivinen	adjektiivi	24
aritmeettinen	adjektiivi	24
assosiatiivinen	adjektiivi	24
atlanttinen	adjektiivi	24
avo	adjektiivi	24
benigni	adjektiivi	24
bosniahertsegovinalainen	adjektiivi, substantiivi	24
dadaistinen	adjektiivi	24
dogmaattinen	adjektiivi	24
hallitusmielinen	adjektiivi	24
herkkävireinen	adjektiivi	24
keskeytyksetön	adjektiivi	24
kosmologinen	adjektiivi	24
kulutuskriittinen	adjektiivi	24
kunnallispoliittinen	adjektiivi	24
läikikäs	adjektiivi	24
matalaääninen	adjektiivi	24
mattamusta	adjektiivi	24
mekanistinen	adjektiivi	24
monimerkityksinen	adjektiivi	24
mutkallinen	adjektiivi	24
näytelmällinen	adjektiivi	24
offensiivinen	adjektiivi	24
paineenalainen	adjektiivi	24
petomainen	adjektiivi	24
polyamorinen	adjektiivi	24
pullero	substantiivi, adjektiivi	24
pääjalkainen	adjektiivi, substantiivi	24
riidanhaluinen	adjektiivi	24
riittoisa	adjektiivi	24
rikinkeltainen	adjektiivi	24
ruosteenruskea	adjektiivi	24
rytmillinen	adjektiivi	24
röyhelöinen	adjektiivi	24
selväpäinen	adjektiivi	24
suoperäinen	adjektiivi	24
suoralinjainen	adjektiivi	24
syinen	adjektiivi	24
tavanmukainen	adjektiivi	24
tomuinen	adjektiivi	24
tulenpalava	adjektiivi	24
useammanlainen	adjektiivi	24
utooppinen	adjektiivi	24
vaikeatajuinen	adjektiivi	24
vesiselvä	adjektiivi	24
viisikymmenvuotias	adjektiivi	24
yhteiskuntapoliittinen	adjektiivi	24
aistiherkkä	adjektiivi	23
aivovammainen	adjektiivi, substantiivi	23
alipaineinen	adjektiivi	23
alueittainen	adjektiivi	23
ambivalentti	adjektiivi	23
elinaikainen	adjektiivi	23
finninaamainen	adjektiivi	23
huonotuloinen	adjektiivi	23
hyhmäinen	adjektiivi	23
höhlä	adjektiivi, substantiivi	23
hölösuu	substantiivi, adjektiivi	23
kadunpuoleinen	adjektiivi	23
kalustamaton	adjektiivi	23
kansandemokraattinen	adjektiivi	23
karttuisa	adjektiivi	23
kauhallinen	adjektiivi, substantiivi	23
kolmikuukautinen	adjektiivi	23
kolmivärinen	adjektiivi	23
kovakorvainen	adjektiivi	23
kuvataiteellinen	adjektiivi	23
käypäinen	adjektiivi	23
lemmenkipeä	adjektiivi	23
luiseva	adjektiivi	23
lukumääräinen	adjektiivi	23
maitomainen	adjektiivi	23
maksi	adjektiivi, substantiivi	23
monijäseninen	adjektiivi	23
monisatavuotinen	adjektiivi	23
nurmikkoinen	adjektiivi	23
pitkämatkainen	adjektiivi, substantiivi	23
porrasperäinen	adjektiivi	23
raskasmielinen	adjektiivi	23
runsaskätinen	adjektiivi	23
rutiiniluontoinen	adjektiivi	23
samankorkuinen	adjektiivi	23
seinällinen	adjektiivi, substantiivi	23
sekamuotoinen	adjektiivi	23
shintolainen	adjektiivi, substantiivi	23
sinivalkea	adjektiivi	23
suhdannepoliittinen	adjektiivi	23
suklaanruskea	adjektiivi	23
syvämietteinen	adjektiivi	23
söötti	adjektiivi	23
takkutukka	substantiivi, adjektiivi	23
tehdastekoinen	adjektiivi	23
turmeltumaton	adjektiivi	23
tymäkkä	adjektiivi	23
urologinen	adjektiivi	23
vaarainen	adjektiivi	23
valonarka	adjektiivi	23
varhaiskeskiaikainen	adjektiivi	23
vastaleivottu	adjektiivi	23
viimekätinen	adjektiivi	23
vähämerkityksinen	adjektiivi	23
yläasteelainen	adjektiivi, substantiivi	23
äänteellinen	adjektiivi	23
anafylaktinen	adjektiivi	22
astmaattinen	adjektiivi	22
epäesteettinen	adjektiivi	22
esineellinen	adjektiivi	22
halpakorkoinen	adjektiivi	22
havupuuvaltainen	adjektiivi	22
heleä-ääninen	adjektiivi	22
hyväluontoinen	adjektiivi	22
intersektionaalinen	adjektiivi	22
itäkoillinen	substantiivi, adjektiivi	22
kaksikamarinen	adjektiivi	22
kaunosieluinen	adjektiivi	22
keskentekoinen	adjektiivi	22
kierosilmäinen	adjektiivi	22
kirjakielinen	adjektiivi	22
kissankokoinen	adjektiivi	22
kolloidinen	adjektiivi	22
kolmeviikkoinen	adjektiivi	22
kolmikulmainen	adjektiivi	22
koossapitävä	adjektiivi	22
kylmänarka	adjektiivi	22
lasimainen	adjektiivi	22
liikkeellepaneva	adjektiivi	22
mahonkinen	adjektiivi	22
marto	adjektiivi, substantiivi	22
metsävaltainen	adjektiivi	22
monisärmäinen	adjektiivi	22
monituhatvuotinen	adjektiivi	22
monoliittinen	adjektiivi	22
mukulakivinen	adjektiivi	22
myrkynvihreä	adjektiivi	22
nukkemainen	adjektiivi	22
perinnötön	adjektiivi	22
pirtsakka	adjektiivi	22
pitkänokkainen	adjektiivi	22
proosallinen	adjektiivi	22
punahehkuinen	adjektiivi	22
rahamääräinen	adjektiivi	22
rauhainen	adjektiivi	22
riehakka	adjektiivi	22
ritarillinen	adjektiivi	22
runsaslajinen	adjektiivi	22
ruskeankeltainen	adjektiivi	22
seksiriippuvainen	substantiivi, adjektiivi	22
sesonkiluontoinen	adjektiivi	22
soittimellinen	adjektiivi	22
spesifinen	adjektiivi	22
spiritistinen	adjektiivi	22
suggestiivinen	adjektiivi	22
sumeilematon	adjektiivi	22
talvenkestävä	adjektiivi	22
teräväsärmäinen	adjektiivi	22
tiheäsyinen	adjektiivi	22
tilannesidonnainen	adjektiivi	22
todistusvoimainen	adjektiivi	22
topografinen	adjektiivi	22
tuskaton	adjektiivi	22
tähtimäinen	adjektiivi	22
valkotukkainen	adjektiivi	22
vanhasuomalainen	adjektiivi, substantiivi	22
vastuuntunnoton	adjektiivi	22
vesistöinen	adjektiivi	22
äidinpuoleinen	adjektiivi	22
arkirealistinen	adjektiivi	21
elämänhaluinen	adjektiivi	21
haaksirikkoinen	adjektiivi, substantiivi	21
harmaahapsi	adjektiivi, substantiivi	21
herkkäuninen	adjektiivi	21
häilyväinen	adjektiivi	21
ihmisrakas	adjektiivi	21
jaollinen	adjektiivi	21
jyrkkärinteinen	adjektiivi	21
jänskä	adjektiivi	21
kalmankalpea	adjektiivi	21
kalvakka	adjektiivi	21
katollinen	adjektiivi	21
kielitietoinen	adjektiivi	21
koltansaamelainen	adjektiivi, substantiivi	21
kuvioinen	adjektiivi	21
kyttyräselkäinen	adjektiivi	21
laktoosi-intolerantti	adjektiivi, substantiivi	21
leimaa-antava	adjektiivi	21
likomärkä	adjektiivi	21
nappisilmäinen	adjektiivi	21
nasakka	adjektiivi	21
nopeakulkuinen	adjektiivi	21
omatahtoinen	adjektiivi	21
parikuinen	adjektiivi	21
pienikasvuinen	adjektiivi	21
piikkinen	adjektiivi	21
prosenttimääräinen	adjektiivi	21
punakka	adjektiivi	21
pörssinoteerattu	adjektiivi	21
railakka	adjektiivi	21
rajakarjalainen	adjektiivi, substantiivi	21
rumannäköinen	adjektiivi	21
runsaskuituinen	adjektiivi	21
runsassatoinen	adjektiivi	21
sammalpeitteinen	adjektiivi	21
sekulaarinen	adjektiivi	21
sekundaarinen	adjektiivi	21
siivellinen	adjektiivi	21
sopeutumiskykyinen	adjektiivi	21
suurilevikkinen	adjektiivi	21
syväluotaava	adjektiivi	21
sähkökemiallinen	adjektiivi	21
sähköstaattinen	adjektiivi	21
talviliukas	adjektiivi, substantiivi	21
tauditon	adjektiivi	21
taxfree	adjektiivi, substantiivi	21
tuittupäinen	adjektiivi	21
tulosvastuullinen	adjektiivi	21
turboahdettu	adjektiivi	21
täytteinen	adjektiivi	21
uusromanttinen	adjektiivi	21
vaikealukuinen	adjektiivi	21
veronluonteinen	adjektiivi	21
viisimiljoonainen	adjektiivi	21
viljelykelpoinen	adjektiivi	21
ylioppilaspohjainen	adjektiivi	21
aleksityyminen	adjektiivi	20
alkukielinen	adjektiivi	20
aseistariisuva	adjektiivi	20
definitiivinen	adjektiivi	20
diatoninen	adjektiivi	20
epideeminen	adjektiivi	20
epäortodoksinen	adjektiivi	20
farisealainen	substantiivi, adjektiivi	20
hellämielinen	adjektiivi	20
hypoterminen	adjektiivi	20
höntti	adjektiivi, substantiivi	20
impivaaralainen	adjektiivi	20
inkerinsuomalainen	adjektiivi, substantiivi	20
jugoslavialainen	adjektiivi, substantiivi	20
juhla-asuinen	adjektiivi	20
kahdeksankymmentävuotias	adjektiivi	20
kieliopillinen	adjektiivi	20
kiharapää	substantiivi, adjektiivi	20
kuuroittainen	adjektiivi	20
kyrpä	substantiivi, adjektiivi	20
käppyräinen	adjektiivi	20
lapsirikas	adjektiivi	20
lohenpunainen	adjektiivi	20
lutunen	adjektiivi	20
lyijypitoinen	adjektiivi	20
läpisävelletty	adjektiivi	20
lättänä	adjektiivi	20
maailmallinen	adjektiivi	20
miehenkorkuinen	adjektiivi	20
moduulirakenteinen	adjektiivi	20
molekulaarinen	adjektiivi	20
mustapartainen	adjektiivi	20
mökkihöperö	adjektiivi, substantiivi	20
nolla-asteinen	adjektiivi	20
näpsäkkä	adjektiivi	20
ohutpohjainen	adjektiivi	20
oikeudentuntoinen	adjektiivi	20
pahansisuinen	adjektiivi	20
pahasuinen	adjektiivi	20
painotuore	adjektiivi	20
psykodynaaminen	adjektiivi	20
puolikarkea	adjektiivi	20
pyöreäkasvoinen	adjektiivi	20
raivoraitis	adjektiivi	20
rikkaruohoinen	adjektiivi	20
romanikielinen	adjektiivi	20
ruskeavetinen	adjektiivi	20
salakielinen	adjektiivi	20
sivuvastainen	adjektiivi, substantiivi	20
sopimuksenvarainen	adjektiivi	20
syyperusteinen	adjektiivi	20
syömishäiriöinen	adjektiivi, substantiivi	20
titaaninen	adjektiivi	20
toisteinen	adjektiivi	20
tullivapaa	adjektiivi	20
turbulenttinen	adjektiivi	20
vahvaluonteinen	adjektiivi	20
varhaiskypsä	adjektiivi	20
vauhtisokea	adjektiivi	20
veemäinen	adjektiivi	20
vesipitoinen	adjektiivi	20
vilkasliikkeinen	adjektiivi	20
virkaheitto	adjektiivi	20
värjäämätön	adjektiivi	20
yksiöinen	adjektiivi	20
yskäinen	adjektiivi	20
öykkärimäinen	adjektiivi	20
aavistuksenomainen	adjektiivi	19
anteeksiantava	adjektiivi	19
biotekninen	adjektiivi	19
depressiivinen	adjektiivi	19
epäherkkä	adjektiivi	19
epämiehekäs	adjektiivi	19
esityksellinen	adjektiivi	19
etumainen	adjektiivi	19
evolutiivinen	adjektiivi	19
fonologinen	adjektiivi	19
happipitoinen	adjektiivi	19
harjaantumaton	adjektiivi	19
harvahammas	substantiivi, adjektiivi	19
hiekanvärinen	adjektiivi	19
hoopo	adjektiivi, substantiivi	19
hopeainen	adjektiivi	19
höynä	adjektiivi, substantiivi	19
illanvirkku	adjektiivi	19
intohimoton	adjektiivi	19
jokaöinen	adjektiivi	19
jyrkkäpiirteinen	adjektiivi	19
jääkautinen	adjektiivi	19
kafkamainen	adjektiivi	19
kalsa	adjektiivi, substantiivi	19
katalyyttinen	adjektiivi	19
kaukokatseinen	adjektiivi	19
korkeataajuinen	adjektiivi	19
korvallinen	adjektiivi, substantiivi	19
kovanaamainen	adjektiivi	19
kukkulainen	adjektiivi	19
kultakutri	substantiivi, adjektiivi	19
kuparipitoinen	adjektiivi	19
kusinen	adjektiivi	19
kutukypsä	adjektiivi	19
käheä-ääninen	adjektiivi	19
käyttövalio	adjektiivi	19
köyry	adjektiivi	19
lettipää	substantiivi, adjektiivi	19
lääkeriippuvainen	substantiivi, adjektiivi	19
monituhatkertainen	adjektiivi	19
määräilevä	adjektiivi	19
määrämuotoinen	adjektiivi	19
nahkakantinen	adjektiivi	19
nelikätinen	adjektiivi	19
numeroinen	adjektiivi	19
nyrkinkokoinen	adjektiivi	19
olkinen	adjektiivi	19
pienikaliiperinen	adjektiivi	19
pieniruokainen	adjektiivi	19
planeettainvälinen	adjektiivi	19
pohjoisenpuoleinen	adjektiivi	19
punasilmäinen	adjektiivi	19
raivaamaton	adjektiivi	19
ravintoköyhä	adjektiivi	19
reipasotteinen	adjektiivi	19
rustiikki	adjektiivi	19
saarekas	adjektiivi	19
samanmerkkinen	adjektiivi	19
silmäänpistävä	adjektiivi	19
skitso	adjektiivi, substantiivi	19
soinnikas	adjektiivi	19
spastinen	adjektiivi	19
suvullinen	adjektiivi	19
taikinainen	adjektiivi	19
talvipimeä	adjektiivi, substantiivi	19
topeliaaninen	adjektiivi	19
tuhkanharmaa	adjektiivi	19
vakkasuomalainen	adjektiivi, substantiivi	19
valtiontaloudellinen	adjektiivi	19
vanhurskas	adjektiivi	19
vastanainut	adjektiivi, substantiivi	19
vertahyytävä	adjektiivi	19
yksipuinen	adjektiivi	19
yleistajuinen	adjektiivi	19
aistivammainen	adjektiivi, substantiivi	18
aliedustettu	adjektiivi	18
antikommunistinen	adjektiivi	18
biseksuaalinen	adjektiivi	18
dekoltee	substantiivi, adjektiivi	18
diastolinen	adjektiivi	18
diffuusi	adjektiivi	18
egyptologinen	adjektiivi	18
elementtirakenteinen	adjektiivi	18
elämänkatsomuksellinen	adjektiivi	18
foneettinen	adjektiivi	18
gravis	adjektiivi, substantiivi	18
heikkopäinen	adjektiivi	18
heikäläinen	substantiivi, adjektiivi	18
heinäinen	adjektiivi	18
hellenistinen	adjektiivi	18
huonompiosainen	adjektiivi, substantiivi	18
infantiili	adjektiivi	18
iskunkestävä	adjektiivi	18
iskuvalmis	adjektiivi	18
itserakas	adjektiivi	18
järkeenkäyvä	adjektiivi	18
kaihomielinen	adjektiivi	18
kakofoninen	adjektiivi	18
kaksihaarainen	adjektiivi, substantiivi	18
kolmiääninen	adjektiivi	18
korjuukypsä	adjektiivi	18
kumipohjainen	adjektiivi	18
lakoinen	adjektiivi	18
luoksepääsemätön	adjektiivi	18
luottokelpoinen	adjektiivi	18
matoinen	adjektiivi	18
mitallinen	adjektiivi, substantiivi	18
monitaiteinen	adjektiivi	18
mordvalainen	adjektiivi, substantiivi	18
munanmuotoinen	adjektiivi	18
muotopuoli	adjektiivi, substantiivi	18
mörkki	adjektiivi	18
nafti	adjektiivi	18
nestekaasukäyttöinen	adjektiivi	18
noheva	adjektiivi	18
onomatopoeettinen	adjektiivi	18
palavasieluinen	adjektiivi	18
perifeerinen	adjektiivi	18
perkeleellinen	adjektiivi	18
psykoseksuaalinen	adjektiivi	18
rakkausaiheinen	adjektiivi	18
rakkulainen	adjektiivi	18
reaalipoliittinen	adjektiivi	18
sinivioletti	adjektiivi	18
sitruunankeltainen	adjektiivi	18
soluvälitteinen	adjektiivi	18
suvuton	adjektiivi	18
särötön	adjektiivi	18
sääntöjenmukainen	adjektiivi	18
taisteluvalmis	adjektiivi	18
tanskankielinen	adjektiivi	18
tanssitaidoton	adjektiivi	18
tietynasteinen	adjektiivi	18
tummasilmäinen	adjektiivi	18
umpipoliittinen	adjektiivi	18
uuninkestävä	adjektiivi	18
valepukuinen	adjektiivi	18
valikoimaton	adjektiivi	18
vegetaarinen	adjektiivi	18
vesioikeudellinen	adjektiivi	18
vihreälehtinen	adjektiivi	18
vikuri	substantiivi, adjektiivi	18
voitonnälkäinen	adjektiivi	18
vulgääri	adjektiivi	18
yhteiskuntakelpoinen	adjektiivi	18
yksiköllinen	adjektiivi	18
yliliikkuva	adjektiivi	18
ylipaineinen	adjektiivi	18
ainoalaatuinen	adjektiivi	17
animistinen	adjektiivi	17
autereinen	adjektiivi	17
barokkityylinen	adjektiivi	17
bimbo	adjektiivi, substantiivi	17
diskreetti	adjektiivi	17
ensikertainen	adjektiivi	17
epäviihtyisä	adjektiivi	17
fallinen	adjektiivi	17
hakukelpoinen	adjektiivi	17
hallinto-oikeudellinen	adjektiivi	17
helakka	adjektiivi	17
hermoheikko	adjektiivi	17
hiilenmusta	adjektiivi	17
hyvähermoinen	adjektiivi	17
isolehtinen	adjektiivi	17
jalomielinen	adjektiivi	17
joltinen	adjektiivi	17
jukuripää	substantiivi, adjektiivi	17
kaksitahoinen	adjektiivi	17
kestopäällysteinen	adjektiivi	17
koiraspuolinen	adjektiivi	17
kostonhaluinen	adjektiivi	17
koulujenvälinen	adjektiivi	17
kusipäinen	adjektiivi	17
lantainen	adjektiivi	17
luppakorvainen	adjektiivi	17
maatalouspoliittinen	adjektiivi	17
massainen	adjektiivi	17
metaforinen	adjektiivi	17
metodologinen	adjektiivi	17
mielenkiinnoton	adjektiivi	17
mielenosoituksellinen	adjektiivi	17
monikollinen	adjektiivi	17
morfologinen	adjektiivi	17
mulkosilmä	substantiivi, adjektiivi	17
normaalipituinen	adjektiivi	17
numismaattinen	adjektiivi	17
papillinen	adjektiivi	17
persiankielinen	adjektiivi	17
pitkäsäärinen	adjektiivi	17
pumpulinen	adjektiivi	17
purppurainen	adjektiivi	17
purppuranpunainen	adjektiivi	17
päiväsaikainen	adjektiivi	17
rakkulamainen	adjektiivi	17
riistanhoidollinen	adjektiivi	17
rintava	adjektiivi	17
romahdusmainen	adjektiivi	17
rutiiniluonteinen	adjektiivi	17
rättiväsynyt	adjektiivi	17
sametinpehmeä	adjektiivi	17
sanastollinen	adjektiivi	17
seitsemänkymmentävuotias	adjektiivi	17
sointuinen	adjektiivi	17
syöntikelpoinen	adjektiivi	17
tieteidenvälinen	adjektiivi	17
todistamaton	adjektiivi	17
tulliton	adjektiivi	17
useanlainen	adjektiivi	17
vaahtopäinen	adjektiivi	17
varhempi	adjektiivi	17
vedenpäällinen	adjektiivi	17
vedensekainen	adjektiivi	17
yhdeksäntoistavuotias	adjektiivi	17
ylempiarvoinen	adjektiivi	17
ylimittainen	adjektiivi	17
ylimuistoinen	adjektiivi	17
yliveto	substantiivi, adjektiivi	17
aikaansaamaton	adjektiivi	16
aloitekyvytön	adjektiivi	16
altruistinen	adjektiivi	16
androgyyninen	adjektiivi	16
antibioottinen	adjektiivi	16
biogeeninen	adjektiivi	16
diakoninen	adjektiivi	16
dialektinen	adjektiivi	16
ehtoisa	adjektiivi	16
eklektinen	adjektiivi	16
elämänaikainen	adjektiivi	16
epäjärjestelmällinen	adjektiivi	16
epätaloudellinen	adjektiivi	16
figuratiivinen	adjektiivi	16
hakkuukypsä	adjektiivi	16
halal	adjektiivi	16
hetteinen	adjektiivi	16
hevosvetoinen	adjektiivi	16
huikenteleva	adjektiivi	16
härkäpäinen	adjektiivi	16
irrelevantti	adjektiivi	16
isänpuoleinen	adjektiivi	16
jonkunmoinen	adjektiivi	16
juoheva	adjektiivi	16
jättiläiskokoinen	adjektiivi	16
kaistapää	substantiivi, adjektiivi	16
kaksiääninen	adjektiivi	16
kapeakasvoinen	adjektiivi	16
karheapintainen	adjektiivi	16
karmiininpunainen	adjektiivi	16
kasvukykyinen	adjektiivi	16
kristallinen	adjektiivi	16
kuumapäinen	adjektiivi	16
kylmänkestävä	adjektiivi	16
laidallinen	adjektiivi, substantiivi	16
lapinhullu	adjektiivi, substantiivi	16
latentti	adjektiivi	16
lentotekninen	adjektiivi	16
lyhytaaltoinen	adjektiivi	16
maanmainio	adjektiivi	16
maksuperusteinen	adjektiivi	16
maljamainen	adjektiivi	16
marilainen	substantiivi, adjektiivi	16
matalajalkainen	adjektiivi	16
neljäkymmentävuotias	adjektiivi	16
neorealistinen	adjektiivi	16
nopsajalkainen	adjektiivi	16
oppimaton	adjektiivi, substantiivi	16
paistovalmis	adjektiivi	16
pehmeä-ääninen	adjektiivi	16
peltikattoinen	adjektiivi	16
pentumainen	adjektiivi	16
perfektionistinen	adjektiivi	16
primääri	adjektiivi	16
punalehtinen	adjektiivi	16
puolikuiva	adjektiivi	16
puolipukeinen	adjektiivi	16
puolipäivätoiminen	adjektiivi	16
puolivuosisatainen	adjektiivi	16
pysyväisluonteinen	adjektiivi	16
rapsodinen	adjektiivi	16
rela	adjektiivi	16
riitasointuinen	adjektiivi	16
salakähmäinen	adjektiivi	16
silkinpehmeä	adjektiivi	16
sinisilmä	substantiivi, adjektiivi	16
sisarellinen	adjektiivi	16
sotatieteellinen	adjektiivi	16
suomalaisperäinen	adjektiivi	16
suurjännitteinen	adjektiivi	16
teikäläinen	substantiivi, adjektiivi	16
terävähampainen	adjektiivi	16
tietopuolinen	adjektiivi	16
toukkainen	adjektiivi	16
tunnustamaton	adjektiivi	16
tyydyttämätön	adjektiivi	16
tyylinmukainen	adjektiivi	16
unkarinkielinen	adjektiivi	16
vajaamielinen	adjektiivi, substantiivi	16
vastaavansuuruinen	adjektiivi	16
vatsavaivainen	adjektiivi, substantiivi	16
vesinen	adjektiivi	16
vihreäpukuinen	adjektiivi	16
viljelemätön	adjektiivi	16
virkaintoinen	adjektiivi	16
välilaskuton	adjektiivi	16
yhdenveroinen	adjektiivi	16
ylirajainen	adjektiivi	16
äkeä	adjektiivi	16
aerobiologinen	adjektiivi	15
agraarinen	adjektiivi	15
aitosuomalainen	adjektiivi, substantiivi	15
apokryfinen	adjektiivi	15
asvalttinen	adjektiivi	15
eksplisiittinen	adjektiivi	15
eläinlääkinnällinen	adjektiivi	15
epäitsenäinen	adjektiivi	15
epäoikeutettu	adjektiivi	15
erityislahjakas	adjektiivi	15
feodaalinen	adjektiivi	15
harvahampainen	adjektiivi	15
heikkokuuloinen	adjektiivi	15
herooinen	adjektiivi	15
hähmäinen	adjektiivi	15
hölläkätinen	adjektiivi	15
itsetyytyväinen	adjektiivi	15
joutavanpäiväinen	adjektiivi	15
juurakkoinen	adjektiivi	15
jäävahvisteinen	adjektiivi	15
kaksitoistavuotias	adjektiivi	15
katkelmallinen	adjektiivi	15
kausaalinen	adjektiivi	15
kiivasluonteinen	adjektiivi	15
kimmoinen	adjektiivi	15
kinesteettinen	adjektiivi	15
kippurahäntä	substantiivi, adjektiivi	15
kirikykyinen	adjektiivi	15
kraavi	adjektiivi	15
kuningasmielinen	adjektiivi	15
kuurosateinen	adjektiivi	15
kyttyräselkä	substantiivi, adjektiivi	15
laivastonsininen	adjektiivi	15
laukaisuvalmis	adjektiivi	15
liikapainoinen	adjektiivi	15
läpikäyvä	adjektiivi	15
maataloustieteellinen	adjektiivi	15
metodinen	adjektiivi	15
mimmoinen	adjektiivi	15
mittatarkka	adjektiivi	15
monenkertainen	adjektiivi	15
monisatakertainen	adjektiivi	15
monogaaminen	adjektiivi	15
muodinmukainen	adjektiivi	15
naimaikäinen	adjektiivi	15
nelikymmenvuotias	adjektiivi	15
neliulotteinen	adjektiivi	15
nesteinen	adjektiivi	15
nuti	adjektiivi	15
nyhverö	adjektiivi, substantiivi	15
nykerönenä	substantiivi, adjektiivi	15
nyreä	adjektiivi	15
oikeakielinen	adjektiivi	15
pakkasenpurema	substantiivi, adjektiivi	15
paksukuorinen	adjektiivi	15
perinnäinen	adjektiivi	15
permiläinen	adjektiivi	15
persikanvärinen	adjektiivi	15
persoonallisuushäiriöinen	adjektiivi	15
pikinokka	substantiivi, adjektiivi	15
pisamainen	adjektiivi	15
pneumaattinen	adjektiivi	15
puhdassydäminen	adjektiivi	15
punavalkea	adjektiivi	15
puolisynteettinen	adjektiivi	15
regressiivinen	adjektiivi	15
savipitoinen	adjektiivi	15
setämäinen	adjektiivi	15
sinihohtoinen	adjektiivi	15
sisäänlämpiävä	adjektiivi	15
spirituaalinen	adjektiivi	15
suomuinen	adjektiivi	15
suvereeninen	adjektiivi	15
synnillinen	adjektiivi	15
säälinsekainen	adjektiivi	15
taistelunhaluinen	adjektiivi	15
takorautainen	adjektiivi	15
terminologinen	adjektiivi	15
terveydenhoidollinen	adjektiivi	15
teräväkulmainen	adjektiivi	15
tuhlaavainen	adjektiivi	15
tulisieluinen	adjektiivi	15
tämänpuoleinen	adjektiivi	15
universaalinen	adjektiivi	15
vajaamittainen	adjektiivi	15
vajaavaltainen	adjektiivi	15
vanhantyylinen	adjektiivi	15
varteva	adjektiivi	15
vettähylkivä	adjektiivi	15
villakankainen	adjektiivi	15
viraton	adjektiivi	15
yksitoistavuotias	adjektiivi	15
aateliton	adjektiivi, substantiivi	14
alakierteinen	adjektiivi	14
alitehoinen	adjektiivi	14
amorfinen	adjektiivi	14
arkikielinen	adjektiivi	14
asymmetrinen	adjektiivi	14
autuaallinen	adjektiivi	14
dualistinen	adjektiivi	14
eleginen	adjektiivi	14
epämielekäs	adjektiivi	14
erovuoroinen	adjektiivi	14
formaali	adjektiivi	14
happirikas	adjektiivi	14
herkkis	substantiivi, adjektiivi	14
hiekanruskea	adjektiivi	14
hiekkaperäinen	adjektiivi	14
huippuedullinen	adjektiivi	14
höyli	adjektiivi	14
ilmajäähdytteinen	adjektiivi	14
ilmetty	adjektiivi	14
imbesilli	substantiivi, adjektiivi	14
implisiittinen	adjektiivi	14
intresantti	adjektiivi	14
irreaalinen	adjektiivi	14
jaksoittainen	adjektiivi	14
kahju	adjektiivi, substantiivi	14
katarttinen	adjektiivi	14
kehityskykyinen	adjektiivi	14
kenttäharmaa	adjektiivi, substantiivi	14
kielekkeinen	adjektiivi	14
koneluettava	adjektiivi	14
korinttilainen	adjektiivi, substantiivi	14
korkeaselkäinen	adjektiivi	14
kumarainen	adjektiivi	14
kuusikymmenvuotias	adjektiivi	14
kuvaannollinen	adjektiivi	14
käyttäjäkohtainen	adjektiivi	14
lasikeraaminen	adjektiivi	14
lautainen	adjektiivi	14
limittäinen	adjektiivi	14
liukenematon	adjektiivi	14
lommoinen	adjektiivi	14
lyhytvaikutteinen	adjektiivi	14
lämpöherkkä	adjektiivi	14
maitoinen	adjektiivi	14
metallurginen	adjektiivi	14
mustapäinen	adjektiivi	14
nautinnonhaluinen	adjektiivi	14
oikeellinen	adjektiivi	14
opinhaluinen	adjektiivi	14
oppimiskykyinen	adjektiivi	14
orientaalinen	adjektiivi	14
pahatapainen	adjektiivi	14
pandeeminen	adjektiivi	14
pedanttinen	adjektiivi	14
pienilevikkinen	adjektiivi	14
pikinen	adjektiivi	14
pikkunäppärä	adjektiivi	14
poikkiraitainen	adjektiivi	14
populääri	adjektiivi	14
pullantuoksuinen	adjektiivi	14
pumpulinpehmeä	adjektiivi	14
päätösvallaton	adjektiivi	14
pöydällinen	adjektiivi, substantiivi	14
resessiivinen	adjektiivi	14
reumaattinen	adjektiivi	14
selkänojallinen	adjektiivi	14
seurankipeä	adjektiivi	14
siunauksellinen	adjektiivi	14
smaragdinvihreä	adjektiivi	14
standardikokoinen	adjektiivi	14
sukurakas	adjektiivi	14
surusilmäinen	adjektiivi	14
synerginen	adjektiivi	14
tanssitaitoinen	adjektiivi	14
tervainen	adjektiivi	14
tyhjäpäinen	adjektiivi	14
typografinen	adjektiivi	14
tämäntalvinen	adjektiivi	14
umpipuinen	adjektiivi	14
valkolakkinen	adjektiivi	14
valtoin	adjektiivi	14
viirusilmä	substantiivi, adjektiivi	14
vika	adjektiivi	14
violetinvärinen	adjektiivi	14
voimakastuoksuinen	adjektiivi	14
yksipyöräinen	adjektiivi, substantiivi	14
yksittäispakattu	adjektiivi	14
yläkierteinen	adjektiivi	14
äitelä	adjektiivi	14
äkkirikas	adjektiivi	14
äärellinen	adjektiivi	14
afaattinen	adjektiivi	13
asosiaalinen	adjektiivi	13
epähieno	adjektiivi	13
fotodynaaminen	adjektiivi	13
halju	adjektiivi	13
halvattu	substantiivi, adjektiivi	13
heikkolahjainen	adjektiivi	13
heikkomielinen	adjektiivi, substantiivi	13
helkkarinmoinen	adjektiivi	13
helmenharmaa	adjektiivi	13
hentorakenteinen	adjektiivi	13
hiekkapitoinen	adjektiivi	13
huononäköinen	adjektiivi	13
huonopalkkainen	adjektiivi	13
huonoryhtinen	adjektiivi	13
hyperbolinen	adjektiivi	13
hyväkasvuinen	adjektiivi	13
hyväryhtinen	adjektiivi	13
hyytelömäinen	adjektiivi	13
jakkupukuinen	adjektiivi	13
juhlavalaistu	adjektiivi	13
kaislikkoinen	adjektiivi	13
kaksirunkoinen	adjektiivi	13
kaukolämmitteinen	adjektiivi	13
kenkku	adjektiivi	13
kiharakarvainen	adjektiivi	13
kilpailukyvytön	adjektiivi	13
kohdunsisäinen	adjektiivi	13
koleerinen	adjektiivi	13
korkeakirjallinen	adjektiivi	13
korkeaääninen	adjektiivi	13
koukkupäinen	adjektiivi	13
kuitumainen	adjektiivi	13
kulttuurivihamielinen	adjektiivi	13
kulturelli	adjektiivi	13
kunnianarvoinen	adjektiivi	13
kyhmyinen	adjektiivi	13
laajakatseinen	adjektiivi	13
lahovikainen	adjektiivi	13
lammasmainen	adjektiivi	13
lyhyenläntä	adjektiivi	13
lyhytuninen	adjektiivi, substantiivi	13
marxilais-leniniläinen	adjektiivi	13
mineraalinen	adjektiivi	13
miniatyyrikokoinen	adjektiivi	13
monoteistinen	adjektiivi	13
muovipintainen	adjektiivi	13
muuttuvainen	adjektiivi	13
nainut	adjektiivi	13
nokkava	adjektiivi	13
näppyläinen	adjektiivi	13
näpsä	adjektiivi	13
oikeuskelpoinen	adjektiivi	13
okrankeltainen	adjektiivi	13
olympiakelpoinen	adjektiivi	13
pakokauhuinen	adjektiivi	13
parikymmenkiloinen	adjektiivi	13
patogeeninen	adjektiivi	13
perempi	adjektiivi	13
pisteellinen	adjektiivi	13
poimuinen	adjektiivi	13
pukinparta	substantiivi, adjektiivi	13
puolikova	adjektiivi	13
pyryinen	adjektiivi	13
päivänkohtainen	adjektiivi	13
pääsemätön	adjektiivi	13
pörröpäinen	adjektiivi	13
rottinkinen	adjektiivi	13
ruotsalaissyntyinen	adjektiivi	13
ruskeaihoinen	adjektiivi	13
rutka	adjektiivi	13
saippuainen	adjektiivi	13
sarjoittainen	adjektiivi	13
sata-asteinen	adjektiivi	13
sinapinkeltainen	adjektiivi	13
sotatekninen	adjektiivi	13
spiritualistinen	adjektiivi	13
susiruma	adjektiivi	13
sydämeenkäypä	adjektiivi	13
tasaperäinen	adjektiivi	13
tieteellis-tekninen	adjektiivi	13
tikkuinen	adjektiivi	13
torainen	adjektiivi	13
tupsulakki	substantiivi, adjektiivi	13
vaihtelunhaluinen	adjektiivi	13
valinnanvarainen	adjektiivi	13
voimapoliittinen	adjektiivi	13
yhdennäköinen	adjektiivi	13
yliaistillinen	adjektiivi	13
zeniläinen	adjektiivi	13
aitotumallinen	adjektiivi, substantiivi	12
anteeksiannettava	adjektiivi	12
avokaulainen	adjektiivi	12
ekspansiivinen	adjektiivi	12
elähtänyt	adjektiivi	12
epäkansallinen	adjektiivi	12
epäkristillinen	adjektiivi	12
epäsuotava	adjektiivi	12
eristeinen	adjektiivi	12
etinen	adjektiivi	12
fluoripitoinen	adjektiivi	12
friisiläinen	adjektiivi	12
hapanimelä	adjektiivi	12
harvainvaltainen	adjektiivi	12
herkkätunteinen	adjektiivi	12
hiekkarantainen	adjektiivi	12
hienomekaaninen	adjektiivi	12
hämillinen	adjektiivi	12
ihmisystävällinen	adjektiivi	12
ikävystynyt	adjektiivi	12
jenkkiläinen	adjektiivi	12
juovikas	adjektiivi	12
kahdenkertainen	adjektiivi	12
kangaspäällysteinen	adjektiivi	12
kapinahenkinen	adjektiivi	12
karkeatekoinen	adjektiivi	12
karsas	adjektiivi	12
kasvosokea	adjektiivi, substantiivi	12
kerroksittainen	adjektiivi	12
kiertelemätön	adjektiivi	12
kippurainen	adjektiivi	12
kirjanpitovelvollinen	adjektiivi	12
kirkkopoliittinen	adjektiivi	12
koivuinen	adjektiivi	12
kollektivistinen	adjektiivi	12
kontrapunktinen	adjektiivi	12
korkealaitainen	adjektiivi	12
korkkaamaton	adjektiivi	12
koukkunokka	substantiivi, adjektiivi	12
kumpareinen	adjektiivi	12
kyyneleinen	adjektiivi	12
käsivälitteinen	adjektiivi	12
leikinomainen	adjektiivi	12
liinatukka	adjektiivi, substantiivi	12
likin	adjektiivi	12
lohkoinen	adjektiivi	12
lujatekoinen	adjektiivi	12
luomisvoimainen	adjektiivi	12
luonnevikainen	adjektiivi	12
lyijynraskas	adjektiivi	12
monarkistinen	adjektiivi	12
monimiljoonainen	adjektiivi	12
monokulttuurinen	adjektiivi	12
murtumaton	adjektiivi	12
mäntypuinen	adjektiivi	12
nikkelinen	adjektiivi	12
niuho	adjektiivi, substantiivi	12
nuoskainen	adjektiivi	12
odotuksenmukainen	adjektiivi	12
osaaottava	adjektiivi	12
patalaiska	adjektiivi	12
piikkinahkainen	adjektiivi, substantiivi	12
pikkusievä	adjektiivi	12
pitkäkasvuinen	adjektiivi	12
poikkijuovainen	adjektiivi	12
proaktiivinen	adjektiivi	12
puhdaspiirteinen	adjektiivi	12
pujoparta	substantiivi, adjektiivi	12
punaharmaa	adjektiivi	12
puoliraaka	adjektiivi	12
pääomaköyhä	adjektiivi	12
pöytämallinen	adjektiivi	12
raajarikkoinen	adjektiivi	12
raaka	adjektiivi	12
raivohullu	adjektiivi, substantiivi	12
ravinnollinen	adjektiivi	12
risukkoinen	adjektiivi	12
rouheinen	adjektiivi	12
ruokkoamaton	adjektiivi	12
sadunhohtoinen	adjektiivi	12
sameavetinen	adjektiivi	12
sananmukainen	adjektiivi	12
silmällinen	adjektiivi, substantiivi	12
sitkeähenkinen	adjektiivi	12
spatiaalinen	adjektiivi	12
stydi	adjektiivi	12
subarktinen	adjektiivi	12
suorasuinen	adjektiivi	12
tarkkavainuinen	adjektiivi	12
tummapintainen	adjektiivi	12
tupakansavuinen	adjektiivi	12
tuulensuojainen	adjektiivi	12
täysiarvoinen	adjektiivi	12
umpisuomalainen	adjektiivi	12
unenpöpperöinen	adjektiivi	12
uurteinen	adjektiivi	12
valosähköinen	adjektiivi	12
vihreäsilmäinen	adjektiivi	12
vinokattoinen	adjektiivi	12
vinosilmä	substantiivi, adjektiivi	12
voimakasrakenteinen	adjektiivi	12
vuotamaton	adjektiivi	12
vähäkuituinen	adjektiivi	12
yrmy	adjektiivi, substantiivi	12
aakkosellinen	adjektiivi	11
ala-asteelainen	adjektiivi, substantiivi	11
alkalinen	adjektiivi	11
allergeeninen	adjektiivi	11
anaalinen	adjektiivi	11
antimilitaristinen	adjektiivi	11
antisemiittinen	adjektiivi	11
arvollinen	adjektiivi	11
asfalttinen	adjektiivi	11
auringoton	adjektiivi	11
baskilainen	adjektiivi	11
behavioristinen	adjektiivi	11
egosentrinen	adjektiivi	11
eläinhahmoinen	adjektiivi	11
epäsuosiollinen	adjektiivi	11
epävapaa	adjektiivi	11
erogeeninen	adjektiivi	11
formatiivinen	adjektiivi	11
fuksianpunainen	adjektiivi, substantiivi	11
haaveellinen	adjektiivi	11
hankalakäyttöinen	adjektiivi	11
hapera	adjektiivi	11
happamaton	adjektiivi	11
hihallinen	adjektiivi	11
hovikelpoinen	adjektiivi	11
hyvätuottoinen	adjektiivi	11
iltamyöhäinen	adjektiivi, substantiivi	11
jalopuinen	adjektiivi	11
juoksujalkainen	adjektiivi, substantiivi	11
jäävitön	adjektiivi	11
kahdenistuttava	adjektiivi	11
kaikenpuolinen	adjektiivi	11
kermanvalkoinen	adjektiivi	11
kertatyydyttymätön	adjektiivi	11
kiilusilmäinen	adjektiivi	11
kiirus	substantiivi, adjektiivi	11
kirkasääninen	adjektiivi	11
kolminapainen	adjektiivi	11
korporatiivinen	adjektiivi	11
kosher	adjektiivi	11
kovakalloinen	adjektiivi	11
kovaluontoinen	adjektiivi	11
kovaosainen	adjektiivi, substantiivi	11
kovasydäminen	adjektiivi	11
kuparinpunainen	adjektiivi	11
kuulakas	adjektiivi	11
kyinen	adjektiivi	11
leukistinen	adjektiivi	11
liberalistinen	adjektiivi	11
lietteinen	adjektiivi	11
liikuntakykyinen	adjektiivi	11
läpikypsä	adjektiivi	11
melskeinen	adjektiivi	11
mokkanahkainen	adjektiivi	11
molempikätinen	adjektiivi	11
monofoninen	adjektiivi	11
mulkero	substantiivi, adjektiivi	11
oikeudenvastainen	adjektiivi	11
oraalinen	adjektiivi	11
painotekninen	adjektiivi	11
paisteinen	adjektiivi	11
palleroinen	substantiivi, adjektiivi	11
pastellinsävyinen	adjektiivi	11
pietistinen	adjektiivi	11
polaarinen	adjektiivi	11
pompöösi	adjektiivi	11
puhekykyinen	adjektiivi	11
puolisokea	adjektiivi, substantiivi	11
puoluesidonnainen	adjektiivi	11
puuroinen	adjektiivi	11
rauhanaikainen	adjektiivi	11
riemuinen	adjektiivi	11
riikinruotsalainen	adjektiivi, substantiivi	11
robusti	adjektiivi	11
rokonarpinen	adjektiivi	11
roosanvärinen	adjektiivi	11
rotupuhdas	adjektiivi	11
ruohoinen	adjektiivi	11
räyhäkkä	adjektiivi	11
senlaatuinen	adjektiivi	11
sirkeä	adjektiivi	11
sisällötön	adjektiivi	11
sivumyötäinen	adjektiivi, substantiivi	11
solidi	adjektiivi	11
spinaalinen	adjektiivi	11
surupukuinen	adjektiivi	11
suuriääninen	adjektiivi	11
säteittäinen	adjektiivi	11
taempi	adjektiivi	11
taidoton	adjektiivi	11
teknistieteellinen	adjektiivi	11
tikkusuora	adjektiivi	11
tosiaikainen	adjektiivi	11
transparentti	adjektiivi	11
trikoinen	adjektiivi	11
tunnevoimainen	adjektiivi	11
tunnontarkka	adjektiivi	11
tupsukorvainen	adjektiivi	11
tömäkkä	adjektiivi	11
ugrilainen	adjektiivi	11
uusrahvaanomainen	adjektiivi	11
valkohapsinen	adjektiivi	11
vientivoittoinen	adjektiivi	11
virtainen	adjektiivi	11
vuodenaikainen	adjektiivi	11
vuorokausittainen	adjektiivi	11
väkäsellinen	adjektiivi	11
väärentämätön	adjektiivi	11
yhtaikainen	adjektiivi	11
yksiniitinen	adjektiivi	11
ylemmyydentuntoinen	adjektiivi	11
ylitunnollinen	adjektiivi	11
äkkiarvaamaton	adjektiivi	11
äänioikeudeton	adjektiivi, substantiivi	11
aktuelli	adjektiivi	10
antistaattinen	adjektiivi	10
arveleva	adjektiivi	10
asiatyylinen	adjektiivi	10
barbaarimainen	adjektiivi	10
bolsevistinen	adjektiivi	10
diskursiivinen	adjektiivi	10
elämänläheinen	adjektiivi	10
epämuotoinen	adjektiivi	10
esimurrosikäinen	adjektiivi	10
etupainoinen	adjektiivi	10
fatalistinen	adjektiivi	10
hallusinatorinen	adjektiivi	10
halpa-arvoinen	adjektiivi	10
heikkorakenteinen	adjektiivi	10
helleeninen	adjektiivi	10
heltymätön	adjektiivi	10
henkilöhistoriallinen	adjektiivi	10
hienorakeinen	adjektiivi	10
hietainen	adjektiivi	10
homssuinen	adjektiivi	10
hyvänsuopa	adjektiivi	10
ihmishahmoinen	adjektiivi	10
illusorinen	adjektiivi	10
ilomielinen	adjektiivi	10
isokukkainen	adjektiivi	10
itara	adjektiivi	10
jommoinen	adjektiivi	10
jukuripäinen	adjektiivi	10
jäänsininen	adjektiivi	10
kasteinen	adjektiivi	10
keljumainen	adjektiivi	10
kepuli	adjektiivi	10
keskipituinen	adjektiivi	10
kiiluvasilmäinen	adjektiivi	10
koloinen	adjektiivi	10
kompetentti	adjektiivi	10
koppurainen	adjektiivi	10
korkeatehoinen	adjektiivi	10
kuituinen	adjektiivi	10
kultturelli	adjektiivi, substantiivi	10
kumipäällysteinen	adjektiivi	10
kuparinruskea	adjektiivi	10
kuusisylinterinen	adjektiivi	10
kuuton	adjektiivi	10
käyttövarma	adjektiivi	10
laitamyötäinen	adjektiivi, substantiivi	10
lakkaamaton	adjektiivi*	10
lasinkirkas	adjektiivi	10
liinaharjainen	adjektiivi	10
liukaspintainen	adjektiivi	10
liuskalehtinen	adjektiivi	10
logaritminen	adjektiivi	10
luonnikas	adjektiivi	10
luumunpunainen	adjektiivi	10
matriarkaalinen	adjektiivi	10
merensininen	adjektiivi	10
mineraloginen	adjektiivi	10
molekylaarinen	adjektiivi	10
monenlaatuinen	adjektiivi	10
monisikiöinen	adjektiivi	10
monivaikutteinen	adjektiivi	10
mäntyinen	adjektiivi	10
ohrainen	adjektiivi	10
osapäivätoiminen	adjektiivi	10
oudonnäköinen	adjektiivi	10
paakkuinen	adjektiivi	10
paineilmakäyttöinen	adjektiivi	10
painorajoitteinen	adjektiivi	10
parikuukautinen	adjektiivi	10
pilallinen	adjektiivi	10
pitkäaaltoinen	adjektiivi	10
pornahtava	adjektiivi	10
puhevikainen	adjektiivi	10
pysyväisluontoinen	adjektiivi	10
pyöreäkärkinen	adjektiivi	10
pyöreäposkinen	adjektiivi	10
pöhnäinen	adjektiivi	10
railoinen	adjektiivi	10
retrotyylinen	adjektiivi	10
riimillinen	adjektiivi	10
ristikkorakenteinen	adjektiivi	10
ruosteenvärinen	adjektiivi	10
römeä	adjektiivi	10
sahateräinen	adjektiivi	10
sarvellinen	adjektiivi	10
saviperäinen	adjektiivi	10
savolaismallinen	adjektiivi	10
selkeäpiirteinen	adjektiivi	10
selväkielinen	adjektiivi	10
siemenetön	adjektiivi	10
sirorakenteinen	adjektiivi	10
sisimmäinen	adjektiivi	10
solunsisäinen	adjektiivi	10
suuriarvoinen	adjektiivi	10
suustaladattava	adjektiivi	10
syheröinen	adjektiivi	10
syyskylmä	adjektiivi, substantiivi	10
tarkkaamaton	adjektiivi	10
tarumainen	adjektiivi	10
tasamittainen	adjektiivi	10
tasavireinen	adjektiivi	10
teräväpiirteinen	adjektiivi	10
tiedepoliittinen	adjektiivi	10
tiheäkasvuinen	adjektiivi	10
tilastotieteellinen	adjektiivi	10
todisteellinen	adjektiivi	10
toissailtainen	adjektiivi	10
transgeeninen	adjektiivi	10
tätimäinen	adjektiivi	10
ulkoeurooppalainen	adjektiivi	10
umpihumalainen	adjektiivi	10
uunilämmin	adjektiivi	10
uussuomalainen	substantiivi, adjektiivi	10
vadelmanpunainen	adjektiivi	10
vajaatehoinen	adjektiivi	10
vatjalainen	adjektiivi, substantiivi	10
vesipihi	adjektiivi	10
viisisakarainen	adjektiivi	10
väkäleuka	substantiivi, adjektiivi	10
vässykkä	substantiivi, adjektiivi	10
väärämielinen	adjektiivi	10
yltiöisänmaallinen	adjektiivi	10
yönmusta	adjektiivi	10
yönsininen	adjektiivi	10
äänestyskelpoinen	adjektiivi	10
aataminaikainen	adjektiivi	9
ajatukseton	adjektiivi	9
ajokykyinen	adjektiivi	9
aloitekykyinen	adjektiivi	9
avaramielinen	adjektiivi	9
epäsolidaarinen	adjektiivi	9
etelämaalainen	adjektiivi, substantiivi	9
hallainen	adjektiivi	9
hienopiirteinen	adjektiivi	9
huntupäinen	adjektiivi	9
huolekas	adjektiivi	9
hypermoderni	adjektiivi	9
hyväpäinen	adjektiivi	9
höpsähtänyt	adjektiivi, substantiivi	9
iäinen	adjektiivi	9
jykeväleukainen	adjektiivi	9
jäkäläinen	adjektiivi	9
kakaramainen	adjektiivi	9
karkearakeinen	adjektiivi	9
kauniinvärinen	adjektiivi	9
kellohelmainen	adjektiivi	9
keväällinen	adjektiivi	9
kiihkokansallinen	adjektiivi	9
kiihkouskonnollinen	adjektiivi	9
kiiltäväpintainen	adjektiivi	9
killeri	substantiivi, adjektiivi	9
kivellinen	adjektiivi	9
koinsyömä	adjektiivi	9
komeaääninen	adjektiivi	9
korkeapaineinen	adjektiivi	9
korviasärkevä	adjektiivi	9
kouraantuntuva	adjektiivi	9
kuolemanväsynyt	adjektiivi	9
kuparinvärinen	adjektiivi	9
käsivaivainen	adjektiivi	9
kääpiökasvuinen	adjektiivi	9
leniniläinen	adjektiivi, substantiivi	9
leveäharteinen	adjektiivi	9
likaisenruskea	adjektiivi	9
likimääräinen	adjektiivi	9
luonteeton	adjektiivi	9
lupsakas	adjektiivi	9
luulotautinen	adjektiivi, substantiivi	9
lyijynharmaa	adjektiivi	9
löylynlyömä	adjektiivi	9
löysäpäinen	adjektiivi	9
makeavetinen	adjektiivi	9
matalakantainen	adjektiivi	9
merkityksekäs	adjektiivi	9
misogyyninen	adjektiivi	9
monenmuotoinen	adjektiivi	9
monioireinen	adjektiivi	9
moniuskontoinen	adjektiivi	9
monopolistinen	adjektiivi	9
murheinen	adjektiivi	9
myöhäisherännäinen	adjektiivi, substantiivi	9
möhömaha	substantiivi, adjektiivi	9
naismainen	adjektiivi	9
narkoottinen	adjektiivi	9
niukkaeleinen	adjektiivi	9
nude	adjektiivi	9
oikoinen	adjektiivi	9
pakkasenkestävä	adjektiivi	9
paksurunkoinen	adjektiivi	9
pensainen	adjektiivi	9
petoksellinen	adjektiivi	9
pikkunokkela	adjektiivi	9
pinkeä	adjektiivi	9
pitkäjyväinen	adjektiivi	9
poroporvarillinen	adjektiivi	9
postmodernistinen	adjektiivi	9
provinsiaalinen	adjektiivi	9
provokatorinen	adjektiivi	9
puoliläpäisevä	adjektiivi	9
puoliorpo	adjektiivi, substantiivi	9
puolitekoinen	adjektiivi	9
pähkinäpuinen	adjektiivi	9
rahanahne	adjektiivi	9
rationalistinen	adjektiivi	9
reformistinen	adjektiivi	9
rimppakinttu	substantiivi, adjektiivi	9
roistomainen	adjektiivi	9
ruutuinen	adjektiivi	9
ryhmyinen	adjektiivi	9
rääsyinen	adjektiivi	9
salintäyteinen	adjektiivi	9
silmäpuoli	adjektiivi, substantiivi	9
sinkkinen	adjektiivi	9
sisäsuomalainen	adjektiivi, substantiivi	9
sivusuuntainen	adjektiivi	9
suklaapäällysteinen	adjektiivi	9
sydämeenkäyvä	adjektiivi	9
synkretistinen	adjektiivi	9
syyllisyydentuntoinen	adjektiivi	9
säpäkkä	adjektiivi	9
taksonominen	adjektiivi	9
tasajakoinen	adjektiivi	9
tasakoosteinen	adjektiivi	9
tasavälinen	adjektiivi	9
taskulämmin	adjektiivi	9
tehoisa	adjektiivi	9
teräväkynäinen	adjektiivi	9
todenmakuinen	adjektiivi	9
toispuolinen	adjektiivi	9
tolstoilainen	adjektiivi, substantiivi	9
transseksuaalinen	adjektiivi	9
tunnekylläinen	adjektiivi	9
tuontapainen	adjektiivi	9
tupsullinen	adjektiivi	9
täysikuntoinen	adjektiivi	9
täysinoppinut	adjektiivi	9
ujostelematon	adjektiivi	9
uskonopillinen	adjektiivi	9
uudismielinen	adjektiivi	9
uutisnälkäinen	adjektiivi	9
vaativainen	adjektiivi	9
vaginaalinen	adjektiivi	9
vajaatyökykyinen	adjektiivi, substantiivi	9
vakavakasvoinen	adjektiivi	9
vanhatestamentillinen	adjektiivi	9
vapaakirkollinen	adjektiivi, substantiivi	9
vaskulaarinen	adjektiivi	9
veitikkamainen	adjektiivi	9
virittämätön	adjektiivi	9
voimakasluonteinen	adjektiivi	9
yhdeksänkymmentävuotias	adjektiivi	9
yksikäsitteinen	adjektiivi	9
yksityisluontoinen	adjektiivi	9
yliolkainen	adjektiivi	9
ympäristöperäinen	adjektiivi	9
alkiolainen	adjektiivi, substantiivi	8
aseptinen	adjektiivi	8
asfalttipäällysteinen	adjektiivi	8
azerbaidžanilainen	adjektiivi, substantiivi	8
bakteeriton	adjektiivi	8
beesi	adjektiivi	8
bling-bling	substantiivi, adjektiivi	8
diureettinen	adjektiivi	8
elohopeamainen	adjektiivi	8
epänaisellinen	adjektiivi	8
epäsäätyinen	adjektiivi	8
eriseurainen	adjektiivi	8
erityiskorvattava	adjektiivi	8
estoinen	adjektiivi	8
eteläslaavilainen	adjektiivi, substantiivi	8
etukenoinen	adjektiivi	8
eurosentrinen	adjektiivi	8
flanellinen	adjektiivi	8
horisontaali	adjektiivi	8
hyväkuuloinen	adjektiivi	8
hyväonninen	adjektiivi	8
höyrypäinen	adjektiivi	8
idiopaattinen	adjektiivi	8
ihmiskasvoinen	adjektiivi	8
ilkialaston	adjektiivi	8
iltauninen	adjektiivi	8
intelligentti	adjektiivi	8
isomahainen	adjektiivi	8
isosuinen	adjektiivi	8
isänmaaton	adjektiivi	8
jalosukuinen	adjektiivi	8
jumalinen	adjektiivi	8
jyrkkäkaarteinen	adjektiivi	8
jäävahvistettu	adjektiivi	8
kahlitsematon	adjektiivi	8
kaistapäinen	adjektiivi	8
kantoinen	adjektiivi*	8
karstainen	adjektiivi	8
katoamaton	adjektiivi	8
kauniskasvoinen	adjektiivi	8
kellervä	adjektiivi	8
kelohonkainen	adjektiivi	8
kenkkumainen	adjektiivi	8
ketteräliikkeinen	adjektiivi	8
kielevä	adjektiivi	8
kirroottinen	adjektiivi	8
kivulloinen	adjektiivi	8
koivuvaltainen	adjektiivi	8
kokkareinen	adjektiivi	8
korkeakauluksinen	adjektiivi	8
kovaiskuinen	adjektiivi	8
kreationistinen	adjektiivi	8
kriminologinen	adjektiivi	8
kullankiiltoinen	adjektiivi	8
kupolikattoinen	adjektiivi	8
kymmenmiljoonainen	adjektiivi	8
kärppämäinen	adjektiivi	8
lempeäluonteinen	adjektiivi	8
liituraitainen	adjektiivi	8
lujaluonteinen	adjektiivi	8
luottokelvoton	adjektiivi	8
maidonvalkea	adjektiivi	8
mainitunlainen	adjektiivi	8
miellyttämisenhaluinen	adjektiivi	8
monihenkinen	adjektiivi	8
mukautumiskykyinen	adjektiivi	8
myyntihenkinen	adjektiivi	8
neliömäinen	adjektiivi	8
nilkku	adjektiivi	8
niukkaluminen	adjektiivi	8
nokimusta	substantiivi, adjektiivi	8
nukkainen	adjektiivi	8
numerollinen	adjektiivi	8
nuoruudenaikainen	adjektiivi	8
nupo	adjektiivi	8
palveluhenkinen	adjektiivi	8
paneurooppalainen	adjektiivi	8
paralleeli	substantiivi, adjektiivi	8
pitsireunainen	adjektiivi	8
pituussuuntainen	adjektiivi	8
poroinen	adjektiivi	8
porsasmainen	adjektiivi	8
projektiivinen	adjektiivi	8
pujopartainen	adjektiivi	8
pulleaposkinen	adjektiivi	8
pulloposkinen	adjektiivi	8
puolimmainen	adjektiivi	8
puolipimeä	adjektiivi, substantiivi	8
pystyraitainen	adjektiivi	8
pysyväinen	adjektiivi	8
päämäärähakuinen	adjektiivi	8
päänmyötäinen	adjektiivi	8
pöpi	adjektiivi	8
raakilemainen	adjektiivi	8
raivotautinen	adjektiivi	8
rajuotteinen	adjektiivi	8
rantaruotsalainen	adjektiivi, substantiivi	8
rapeakuorinen	adjektiivi	8
rehvakka	adjektiivi	8
renessanssityylinen	adjektiivi	8
reporanka	adjektiivi	8
resiprookkinen	adjektiivi	8
responsiivinen	adjektiivi	8
ripeäliikkeinen	adjektiivi	8
risupartainen	adjektiivi	8
ruokahaluton	adjektiivi	8
ruotsinmielinen	adjektiivi	8
räikeänvärinen	adjektiivi	8
rämeinen	adjektiivi	8
sakraalinen	adjektiivi	8
sammalenvihreä	adjektiivi	8
sekularistinen	adjektiivi	8
siekailematon	adjektiivi	8
sileäpohjainen	adjektiivi	8
sisältörikas	adjektiivi	8
soinnukas	adjektiivi	8
sopuhintainen	adjektiivi	8
suklaakuorrutteinen	adjektiivi	8
sulavakäytöksinen	adjektiivi	8
suursuomalainen	adjektiivi	8
syöntikypsä	adjektiivi	8
tahtoikäinen	adjektiivi	8
talttumaton	adjektiivi	8
tappotahtinen	adjektiivi	8
tektoninen	adjektiivi	8
temperamentikas	adjektiivi	8
tiilikattoinen	adjektiivi	8
tiivisrakenteinen	adjektiivi	8
tuju	adjektiivi	8
tunnevammainen	adjektiivi, substantiivi	8
tuuheatukkainen	adjektiivi	8
tylppäpäinen	adjektiivi	8
tylsämielinen	adjektiivi, substantiivi	8
tämänlaatuinen	adjektiivi	8
täysvalkoinen	adjektiivi	8
vajaaälyinen	adjektiivi, substantiivi	8
vanhuudenhöperö	adjektiivi	8
vapaamittainen	adjektiivi	8
varmakätinen	adjektiivi	8
viisimiehinen	adjektiivi	8
ydintekninen	adjektiivi	8
ylirasittunut	adjektiivi	8
ylävä	adjektiivi	8
ärtyinen	adjektiivi	8
adjektiivinen	adjektiivi	7
ahdaskatseinen	adjektiivi	7
ainavihanta	adjektiivi	7
akallinen	adjektiivi	7
alaspäinen	adjektiivi	7
alinomainen	adjektiivi	7
autobiografinen	adjektiivi	7
bioeettinen	adjektiivi	7
defensiivinen	adjektiivi	7
despoottinen	adjektiivi	7
deterministinen	adjektiivi	7
ekvivalentti	adjektiivi	7
entisaikainen	adjektiivi	7
erimunainen	adjektiivi	7
geenimuokattu	adjektiivi	7
geenitekninen	adjektiivi	7
geotekninen	adjektiivi	7
hailea	adjektiivi	7
hallava	adjektiivi	7
happoinen	adjektiivi	7
havupuinen	adjektiivi	7
heleänvihreä	adjektiivi	7
henkipatto	adjektiivi, substantiivi	7
hentomielinen	adjektiivi	7
hermoton	adjektiivi	7
hidasälyinen	adjektiivi	7
hikari	substantiivi, adjektiivi	7
hikevä	adjektiivi	7
huippumuodikas	adjektiivi	7
huonokasvuinen	adjektiivi	7
iljanteinen	adjektiivi	7
ilmaton	adjektiivi	7
insuliinihoitoinen	adjektiivi	7
irrationaali	adjektiivi	7
iskuvoimainen	adjektiivi	7
islanninkielinen	adjektiivi	7
istukallinen	adjektiivi	7
itsesäätyvä	adjektiivi	7
itsevalaiseva	adjektiivi	7
jakomielinen	adjektiivi	7
jauhomainen	adjektiivi	7
junantuoma	substantiivi, adjektiivi	7
kaikkinäkevä	adjektiivi	7
kainaloinen	adjektiivi, substantiivi	7
kaksikasvoinen	adjektiivi	7
kaksikyttyräinen	adjektiivi	7
kantikas	adjektiivi	7
kenttäkelpoinen	adjektiivi	7
kerrannainen	substantiivi, adjektiivi	7
kesällinen	adjektiivi	7
kiharaturkkinen	adjektiivi	7
kiivasluontoinen	adjektiivi	7
koivupuinen	adjektiivi	7
kolmenkeskinen	adjektiivi	7
kommunikatiivinen	adjektiivi	7
koppisiemeninen	adjektiivi, substantiivi	7
korkkinen	adjektiivi	7
kouluakäymätön	adjektiivi	7
kreivillinen	adjektiivi	7
kuhmuinen	adjektiivi	7
kukkakoristeinen	adjektiivi	7
kullankallis	adjektiivi	7
kumipyöräinen	adjektiivi	7
kuusituumainen	adjektiivi	7
kvalitatiivinen	adjektiivi	7
kymmenmiehinen	adjektiivi	7
lentotaitoinen	adjektiivi	7
liimapintainen	adjektiivi	7
lingvistinen	adjektiivi	7
luonnonkivinen	adjektiivi	7
luonnonvärinen	adjektiivi	7
läiskäinen	adjektiivi	7
läskinen	adjektiivi	7
lässy	substantiivi, adjektiivi	7
lätäkköinen	adjektiivi	7
malmipitoinen	adjektiivi	7
maurilainen	adjektiivi	7
mesotsooinen	adjektiivi	7
miljoonakertainen	adjektiivi	7
mulkosilmäinen	adjektiivi	7
mustasilmäinen	adjektiivi	7
möyheä	adjektiivi	7
naavainen	adjektiivi	7
naavapartainen	adjektiivi	7
nanotekninen	adjektiivi	7
natiivi	adjektiivi, substantiivi	7
neulanterävä	adjektiivi	7
nilkkapituinen	adjektiivi	7
nuolimainen	adjektiivi	7
oligarkkinen	adjektiivi	7
omailmeinen	adjektiivi	7
pahanilkinen	adjektiivi	7
pahapäinen	adjektiivi	7
paljasjuurinen	adjektiivi	7
palvelualtis	adjektiivi	7
parabolinen	adjektiivi	7
parvellinen	adjektiivi	7
peeaa	adjektiivi	7
pehmeäpohjainen	adjektiivi	7
pietsosähköinen	adjektiivi	7
pluralistinen	adjektiivi	7
pohjoissaamelainen	substantiivi, adjektiivi	7
prepaid	adjektiivi, substantiivi	7
profaani	adjektiivi	7
punakylkinen	adjektiivi	7
punalakkinen	adjektiivi	7
punaruutuinen	adjektiivi	7
puolikiinteä	adjektiivi	7
puolikuuro	adjektiivi	7
puristinen	adjektiivi	7
pörrötukkainen	adjektiivi	7
revansistinen	adjektiivi	7
rokokootyylinen	adjektiivi	7
rustoinen	adjektiivi	7
rutiinimainen	adjektiivi	7
ruttoinen	adjektiivi	7
ruunikko	substantiivi, adjektiivi	7
saunapuhdas	adjektiivi	7
seitsenmiehinen	adjektiivi	7
senniminen	adjektiivi	7
sinisenharmaa	adjektiivi	7
snobistinen	adjektiivi	7
solunulkoinen	adjektiivi	7
suhteellisuudentajuinen	adjektiivi	7
syvähenkinen	adjektiivi	7
sävytön	adjektiivi	7
takapainotteinen	adjektiivi	7
takkutukkainen	adjektiivi	7
tasakylkinen	adjektiivi	7
tasasuhtainen	adjektiivi	7
tasavoimainen	adjektiivi	7
teokraattinen	adjektiivi	7
teräsbetonirakenteinen	adjektiivi	7
toisenvärinen	adjektiivi	7
transsendenttinen	adjektiivi	7
tukevatekoinen	adjektiivi	7
turhantarkka	adjektiivi	7
tuuheaturkkinen	adjektiivi	7
tähdetön	adjektiivi	7
tämänniminen	adjektiivi	7
töpö	adjektiivi, substantiivi	7
uposlehtinen	adjektiivi	7
uusasiallinen	adjektiivi	7
vaahtoinen	adjektiivi	7
viirukas	adjektiivi	7
viisirivinen	adjektiivi	7
viistoperäinen	adjektiivi	7
virikkeinen	adjektiivi	7
vitaali	adjektiivi	7
vivahteinen	adjektiivi	7
voikko	substantiivi, adjektiivi	7
väestötieteellinen	adjektiivi	7
välineellinen	adjektiivi	7
yksijumalainen	adjektiivi	7
yksilöpsykologinen	adjektiivi	7
yksirivinen	adjektiivi	7
yksisylinterinen	adjektiivi	7
ympyriäinen	adjektiivi	7
ökyrikas	adjektiivi, substantiivi	7
akkamainen	adjektiivi	6
allegorinen	adjektiivi	6
aloittamaton	adjektiivi	6
arkistokelpoinen	adjektiivi	6
avolavainen	adjektiivi	6
avosydäminen	adjektiivi	6
bilateraalinen	adjektiivi	6
darwinistinen	adjektiivi	6
doorilainen	substantiivi, adjektiivi	6
endoterminen	adjektiivi	6
epäidenttinen	adjektiivi	6
erikoisrakenteinen	adjektiivi	6
finninen	adjektiivi	6
harkintakykyinen	adjektiivi	6
harmaapää	substantiivi, adjektiivi	6
haudanhiljainen	adjektiivi	6
helläsydäminen	adjektiivi	6
herkkähermoinen	adjektiivi	6
hermeettinen	adjektiivi	6
hidaskulkuinen	adjektiivi	6
hiekansekainen	adjektiivi	6
hienoluonteinen	adjektiivi	6
hiilihappoinen	adjektiivi	6
holhouksenalainen	adjektiivi	6
hourupäinen	adjektiivi	6
humaaninen	adjektiivi	6
huokeahintainen	adjektiivi	6
huonotuottoinen	adjektiivi	6
hyvä-ääninen	adjektiivi	6
hyvänhajuinen	adjektiivi	6
höyryinen	adjektiivi	6
iiriläinen	substantiivi, adjektiivi	6
ilmoinen	adjektiivi	6
isometrinen	adjektiivi	6
itseliimautuva	adjektiivi	6
johtajavaltainen	adjektiivi	6
johteinen	adjektiivi	6
jänteikäs	adjektiivi	6
järjenmukainen	adjektiivi	6
kanamainen	adjektiivi	6
kapeakirjoinen	adjektiivi	6
kaunissointinen	adjektiivi	6
kennomainen	adjektiivi	6
klanipää	adjektiivi, substantiivi	6
kohmeloinen	adjektiivi	6
koivikkoinen	adjektiivi	6
konekielinen	adjektiivi	6
konstruktiivinen	adjektiivi	6
korviavihlova	adjektiivi	6
kreikkalaiskatolinen	adjektiivi, substantiivi	6
kukkaisa	adjektiivi	6
kultakutrinen	adjektiivi	6
kunnossapitovelvollinen	adjektiivi	6
kuppainen	adjektiivi	6
kursorinen	adjektiivi	6
kylmäsydäminen	adjektiivi	6
käryinen	adjektiivi	6
laajaspektrinen	adjektiivi	6
lapsentahtinen	adjektiivi	6
laupea	adjektiivi	6
leijonapaitainen	adjektiivi, substantiivi	6
liilanvärinen	adjektiivi	6
liitukautinen	adjektiivi	6
likempi	adjektiivi	6
lipallinen	adjektiivi	6
lohkareinen	adjektiivi	6
luonnehäiriöinen	adjektiivi	6
luotoinen	adjektiivi	6
lusmu	adjektiivi, substantiivi	6
läpällinen	adjektiivi	6
lättäjalka	adjektiivi, substantiivi	6
lörppö	adjektiivi, substantiivi	6
löyhäpäinen	adjektiivi	6
maalinnälkäinen	adjektiivi	6
mahakas	adjektiivi	6
makkaramainen	adjektiivi	6
matalaotsainen	adjektiivi	6
matalareunainen	adjektiivi	6
matalatasoinen	adjektiivi	6
menestymätön	adjektiivi	6
miiminen	adjektiivi	6
monimielinen	adjektiivi	6
monipuolueinen	adjektiivi	6
multippeli	adjektiivi, substantiivi	6
myöhäiskeskiaikainen	adjektiivi	6
nahkapohjainen	adjektiivi	6
narrimainen	adjektiivi	6
naurunsekainen	adjektiivi	6
nestejäähdytteinen	adjektiivi	6
niljainen	adjektiivi	6
nulju	adjektiivi	6
nuppuinen	adjektiivi	6
näpäkkä	adjektiivi	6
olkikattoinen	adjektiivi	6
ornitologinen	adjektiivi	6
pahankurinen	adjektiivi	6
pahaääninen	adjektiivi	6
pahkainen	adjektiivi	6
paljassiemeninen	adjektiivi, substantiivi	6
palonkestävä	adjektiivi	6
parisataavuotinen	adjektiivi	6
pienjännitteinen	adjektiivi	6
piikkisuora	adjektiivi	6
pikkukaupunkilainen	adjektiivi, substantiivi	6
pikkupiirteinen	adjektiivi	6
pitsikuvioinen	adjektiivi	6
pokerinaamainen	adjektiivi	6
porrasteinen	adjektiivi	6
pronssinvärinen	adjektiivi	6
punakukkainen	adjektiivi	6
puolikielinen	adjektiivi	6
purjehduskelpoinen	adjektiivi	6
puseromallinen	adjektiivi	6
pyöreäsilmäinen	adjektiivi	6
päheä	adjektiivi	6
päälleliimattu	adjektiivi	6
pörhöinen	adjektiivi	6
pörrötukka	substantiivi, adjektiivi	6
raidakas	adjektiivi	6
rapakontakainen	adjektiivi	6
rasvatyyni	adjektiivi, substantiivi	6
raudankova	adjektiivi	6
revisionistinen	adjektiivi	6
rumanvärinen	adjektiivi	6
rähmäinen	adjektiivi	6
salmiakkikuvioinen	adjektiivi	6
sarjakukkainen	adjektiivi, substantiivi	6
silkoinen	adjektiivi	6
simultaani	adjektiivi, substantiivi	6
skitsofreeni	substantiivi, adjektiivi	6
standardimittainen	adjektiivi	6
stereofoninen	adjektiivi	6
suippokuonoinen	adjektiivi	6
suklaatäytteinen	adjektiivi	6
sumumainen	adjektiivi	6
suoravartinen	adjektiivi	6
suupuhallettu	adjektiivi	6
suurikaliiberinen	adjektiivi	6
suurilehtinen	adjektiivi	6
suussasulava	adjektiivi	6
syntaktinen	adjektiivi	6
syvällekäyvä	adjektiivi	6
säikeinen	adjektiivi	6
talkoohenkinen	adjektiivi	6
tapahtumaton	adjektiivi	6
tasapintainen	adjektiivi	6
tasatahtinen	adjektiivi	6
termoplastinen	adjektiivi	6
terävä-älyinen	adjektiivi	6
teräväkatseinen	adjektiivi	6
teräväkyntinen	adjektiivi	6
trotskilainen	adjektiivi, substantiivi	6
tsaristinen	adjektiivi	6
tuhatlukuinen	adjektiivi	6
tulevainen	adjektiivi	6
tulisijallinen	adjektiivi	6
tunneköyhä	adjektiivi	6
tunnevaltainen	adjektiivi	6
turhantärkeä	adjektiivi	6
turvaisa	adjektiivi	6
tuskantäyteinen	adjektiivi	6
työkohtainen	adjektiivi	6
täysivahvuinen	adjektiivi	6
uimapukuinen	adjektiivi	6
uskontotieteellinen	adjektiivi	6
vaaranalainen	adjektiivi	6
vakiomallinen	adjektiivi	6
valokemiallinen	adjektiivi	6
valtioidenvälinen	adjektiivi	6
vehnäinen	adjektiivi	6
vierasvoittoinen	adjektiivi	6
vihkimätön	adjektiivi	6
vihreänharmaa	adjektiivi	6
vitivalkea	adjektiivi	6
voimakassanainen	adjektiivi	6
vuosikymmeninen	adjektiivi	6
vähähappinen	adjektiivi	6
vääräleukainen	adjektiivi	6
yhdeksänluokkainen	adjektiivi	6
yhdenmuotoinen	adjektiivi	6
yhteismitaton	adjektiivi	6
yksinoikeutettu	adjektiivi	6
ylikäymätön	adjektiivi	6
äkkimakea	adjektiivi	6
äärevä	adjektiivi	6
öky	adjektiivi, substantiivi	6
aamullinen	adjektiivi	5
aamunvirkku	adjektiivi	5
aitotumainen	substantiivi, adjektiivi	5
alkukristillinen	adjektiivi	5
alkuperäisrotuinen	adjektiivi	5
aloittainen	adjektiivi	5
alpakkainen	adjektiivi*	5
anestesiologinen	adjektiivi	5
arvostelukykyinen	adjektiivi	5
aseksuaalinen	adjektiivi	5
asetekninen	adjektiivi	5
atomaarinen	adjektiivi	5
bensapihi	adjektiivi	5
bolševistinen	adjektiivi	5
demagoginen	adjektiivi	5
dementti	adjektiivi	5
eksperimentaalinen	adjektiivi	5
epätaiteellinen	adjektiivi	5
esitumallinen	adjektiivi, substantiivi	5
etnologinen	adjektiivi	5
etuusperusteinen	adjektiivi	5
federatiivinen	adjektiivi	5
froteinen	adjektiivi	5
hampaallinen	adjektiivi	5
harvapuheinen	adjektiivi	5
haureellinen	adjektiivi	5
helakanpunainen	adjektiivi	5
hermostoperäinen	adjektiivi	5
hirttämätön	adjektiivi	5
hopeahiuksinen	adjektiivi	5
hurjaluontoinen	adjektiivi	5
huvittelunhaluinen	adjektiivi	5
häviämätön	adjektiivi	5
ikäkulu	adjektiivi	5
ilmaisukykyinen	adjektiivi	5
iltapukuinen	adjektiivi	5
inflatorinen	adjektiivi	5
irkku	substantiivi, adjektiivi	5
itseohjaava	adjektiivi	5
itsesyntyinen	adjektiivi	5
jazzahtava	adjektiivi	5
jodipitoinen	adjektiivi	5
julkaisuvapaa	adjektiivi	5
kaikenkaltainen	adjektiivi	5
kaikenkirjava	adjektiivi	5
kaitaluinen	adjektiivi	5
kaksisataavuotinen	adjektiivi	5
kaksoisjalkainen	adjektiivi, substantiivi	5
kalarikas	adjektiivi	5
kalligrafinen	adjektiivi	5
kalpeakasvoinen	adjektiivi	5
kampurajalkainen	adjektiivi	5
kansallishenkinen	adjektiivi	5
kastanjanruskea	adjektiivi	5
kasvatusopillinen	adjektiivi	5
kauaskantava	adjektiivi	5
kaukotaittoinen	adjektiivi	5
kaunismuotoinen	adjektiivi	5
kerkeäkielinen	adjektiivi	5
keskuslämmitteinen	adjektiivi	5
ketjuvetoinen	adjektiivi	5
kevätkylmä	adjektiivi, substantiivi	5
khakinvärinen	adjektiivi	5
kiihkoislamilainen	substantiivi, adjektiivi	5
kiiltonahkainen	adjektiivi	5
kiilusilmä	substantiivi, adjektiivi	5
kilpailunhaluinen	adjektiivi	5
kimeä-ääninen	adjektiivi	5
kinemaattinen	adjektiivi	5
kirjallisuushistoriallinen	adjektiivi	5
kissankorkuinen	adjektiivi	5
kohtauksittainen	adjektiivi	5
kollo	adjektiivi, substantiivi	5
kolmituumainen	adjektiivi	5
kolmiyhteinen	adjektiivi	5
koloristinen	adjektiivi	5
konnamainen	adjektiivi	5
kopernikaaninen	adjektiivi	5
korkeakiiltoinen	adjektiivi	5
kouristuksenomainen	adjektiivi	5
kumoamaton	adjektiivi	5
kumpuinen	adjektiivi	5
kuosillinen	adjektiivi	5
kymmentuhantinen	adjektiivi	5
kyömynenä	substantiivi, adjektiivi	5
lasikantinen	adjektiivi	5
lateraalinen	adjektiivi	5
lattana	adjektiivi	5
lautasmainen	adjektiivi	5
lenseä	adjektiivi	5
leveälanteinen	adjektiivi	5
liiviläinen	adjektiivi, substantiivi	5
likaahylkivä	adjektiivi	5
loppusoinnullinen	adjektiivi	5
lujaotteinen	adjektiivi	5
luontoperäinen	adjektiivi	5
lyhytsiipinen	adjektiivi, substantiivi	5
länsilounainen	adjektiivi	5
lääkkeenomainen	adjektiivi	5
madonnamainen	adjektiivi	5
makrobioottinen	adjektiivi	5
makroskooppinen	adjektiivi	5
malmirikas	adjektiivi	5
markkamääräinen	adjektiivi	5
maskuliinisukuinen	adjektiivi	5
matalaoktaaninen	adjektiivi	5
matalapaineinen	adjektiivi	5
meritekninen	adjektiivi	5
metsäpeitteinen	adjektiivi	5
metsärikas	adjektiivi	5
miestyyppinen	adjektiivi	5
monenkaltainen	adjektiivi	5
monijumalainen	adjektiivi	5
monituhantinen	adjektiivi	5
muinoinen	adjektiivi	5
märkäinen	adjektiivi	5
mätäinen	adjektiivi	5
nelikanavainen	adjektiivi	5
nelisylinterinen	adjektiivi	5
nestepitoinen	adjektiivi	5
nivelkärsäinen	adjektiivi, substantiivi	5
nokallinen	adjektiivi	5
norsunluunvärinen	adjektiivi	5
nukkapintainen	adjektiivi	5
nupopää	substantiivi, adjektiivi	5
nyyhky	adjektiivi, substantiivi	5
oikeauskoinen	adjektiivi, substantiivi	5
omavaloinen	adjektiivi	5
osuuskunnallinen	adjektiivi	5
palmikkopäinen	adjektiivi	5
parapsykologinen	adjektiivi	5
pehmeäpiirteinen	adjektiivi	5
pehmeäsointinen	adjektiivi	5
perihämäläinen	adjektiivi	5
perintöoikeudellinen	adjektiivi	5
perspektiivinen	adjektiivi	5
perusluonteinen	adjektiivi	5
pidättynyt	adjektiivi	5
pienoiskokoinen	adjektiivi	5
pilkukas	adjektiivi	5
pintaviallinen	adjektiivi	5
pitkälettinen	adjektiivi	5
pitkäuninen	adjektiivi, substantiivi	5
pluskokoinen	adjektiivi	5
presbyteerinen	adjektiivi	5
primäärinen	adjektiivi	5
professionaalinen	adjektiivi	5
prototyyppinen	adjektiivi	5
ptolemaiolainen	adjektiivi	5
puolimakea	adjektiivi	5
puristeinen	adjektiivi	5
puujalkainen	adjektiivi	5
puuvapaa	adjektiivi	5
pyrstöllinen	adjektiivi	5
pystypäinen	adjektiivi	5
pysymätön	adjektiivi	5
pyyhekuiva	adjektiivi	5
päivänpaisteinen	adjektiivi	5
pääpiirteinen	adjektiivi	5
pösilö	adjektiivi, substantiivi	5
rahataloudellinen	adjektiivi	5
raskasliikenteinen	adjektiivi	5
rasvanahkainen	adjektiivi	5
refleksiivinen	adjektiivi	5
reflektiivinen	adjektiivi	5
rekyylitön	adjektiivi	5
riistainen	adjektiivi	5
ristikukkainen	adjektiivi	5
rivosuinen	adjektiivi	5
rosterinen	adjektiivi	5
rubiininpunainen	adjektiivi	5
runomittainen	adjektiivi	5
ruudukas	adjektiivi	5
ruusuntuoksuinen	adjektiivi	5
ryysyinen	adjektiivi	5
rämeä	adjektiivi	5
samanistinen	adjektiivi	5
sammalinen	adjektiivi	5
sangallinen	adjektiivi	5
sekoboltsi	substantiivi, adjektiivi	5
selkäsairas	adjektiivi, substantiivi	5
sensuaalinen	adjektiivi	5
seppelepäinen	adjektiivi	5
septinen	adjektiivi	5
siirtämätön	adjektiivi	5
sinisiipinen	adjektiivi, substantiivi	5
sirkeäsilmäinen	adjektiivi	5
skandinavialainen	adjektiivi, substantiivi	5
smokkipukuinen	adjektiivi	5
sopimuspalkkainen	adjektiivi	5
sporadinen	adjektiivi	5
substantiivinen	adjektiivi	5
suippokärkinen	adjektiivi	5
sukkelasanainen	adjektiivi	5
suonikas	adjektiivi	5
suoraryhtinen	adjektiivi	5
suoratukkainen	adjektiivi	5
suuriannoksinen	adjektiivi	5
syyksiluettava	adjektiivi	5
taain	adjektiivi	5
taajuinen	adjektiivi	5
taikinamainen	adjektiivi	5
tarkkakatseinen	adjektiivi	5
tasaleveä	adjektiivi	5
tasarakenteinen	adjektiivi	5
tasarytminen	adjektiivi	5
teleskooppinen	adjektiivi	5
territoriaalinen	adjektiivi	5
teräksenharmaa	adjektiivi	5
teräshermoinen	adjektiivi	5
terävänäköinen	adjektiivi	5
todellisuuspakoinen	adjektiivi	5
toistaitoinen	adjektiivi	5
tulenpunainen	adjektiivi	5
tummakulmainen	adjektiivi	5
tunturilappalainen	adjektiivi, substantiivi	5
turski	adjektiivi	5
turvekattoinen	adjektiivi	5
tuuheapartainen	adjektiivi	5
tyhjentymätön	adjektiivi	5
tylppäkärkinen	adjektiivi	5
uloimmainen	adjektiivi	5
vaaleapohjainen	adjektiivi	5
vajaakykyinen	adjektiivi	5
vajanainen	adjektiivi	5
vakavanlaatuinen	adjektiivi	5
vakavasävyinen	adjektiivi	5
valkuaispitoinen	adjektiivi	5
valtionenemmistöinen	adjektiivi	5
valtioviisas	adjektiivi	5
vastustuskyvytön	adjektiivi	5
vastuuvelvollinen	adjektiivi	5
vesistöystävällinen	adjektiivi	5
viinainen	adjektiivi	5
viisipiikkinen	adjektiivi, substantiivi	5
viivallinen	adjektiivi	5
vinosilmäinen	adjektiivi	5
visvainen	adjektiivi	5
vitamiinirikas	adjektiivi	5
voimakasarominen	adjektiivi	5
vuolassanainen	adjektiivi	5
vuorillinen	adjektiivi	5
vähälapsinen	adjektiivi	5
vähämielinen	adjektiivi	5
vähäruokainen	adjektiivi	5
vähätuottoinen	adjektiivi	5
vähätöinen	adjektiivi	5
yksipiippuinen	adjektiivi	5
yksisäikeinen	adjektiivi	5
yliälykäs	adjektiivi	5
yltiöpää	substantiivi, adjektiivi	5
šamanistinen	adjektiivi	5
afroaasialainen	adjektiivi	4
agnostinen	adjektiivi	4
aktuaalinen	adjektiivi	4
alistuvainen	adjektiivi	4
alkeistumallinen	adjektiivi, substantiivi	4
alpiininen	adjektiivi	4
anakronistinen	adjektiivi	4
armeijanvihreä	adjektiivi	4
atavistinen	adjektiivi	4
autokefaalinen	adjektiivi	4
biografinen	adjektiivi	4
deduktiivinen	adjektiivi	4
demonstratiivinen	adjektiivi	4
didaktinen	adjektiivi	4
edelläkäyvä	adjektiivi	4
ehytlaitainen	adjektiivi	4
eläväpintainen	adjektiivi	4
endogeeninen	adjektiivi	4
ensikesäinen	adjektiivi	4
epähistoriallinen	adjektiivi	4
epäsuopea	adjektiivi	4
etelälounainen	adjektiivi	4
fetisistinen	adjektiivi	4
filantrooppinen	adjektiivi	4
formaalinen	adjektiivi	4
haaveenomainen	adjektiivi	4
hapattamaton	adjektiivi	4
haploidinen	adjektiivi	4
harmaaparta	substantiivi, adjektiivi	4
harvaoksainen	adjektiivi	4
harventamaton	adjektiivi	4
haudantakainen	adjektiivi	4
hedoninen	adjektiivi	4
heikkotahtoinen	adjektiivi	4
helmikoristeinen	adjektiivi	4
hermafrodiittinen	adjektiivi	4
hietikkoinen	adjektiivi	4
hikke	substantiivi, adjektiivi	4
hillotäytteinen	adjektiivi	4
histologinen	adjektiivi	4
hohtoinen	adjektiivi	4
homeostaattinen	adjektiivi	4
huiskea	adjektiivi	4
hulttiomainen	adjektiivi	4
hyppäyksellinen	adjektiivi	4
hämäräsokea	adjektiivi	4
hännällinen	adjektiivi	4
härö	adjektiivi	4
höyhenenkeveä	adjektiivi	4
höyheninen	adjektiivi	4
imaginaarinen	adjektiivi	4
indigonsininen	adjektiivi, substantiivi	4
iteratiivinen	adjektiivi	4
itsekannattava	adjektiivi	4
itsekantava	adjektiivi	4
julkishallinnollinen	adjektiivi	4
juovainen	adjektiivi	4
jyrkkäkattoinen	adjektiivi	4
jyrkkärantainen	adjektiivi	4
jäykkäniskainen	adjektiivi	4
kalendaarinen	adjektiivi	4
kansalliskiihkoinen	adjektiivi	4
kapearaitainen	adjektiivi	4
karkeapintainen	adjektiivi	4
karvallinen	adjektiivi	4
karvapintainen	adjektiivi	4
katkeransävyinen	adjektiivi	4
kauneudellinen	adjektiivi	4
kaunispiirteinen	adjektiivi	4
kellankirjava	adjektiivi	4
keskimoottorinen	adjektiivi	4
keskipakoinen	adjektiivi	4
kippurahäntäinen	adjektiivi	4
kippurasarvinen	adjektiivi	4
kirkaskatseinen	adjektiivi	4
kirkassointinen	adjektiivi	4
kiväärikaliiperinen	adjektiivi	4
kokoonpantava	adjektiivi	4
kolmekuukautinen	adjektiivi	4
kolmikymmenvuotias	adjektiivi	4
koukkuleuka	substantiivi, adjektiivi	4
koukkuleukainen	adjektiivi	4
kovasuinen	adjektiivi	4
kronkeli	adjektiivi	4
kustavilaistyylinen	adjektiivi	4
kuulakka	adjektiivi	4
kuumapää	substantiivi, adjektiivi	4
kuumuudenkestävä	adjektiivi	4
kuunaama	substantiivi, adjektiivi	4
kuupallinen	adjektiivi, substantiivi	4
kuurapartainen	adjektiivi	4
kuusipuinen	adjektiivi	4
kuutamoinen	adjektiivi	4
kvartsinen	adjektiivi	4
kyberneettinen	adjektiivi	4
kylpyvalmis	adjektiivi	4
kyrmyniska	substantiivi, adjektiivi	4
kysymyksenalainen	adjektiivi	4
kyyryselkäinen	adjektiivi	4
känsäinen	adjektiivi	4
känsäkoura	substantiivi, adjektiivi	4
kärjellinen	adjektiivi	4
köyryselkä	adjektiivi, substantiivi	4
laineikas	adjektiivi	4
legaalinen	adjektiivi	4
lihaksinen	adjektiivi	4
liikennekuntoinen	adjektiivi	4
liikkis	adjektiivi	4
likitaitteinen	adjektiivi	4
lituskainen	adjektiivi	4
liuskainen	adjektiivi	4
lonkeroinen	adjektiivi	4
lonkerojalkainen	adjektiivi, substantiivi	4
lujahermoinen	adjektiivi	4
lujaluontoinen	adjektiivi	4
lyhytraajainen	adjektiivi	4
lypsylämmin	adjektiivi	4
länkisääri	substantiivi, adjektiivi	4
maahenkinen	adjektiivi	4
maantienvärinen	adjektiivi	4
matkakokoinen	adjektiivi	4
menestyksetön	adjektiivi	4
meritieteellinen	adjektiivi	4
metallinkiiltoinen	adjektiivi	4
mielevä	adjektiivi	4
minkähintainen	adjektiivi	4
monetaristinen	adjektiivi	4
mongolilainen	adjektiivi	4
moniasteinen	adjektiivi	4
monietninen	adjektiivi	4
mono	adjektiivi	4
muhea	adjektiivi	4
muovipinnoitteinen	adjektiivi	4
mustankipeä	adjektiivi	4
mutageeninen	adjektiivi	4
muunkaltainen	adjektiivi	4
muuntelukykyinen	adjektiivi	4
myöhäisherännyt	adjektiivi, substantiivi	4
myöhäsyntyinen	adjektiivi	4
mädännäinen	adjektiivi	4
mättäinen	adjektiivi	4
naavaparta	substantiivi, adjektiivi	4
nahkealehtinen	adjektiivi	4
napillinen	adjektiivi	4
nekroottinen	adjektiivi	4
nelijakoinen	adjektiivi	4
neuropaattinen	adjektiivi	4
nipo	adjektiivi, substantiivi	4
nivelikäs	adjektiivi	4
nonfiguratiivinen	adjektiivi	4
normaalinäköinen	adjektiivi	4
nutipää	substantiivi, adjektiivi	4
nynnerö	adjektiivi, substantiivi	4
oidipaalinen	adjektiivi	4
ontologinen	adjektiivi	4
orjamainen	adjektiivi	4
ostokykyinen	adjektiivi	4
pahanlainen	adjektiivi	4
paineenkestävä	adjektiivi	4
paksukalloinen	adjektiivi	4
palonarka	adjektiivi	4
panafrikkalainen	adjektiivi	4
panamerikkalainen	adjektiivi	4
pelkääväinen	adjektiivi	4
petrokemiallinen	adjektiivi	4
pientaajuinen	adjektiivi	4
pihanpuoleinen	adjektiivi	4
piikkikorkoinen	adjektiivi	4
piilotajuinen	adjektiivi	4
pikkuruutuinen	adjektiivi	4
pintakäsittelemätön	adjektiivi	4
pitkittäissuuntainen	adjektiivi	4
pitsikoristeinen	adjektiivi	4
poikapuolinen	adjektiivi	4
pointillistinen	adjektiivi	4
prekambrinen	adjektiivi	4
primaarinen	adjektiivi	4
proletaarinen	adjektiivi	4
psykometrinen	adjektiivi	4
puhdashenkinen	adjektiivi	4
puhdassointinen	adjektiivi	4
pukinpartainen	adjektiivi	4
punahuuli	substantiivi, adjektiivi	4
punahuulinen	adjektiivi	4
punertavatukkainen	adjektiivi	4
punerva	adjektiivi	4
puolimätä	adjektiivi	4
puolituhma	adjektiivi	4
puolivarjoisa	adjektiivi	4
puolustuskykyinen	adjektiivi	4
puutteenalainen	adjektiivi	4
pyöreäpohjainen	adjektiivi	4
pähkinänruskea	adjektiivi	4
pärekattoinen	adjektiivi	4
pörröhäntäinen	adjektiivi	4
raihnas	adjektiivi	4
raskaslukuinen	adjektiivi	4
relatiivinen	adjektiivi	4
resilientti	adjektiivi	4
rikkiviisas	adjektiivi	4
rimpula	substantiivi, adjektiivi	4
ripeäotteinen	adjektiivi	4
ristipölytteinen	adjektiivi	4
ristiverinen	adjektiivi	4
riuskaotteinen	adjektiivi	4
runebergiläinen	adjektiivi	4
runsasmuotoinen	adjektiivi	4
ruusukultainen	adjektiivi	4
ryhditön	adjektiivi	4
räkänenä	substantiivi, adjektiivi	4
räävi	adjektiivi	4
saatananmoinen	adjektiivi	4
salavihkainen	adjektiivi	4
sekakoosteinen	adjektiivi	4
seksipitoinen	adjektiivi	4
selkiytymätön	adjektiivi	4
selkävammainen	adjektiivi, substantiivi	4
siimajalkainen	adjektiivi, substantiivi	4
sinipunertava	adjektiivi	4
sirpakka	adjektiivi	4
sisäänpäinlämpiävä	adjektiivi	4
siunaamaton	adjektiivi	4
solmuinen	adjektiivi	4
sorea	adjektiivi	4
stereoskooppinen	adjektiivi	4
strukturaalinen	adjektiivi	4
suippopäinen	adjektiivi	4
sujuvakynäinen	adjektiivi	4
suurienergiainen	adjektiivi	4
säihkysääri	substantiivi, adjektiivi	4
säännötön	adjektiivi	4
taajaväkinen	adjektiivi	4
taikavoimainen	adjektiivi	4
tammipuinen	adjektiivi	4
tanakkavartaloinen	adjektiivi	4
tappelunhaluinen	adjektiivi	4
tarjoiluvalmis	adjektiivi	4
tarkkakuuloinen	adjektiivi	4
tarkoitusperäinen	adjektiivi	4
tarrakiinnitteinen	adjektiivi	4
tasakorkea	adjektiivi	4
tasalevyinen	adjektiivi	4
tasapitkä	adjektiivi	4
tekonahkainen	adjektiivi	4
terävähuippuinen	adjektiivi	4
tihrusilmäinen	adjektiivi	4
tiilenvärinen	adjektiivi	4
tiimalasimainen	adjektiivi	4
tilapäisluonteinen	adjektiivi	4
tilastomatemaattinen	adjektiivi	4
toimekas	adjektiivi	4
toisenmoinen	adjektiivi	4
transsendentti	adjektiivi	4
tulimmainen	adjektiivi	4
tulvainen	adjektiivi	4
tuonkokoinen	adjektiivi	4
tutunomainen	adjektiivi	4
tylppäkuonoinen	adjektiivi	4
työrajoitteinen	adjektiivi, substantiivi	4
töyhtöpäinen	adjektiivi	4
ubiikki	adjektiivi	4
uintikelvoton	adjektiivi	4
ulkosyntyinen	adjektiivi	4
umpikiero	adjektiivi	4
umpikuuro	adjektiivi	4
urheiluhenkinen	adjektiivi	4
utilitaristinen	adjektiivi	4
uunillinen	substantiivi, adjektiivi	4
vaaleaverinen	adjektiivi	4
vahvarunkoinen	adjektiivi	4
vajaasärmäinen	adjektiivi	4
vakavaluonteinen	adjektiivi	4
vakavannäköinen	adjektiivi	4
vanutäytteinen	adjektiivi	4
vauvantahtinen	adjektiivi	4
verhoamaton	adjektiivi	4
viehätysvoimainen	adjektiivi	4
viinahöyryinen	adjektiivi	4
viipymätön	adjektiivi	4
virikeköyhä	adjektiivi	4
virkavaltainen	adjektiivi	4
vivahderikas	adjektiivi	4
voimakasotteinen	adjektiivi	4
vähälahjainen	adjektiivi	4
vääristelemätön	adjektiivi	4
yksitulkintainen	adjektiivi	4
ylikoulutettu	adjektiivi	4
ylikuntoinen	adjektiivi	4
yllätyksekäs	adjektiivi	4
ylätyylinen	adjektiivi	4
yökylmä	substantiivi, adjektiivi	4
yömyöhäinen	adjektiivi, substantiivi	4
yöpimeä	adjektiivi, substantiivi	4
äänivallaton	adjektiivi, substantiivi	4
aasimainen	adjektiivi	3
ahdasrajainen	adjektiivi	3
akuuttinen	adjektiivi	3
androgeeninen	adjektiivi	3
animaalinen	adjektiivi	3
anti-inflammatorinen	adjektiivi	3
arteesinen	adjektiivi	3
arvoliberaalinen	adjektiivi	3
arvosidonnainen	adjektiivi	3
asekuntoinen	adjektiivi	3
astraalinen	adjektiivi	3
asutushistoriallinen	adjektiivi	3
auktoritatiivinen	adjektiivi	3
bakteriologinen	adjektiivi	3
deskriptiivinen	adjektiivi	3
diploidinen	adjektiivi	3
ekstremistinen	adjektiivi	3
elektiivinen	adjektiivi	3
elektrolyyttinen	adjektiivi	3
empiristinen	adjektiivi	3
endokriininen	adjektiivi	3
entusiastinen	adjektiivi	3
epikurolainen	adjektiivi, substantiivi	3
epäjatkuva	adjektiivi	3
epälukuinen	adjektiivi	3
eteläkaakkoinen	adjektiivi	3
etusijainen	adjektiivi	3
feminiinisukuinen	adjektiivi	3
filistealainen	adjektiivi, substantiivi	3
futurologinen	adjektiivi	3
glamoröösi	adjektiivi	3
glykeeminen	adjektiivi	3
halullinen	adjektiivi	3
hankinnainen	adjektiivi	3
happopitoinen	adjektiivi	3
hapsullinen	adjektiivi	3
harrastunnelmainen	adjektiivi	3
hassahtava	adjektiivi	3
heliosentrinen	adjektiivi	3
helppoliukoinen	adjektiivi	3
heuristinen	adjektiivi	3
hidasjärkinen	adjektiivi	3
hienohipiäinen	adjektiivi	3
hiirenharmaa	adjektiivi	3
holiton	adjektiivi	3
homeerinen	adjektiivi	3
hopeakuorinen	adjektiivi	3
hopeanvalkoinen	adjektiivi	3
huisi	adjektiivi	3
humalikas	adjektiivi, substantiivi	3
hunajankeltainen	adjektiivi	3
huomiokykyinen	adjektiivi	3
huononnäköinen	adjektiivi	3
hyvinvoipa	adjektiivi	3
hyväenteinen	adjektiivi	3
hölösuinen	adjektiivi	3
höpsähtävä	adjektiivi	3
ihku	adjektiivi	3
irstainen	adjektiivi	3
iskullinen	adjektiivi	3
itsetiedoton	adjektiivi	3
itämurteinen	adjektiivi	3
jatsahtava	adjektiivi	3
jehovalainen	substantiivi, adjektiivi	3
joonialainen	adjektiivi, substantiivi	3
juhlamielinen	adjektiivi	3
jyrkkäseinäinen	adjektiivi	3
jänteinen	adjektiivi	3
jäykkäliikkeinen	adjektiivi	3
kaaoksellinen	adjektiivi	3
kademielinen	adjektiivi	3
kahdeksankymmenvuotias	adjektiivi	3
kainostelematon	adjektiivi	3
kaitakasvoinen	adjektiivi	3
kajuutallinen	adjektiivi	3
kakkainen	adjektiivi	3
kaksikotinen	adjektiivi	3
kaksimerkityksinen	adjektiivi	3
kansantaloustieteellinen	adjektiivi	3
kapealanteinen	adjektiivi	3
kapillaarinen	adjektiivi	3
karvapeitteinen	adjektiivi	3
kaukalomainen	adjektiivi	3
kehitysopillinen	adjektiivi	3
keihäsmäinen	adjektiivi	3
keinollinen	adjektiivi	3
keltaraitainen	adjektiivi	3
kelvokas	adjektiivi	3
kierrekantinen	adjektiivi	3
kiertämätön	adjektiivi	3
kiharatukka	adjektiivi, substantiivi	3
kippurakärkinen	adjektiivi	3
kirpsakka	adjektiivi	3
koboltinsininen	adjektiivi	3
kohdunulkoinen	adjektiivi	3
kohosteinen	adjektiivi	3
kohtuudenmukainen	adjektiivi	3
kolmenkertainen	adjektiivi	3
korkeakirkollinen	adjektiivi	3
korkeaviritteinen	adjektiivi	3
korosteinen	adjektiivi	3
kouho	adjektiivi	3
koukkunokkainen	adjektiivi	3
koulukypsä	adjektiivi	3
kukertava	adjektiivi	3
kuolainen	adjektiivi	3
kuudestilaukeava	adjektiivi, substantiivi	3
kuuro	adjektiivi	3
kuutiollinen	adjektiivi	3
käsivammainen	adjektiivi	3
laatuunkäypä	adjektiivi	3
lajiköyhä	adjektiivi	3
laktovegetaarinen	adjektiivi	3
lamoava	adjektiivi	3
lasikuituvahvisteinen	adjektiivi	3
lempeäluontoinen	adjektiivi	3
lihaksensisäinen	adjektiivi	3
liikkumisrajoitteinen	adjektiivi, substantiivi	3
liinatukkainen	adjektiivi	3
liivinmaalainen	adjektiivi	3
lipeinen	adjektiivi	3
liukaskielinen	adjektiivi	3
lojaalinen	adjektiivi	3
lomittainen	adjektiivi	3
lujavauhtinen	adjektiivi	3
lukemisesteinen	substantiivi, adjektiivi	3
luokkakantainen	adjektiivi	3
luokkatietoinen	adjektiivi	3
lurjusmainen	adjektiivi	3
lyydiläinen	substantiivi, adjektiivi	3
lämpötaloudellinen	adjektiivi	3
länsiluoteinen	adjektiivi	3
läpipoliittinen	adjektiivi	3
lättiläinen	adjektiivi, substantiivi	3
maakeskinen	adjektiivi	3
mahonginruskea	adjektiivi	3
marjapuuronpunainen	adjektiivi	3
matalarantainen	adjektiivi	3
merenvihreä	adjektiivi	3
meritokraattinen	adjektiivi	3
miehuullinen	adjektiivi	3
mielitautinen	adjektiivi, substantiivi	3
militaarinen	adjektiivi	3
minämuotoinen	adjektiivi	3
monipersoonainen	adjektiivi	3
moottorillinen	adjektiivi	3
motivoimaton	adjektiivi	3
muhamettilainen	adjektiivi, substantiivi	3
multilateraalinen	adjektiivi	3
muoto-opillinen	adjektiivi	3
myssypäinen	adjektiivi	3
myytillinen	adjektiivi	3
möhömahainen	adjektiivi	3
nahkaselkäinen	adjektiivi	3
nelisakarainen	adjektiivi	3
nirppanokkainen	adjektiivi	3
nokonuuka	adjektiivi	3
nopealukuinen	adjektiivi	3
nuortea	adjektiivi	3
nurjamielinen	adjektiivi	3
nykyhetkinen	adjektiivi	3
nykykielinen	adjektiivi	3
ohutrunkoinen	adjektiivi	3
okranvärinen	adjektiivi	3
onttosarvinen	adjektiivi, substantiivi	3
osmoottinen	adjektiivi	3
oudonmakuinen	adjektiivi	3
pahoinvointinen	adjektiivi	3
pakettimallinen	adjektiivi	3
paksuhuulinen	adjektiivi	3
paksupäinen	adjektiivi	3
panslavistinen	adjektiivi	3
panteistinen	adjektiivi	3
paskantärkeä	adjektiivi	3
pastellinsininen	adjektiivi	3
pehmeäluonteinen	adjektiivi	3
pehmeäturkkinen	adjektiivi	3
perämiehellinen	adjektiivi	3
pieniannoksinen	adjektiivi	3
pienikuvioinen	adjektiivi	3
pieteettinen	adjektiivi	3
pihtimäinen	adjektiivi	3
piikkikärkinen	adjektiivi	3
pinta-aktiivinen	adjektiivi	3
poispilattu	adjektiivi	3
preventiivinen	adjektiivi	3
primaari	adjektiivi	3
psykohistoriallinen	adjektiivi	3
psykomotorinen	adjektiivi	3
puberteetti-ikäinen	adjektiivi	3
pulleavatsainen	adjektiivi	3
puna-vihersokea	adjektiivi, substantiivi	3
punakirjava	adjektiivi	3
punaraitainen	adjektiivi	3
puolikasvuinen	adjektiivi	3
puolimiljoonainen	adjektiivi	3
puolipitoinen	adjektiivi	3
puolisalainen	adjektiivi	3
puolisuora	adjektiivi, substantiivi	3
puuvalmis	adjektiivi	3
pääpiirteittäinen	adjektiivi	3
päätteetön	adjektiivi	3
raajavammainen	adjektiivi, substantiivi	3
rakoilematon	adjektiivi	3
rillipäinen	adjektiivi	3
rimpsureunainen	adjektiivi	3
ripulinen	adjektiivi	3
rivakkaotteinen	adjektiivi	3
romantiikannälkäinen	adjektiivi	3
rumaääninen	adjektiivi	3
ruohonvihreä	adjektiivi	3
ruotsalaisperäinen	adjektiivi	3
rusoposkinen	adjektiivi	3
ruttotautinen	adjektiivi, substantiivi	3
ruudikas	adjektiivi	3
ruumiiton	adjektiivi	3
rypistymätön	adjektiivi	3
räsyinen	adjektiivi	3
römäkkä	adjektiivi	3
samanhetkinen	adjektiivi	3
samankeskinen	adjektiivi	3
samettisilmä	substantiivi, adjektiivi	3
saranallinen	adjektiivi	3
sateenharmaa	adjektiivi	3
sekapäinen	adjektiivi	3
selvänäköinen	adjektiivi	3
sentapainen	adjektiivi	3
sentimentaali	adjektiivi	3
sievistelemätön	adjektiivi	3
sikkara	adjektiivi, substantiivi	3
silmänräpäyksellinen	adjektiivi	3
siniruutuinen	adjektiivi	3
sisällyksetön	adjektiivi	3
sisällökäs	adjektiivi	3
soinnullinen	adjektiivi	3
sotataidollinen	adjektiivi	3
statistinen	adjektiivi	3
suikea	adjektiivi	3
suolaisenmakea	adjektiivi	3
suorahiuksinen	adjektiivi	3
suorarunkoinen	adjektiivi	3
suorasiipinen	adjektiivi, substantiivi	3
suppea-alainen	adjektiivi	3
surunsekainen	adjektiivi	3
suurikaliiperinen	adjektiivi	3
suurimolekyylinen	adjektiivi	3
syndikalistinen	adjektiivi	3
synergistinen	adjektiivi	3
syttymätön	adjektiivi	3
sälöinen	adjektiivi	3
säännönvastainen	adjektiivi	3
tahraamaton	adjektiivi	3
tajuinen	adjektiivi	3
takaaladattava	adjektiivi	3
talvilämmin	adjektiivi	3
tasakorkuinen	adjektiivi	3
tasapituinen	adjektiivi	3
tasareunainen	adjektiivi	3
tasavahvuinen	adjektiivi	3
taukki	adjektiivi, substantiivi	3
tautologinen	adjektiivi	3
teistinen	adjektiivi	3
tekosilkkinen	adjektiivi	3
teräksenluja	adjektiivi	3
teräväjärkinen	adjektiivi	3
tinainen	adjektiivi	3
toimikelpoinen	adjektiivi	3
tosioleva	adjektiivi, substantiivi	3
trustivapaa	adjektiivi	3
tummasilmä	substantiivi, adjektiivi	3
tummasointinen	adjektiivi	3
tunnusmerkillinen	adjektiivi	3
turmelematon	adjektiivi	3
tyhjätaskuinen	adjektiivi	3
täytteellinen	adjektiivi	3
täytäntöönpaneva	adjektiivi	3
ultralyhyt	adjektiivi	3
ultramariininsininen	adjektiivi, substantiivi	3
vaakaraitainen	adjektiivi	3
vahakankainen	adjektiivi	3
vahvaoksainen	adjektiivi	3
vajava	adjektiivi	3
valmistustekninen	adjektiivi	3
varhaiskantainen	adjektiivi	3
vastaavanlaatuinen	adjektiivi	3
vedensininen	adjektiivi	3
vedenvihreä	adjektiivi	3
vekselivetoinen	adjektiivi	3
verkainen	adjektiivi	3
verkkoseinäinen	adjektiivi	3
verkkosiipinen	adjektiivi, substantiivi	3
veronmaksukykyinen	adjektiivi	3
vesitäytteinen	adjektiivi	3
vettäläpäisevä	adjektiivi	3
vihreänsininen	adjektiivi	3
viimejouluinen	adjektiivi	3
vinohampainen	adjektiivi	3
vinoraitainen	adjektiivi	3
virikerikas	adjektiivi	3
vivahteeton	adjektiivi	3
vyötäröpituinen	adjektiivi	3
vyötön	adjektiivi	3
vähäjärkinen	adjektiivi	3
vähäverinen	adjektiivi	3
yksi-ilmeinen	adjektiivi	3
yksihenkinen	adjektiivi	3
yksikyttyräinen	adjektiivi	3
yksityisluonteinen	adjektiivi	3
yleissuomalainen	adjektiivi	3
ylenkatseellinen	adjektiivi	3
yliammuttu	adjektiivi	3
ylöspäinen	adjektiivi	3
zoonoottinen	adjektiivi	3
älyperäinen	adjektiivi	3
ärtsy	adjektiivi	3
ätläkkä	adjektiivi	3
abnormi	adjektiivi	2
aiheenmukainen	adjektiivi	2
ainejakoinen	adjektiivi	2
ajanvietteellinen	adjektiivi	2
ajatuksekas	adjektiivi	2
alaslaskettava	adjektiivi	2
algebrallinen	adjektiivi	2
aliohjautuva	adjektiivi	2
allekkainen	adjektiivi	2
analfabeetti	adjektiivi, substantiivi	2
arkaistinen	adjektiivi	2
armainen	adjektiivi	2
arvostelukyvytön	adjektiivi	2
asiapainotteinen	adjektiivi	2
asteikollinen	adjektiivi	2
attraktiivinen	adjektiivi	2
aurinkokeskinen	adjektiivi	2
avojalkainen	adjektiivi	2
avosuinen	adjektiivi	2
bibliografinen	adjektiivi	2
biosähköinen	adjektiivi	2
defekti	substantiivi, adjektiivi	2
deistinen	adjektiivi	2
destruktiivinen	adjektiivi	2
drastinen	adjektiivi	2
eksoterminen	adjektiivi	2
elementaarinen	adjektiivi	2
epähavainnollinen	adjektiivi	2
erikoislahjakas	adjektiivi	2
eskatologinen	adjektiivi	2
fenomenaalinen	adjektiivi	2
filologinen	adjektiivi	2
formalistinen	adjektiivi	2
frigidi	adjektiivi	2
fysiatrinen	adjektiivi	2
galvaaninen	adjektiivi	2
gaullistinen	adjektiivi	2
gemmologinen	adjektiivi	2
genotoksinen	adjektiivi	2
haapainen	adjektiivi	2
haarakas	adjektiivi, substantiivi	2
haljakka	adjektiivi	2
hammaslaitainen	adjektiivi	2
harjastukkainen	adjektiivi	2
harvasyinen	adjektiivi	2
harvuinen	adjektiivi	2
hedelmöityskykyinen	adjektiivi	2
heikkokasvuinen	adjektiivi	2
heikkovaloinen	adjektiivi	2
heleänkeltainen	adjektiivi	2
helppohintainen	adjektiivi	2
helppotöinen	adjektiivi	2
herkkäilmeinen	adjektiivi	2
herkkäliikkeinen	adjektiivi	2
hermeneuttinen	adjektiivi	2
hidaslukuinen	adjektiivi	2
hidaspuheinen	adjektiivi	2
hienokäytöksinen	adjektiivi	2
hienolaatuinen	adjektiivi	2
hiiskumaton	adjektiivi	2
hirmuhauska	adjektiivi	2
hoksaavainen	adjektiivi	2
hopeahapsinen	adjektiivi	2
horjuvainen	adjektiivi	2
hunajanvaalea	adjektiivi	2
huorahtava	adjektiivi	2
hyödykäs	adjektiivi	2
hälytysvalmis	adjektiivi	2
häälyvä	adjektiivi	2
ilmakuiva	adjektiivi	2
ilmanpitävä	adjektiivi	2
indoiranilainen	adjektiivi	2
induktiivinen	adjektiivi	2
inertti	adjektiivi	2
isokuvioinen	adjektiivi	2
isoruutuinen	adjektiivi	2
itkettynyt	adjektiivi	2
itsejäljentävä	adjektiivi	2
itsesiittoinen	adjektiivi	2
itäroomalainen	adjektiivi, substantiivi	2
jalopiirteinen	adjektiivi	2
jaokkeinen	adjektiivi	2
jumalakeskeinen	adjektiivi	2
juutalaissyntyinen	adjektiivi	2
jykevätekoinen	adjektiivi	2
jyrkkäsävyinen	adjektiivi	2
jyväinen	adjektiivi	2
jälkimarkkinakelpoinen	adjektiivi	2
jämtti	adjektiivi	2
järjestelykykyinen	adjektiivi	2
järvirikas	adjektiivi	2
kahdenarvoinen	adjektiivi	2
kaikensuuruinen	adjektiivi	2
kaikentyyppinen	adjektiivi	2
kaksiarvoinen	adjektiivi	2
kaksiselitteinen	adjektiivi	2
kaksisukupuolinen	adjektiivi	2
kaksitulkintainen	adjektiivi	2
kalpeaihoinen	adjektiivi	2
kannallinen	adjektiivi	2
kapeaharteinen	adjektiivi	2
kapealahkeinen	adjektiivi	2
kapeapohjainen	adjektiivi	2
karjaton	adjektiivi	2
karkeapiirteinen	adjektiivi	2
kartiokas	adjektiivi	2
karvarintainen	adjektiivi	2
kasari	adjektiivi	2
kasviopillinen	adjektiivi	2
katkeranmakuinen	adjektiivi	2
katveinen	adjektiivi	2
kaunisvartaloinen	adjektiivi	2
kehyksetön	adjektiivi	2
kenokaula	substantiivi, adjektiivi	2
kerrallinen	adjektiivi	2
kerrosteinen	adjektiivi	2
kerrotunlainen	adjektiivi	2
keskihakuinen	adjektiivi	2
kevytkulkuinen	adjektiivi	2
kevytliikkeinen	adjektiivi	2
kielihistoriallinen	adjektiivi	2
kieliteknologinen	adjektiivi	2
kieltämätön	adjektiivi	2
kierosilmä	substantiivi, adjektiivi	2
kiertojäykkä	adjektiivi	2
kiihkoisa	adjektiivi	2
kiiltäväkarvainen	adjektiivi	2
kiiltävälehtinen	adjektiivi	2
kiire	adjektiivi	2
kimmoton	adjektiivi	2
kompleksikas	adjektiivi	2
konditionaalinen	adjektiivi	2
konfutselainen	adjektiivi, substantiivi	2
konsumeristinen	adjektiivi	2
koosteinen	adjektiivi	2
korkeakantainen	adjektiivi	2
korvinkuultava	adjektiivi	2
kotitaloudellinen	adjektiivi	2
koukkuinen	adjektiivi	2
koukkuselkäinen	adjektiivi	2
koulunkäynyt	adjektiivi	2
koulupoliittinen	adjektiivi	2
kreatiivinen	adjektiivi	2
kullankiiltävä	adjektiivi	2
kulmittainen	adjektiivi	2
kummankinlainen	adjektiivi	2
kunnallishallinnollinen	adjektiivi	2
kunnoton	adjektiivi	2
kuplainen	adjektiivi	2
kuumankestävä	adjektiivi	2
kyömy	adjektiivi	2
kämmenenlevyinen	adjektiivi	2
käsisäätöinen	adjektiivi	2
kätsy	adjektiivi	2
käyränokkainen	adjektiivi	2
käyrävartinen	adjektiivi	2
kömpelörakenteinen	adjektiivi	2
köyryselkäinen	adjektiivi	2
laajasydäminen	adjektiivi	2
ladylike	adjektiivi	2
lahdentakainen	adjektiivi	2
laidempi	adjektiivi	2
lainalainen	adjektiivi	2
lakkapäinen	adjektiivi	2
lapsipoliittinen	adjektiivi	2
laveasanainen	adjektiivi	2
lemmensairas	adjektiivi	2
lenko	adjektiivi	2
leukava	adjektiivi	2
leveähartiainen	adjektiivi	2
leveäraitainen	adjektiivi	2
leveäteräinen	adjektiivi	2
liereä	adjektiivi	2
liidunvalkea	adjektiivi	2
likaisenharmaa	adjektiivi	2
likilaskuinen	adjektiivi	2
lipeväkielinen	adjektiivi	2
liuhuparta	substantiivi, adjektiivi	2
lohenvärinen	adjektiivi	2
loistokuntoinen	adjektiivi	2
lokainen	adjektiivi	2
lujarakenteinen	adjektiivi	2
luokkajakoinen	adjektiivi	2
luonnonharmaa	adjektiivi	2
luupäinen	adjektiivi	2
länkisäärinen	adjektiivi	2
läpikuultamaton	adjektiivi	2
läpilaho	adjektiivi	2
läppävikainen	adjektiivi	2
löyhäkätinen	adjektiivi	2
löyhärakenteinen	adjektiivi	2
löylyvalmis	adjektiivi	2
maanis-depressiivinen	adjektiivi	2
mahatautinen	adjektiivi	2
makeankipeä	adjektiivi	2
maneerimainen	adjektiivi	2
marksilainen	adjektiivi, substantiivi	2
matala-annoksinen	adjektiivi	2
merikipeä	adjektiivi	2
meriläismallinen	adjektiivi	2
miellyttävä-ääninen	adjektiivi	2
mieskohtainen	adjektiivi	2
minkämerkkinen	adjektiivi	2
moottorivetoinen	adjektiivi	2
muistoisa	adjektiivi	2
muotopuhdas	adjektiivi	2
museologinen	adjektiivi	2
myöntyvä	adjektiivi	2
nailoninen	adjektiivi	2
non-verbaalinen	adjektiivi	2
non-woven	adjektiivi	2
normaaliälyinen	adjektiivi	2
notkoselkäinen	adjektiivi	2
nulikkamainen	adjektiivi	2
nuotillinen	adjektiivi	2
nykerönenäinen	adjektiivi	2
oikeusvoimainen	adjektiivi	2
okainen	adjektiivi	2
oljenkeltainen	adjektiivi	2
onkologinen	adjektiivi	2
oraakkelimainen	adjektiivi	2
pahanpäiväinen	adjektiivi	2
parituhantinen	adjektiivi	2
patavalmis	adjektiivi	2
penkereinen	adjektiivi	2
periaatteeton	adjektiivi	2
periodinen	adjektiivi	2
peristalttinen	adjektiivi	2
pihtihäntäinen	adjektiivi, substantiivi	2
piirustuksellinen	adjektiivi	2
pikkumakea	substantiivi, adjektiivi	2
pilipali	adjektiivi	2
pitkänäköinen	adjektiivi	2
platinanvaalea	adjektiivi	2
platonilainen	adjektiivi	2
pohjepituinen	adjektiivi	2
poikkinainen	adjektiivi	2
polymorfinen	adjektiivi	2
positivistinen	adjektiivi	2
potentti	adjektiivi	2
pottumainen	adjektiivi	2
povekas	adjektiivi	2
praktinen	adjektiivi	2
preussinsininen	adjektiivi	2
proosamuotoinen	adjektiivi	2
psykokineettinen	adjektiivi	2
puhdasmaineinen	adjektiivi	2
puhehäiriöinen	adjektiivi	2
pulloposki	substantiivi, adjektiivi	2
punahelttainen	adjektiivi	2
punaihoinen	adjektiivi	2
punakuorinen	adjektiivi	2
punakuvioinen	adjektiivi	2
punatakki	substantiivi, adjektiivi	2
puolikiiltävä	adjektiivi	2
puoluekantainen	adjektiivi	2
puoluetaktinen	adjektiivi	2
puolukanpunainen	adjektiivi, substantiivi	2
pölkkypäinen	adjektiivi	2
pörrökarvainen	adjektiivi	2
raffinoitunut	adjektiivi	2
rannimmainen	adjektiivi	2
raskasliikkeinen	adjektiivi	2
ravinto-opillinen	adjektiivi	2
remuisa	adjektiivi	2
rintamantakainen	adjektiivi	2
ristikollinen	adjektiivi	2
ristimäinen	adjektiivi	2
rohkeaotteinen	adjektiivi	2
rojalistinen	adjektiivi	2
romaninkielinen	adjektiivi	2
rotevatekoinen	adjektiivi	2
rouvamainen	adjektiivi	2
runsassanainen	adjektiivi	2
runsastuottoinen	adjektiivi	2
ruotsinruotsalainen	adjektiivi, substantiivi	2
rusoposki	substantiivi, adjektiivi	2
ruutikuiva	adjektiivi	2
räkänokkainen	adjektiivi	2
rätväkkä	adjektiivi	2
saapasjalkainen	adjektiivi	2
sahamainen	adjektiivi	2
samamunainen	adjektiivi	2
samanpäiväinen	adjektiivi	2
samettisilmäinen	adjektiivi	2
satalukuinen	adjektiivi	2
saumallinen	adjektiivi	2
seitsenhaarainen	adjektiivi	2
seitsentoistavuotias	adjektiivi	2
seksikielteinen	adjektiivi	2
sekuli	substantiivi, adjektiivi	2
sekundaari	adjektiivi	2
sekundääri	adjektiivi	2
senaikuinen	adjektiivi	2
senluonteinen	adjektiivi	2
sepitteinen	adjektiivi	2
serologinen	adjektiivi	2
siimahäntäinen	adjektiivi	2
sikkura	adjektiivi, substantiivi	2
sileäposkinen	adjektiivi	2
simultaaninen	adjektiivi	2
sinisenkirjava	adjektiivi	2
sisärenkaaton	adjektiivi	2
sivustavedettävä	adjektiivi, substantiivi	2
skottiruudullinen	adjektiivi	2
sokeritautinen	adjektiivi, substantiivi	2
sonorinen	adjektiivi	2
sotilasmallinen	adjektiivi	2
stilistinen	adjektiivi	2
strukturalistinen	adjektiivi	2
suloisa	adjektiivi	2
sulosointuinen	adjektiivi	2
summatiivinen	adjektiivi	2
suojanpuoleinen	adjektiivi	2
suuntavakaa	adjektiivi	2
syherö	substantiivi, adjektiivi	2
synonyyminen	adjektiivi	2
syöpäinen	adjektiivi	2
säihkysäärinen	adjektiivi	2
taideterapeuttinen	adjektiivi	2
takakenoinen	adjektiivi	2
takapyörävetoinen	adjektiivi	2
taktiili	adjektiivi	2
taktiilinen	adjektiivi	2
taloton	adjektiivi	2
tanakkarakenteinen	adjektiivi	2
tanttamainen	adjektiivi	2
tapakristillinen	adjektiivi	2
tasalakinen	adjektiivi	2
tasapaksuinen	adjektiivi	2
tehosteinen	adjektiivi	2
tekosiveä	adjektiivi	2
temporaalinen	adjektiivi	2
tiikkinen	adjektiivi	2
tittelinkipeä	adjektiivi	2
todellisuudentajuinen	adjektiivi	2
tosiolevainen	adjektiivi, substantiivi	2
tsaarillinen	adjektiivi	2
tuberkuloottinen	adjektiivi	2
tuhantinen	adjektiivi	2
tulisilmäinen	adjektiivi	2
tummaverinen	adjektiivi	2
tupsulakkinen	adjektiivi	2
tuuhealatvainen	adjektiivi	2
tuulenpuoleinen	adjektiivi	2
tähtisilmäinen	adjektiivi	2
täpläinen	adjektiivi	2
täysinpalvellut	adjektiivi	2
täysivillainen	adjektiivi	2
täysvahvuinen	adjektiivi	2
töpöhäntäinen	adjektiivi	2
uljasryhtinen	adjektiivi	2
uloslämpiävä	adjektiivi	2
unohtavainen	adjektiivi	2
untuvatäytteinen	adjektiivi	2
urheilumallinen	adjektiivi	2
uskonnollishenkinen	adjektiivi	2
vahvahermoinen	adjektiivi	2
vakavakatseinen	adjektiivi	2
vakiotyyppinen	adjektiivi	2
vakkari	substantiivi, adjektiivi	2
valantehnyt	adjektiivi	2
valkuaisainepitoinen	adjektiivi	2
vanhatyylinen	adjektiivi	2
vankkaoksainen	adjektiivi	2
vapaarytminen	adjektiivi	2
varhaiskristillinen	adjektiivi	2
vedenvärinen	adjektiivi	2
verkkaisa	adjektiivi	2
vesirokkoinen	adjektiivi, substantiivi	2
viirusilmäinen	adjektiivi	2
vilunarka	adjektiivi	2
vimmaisa	adjektiivi	2
vinokulmainen	adjektiivi	2
violetinpunainen	adjektiivi	2
vitaalinen	adjektiivi	2
voimakaspiirteinen	adjektiivi	2
volgalainen	adjektiivi	2
vuoriton	adjektiivi	2
vähänläntä	adjektiivi	2
vähävirikkeinen	adjektiivi	2
väkäleukainen	adjektiivi	2
wahhabilainen	adjektiivi, substantiivi	2
yhdenkertainen	adjektiivi	2
yksivartinen	adjektiivi	2
ylimainostettu	adjektiivi	2
ylitalvinen	adjektiivi	2
äklö	adjektiivi	2
änkkä	adjektiivi	2
öljysorapäällysteinen	adjektiivi	2
šintolainen	adjektiivi, substantiivi	2
aamuntorkku	adjektiivi	1
aamutorkku	adjektiivi	1
adekvaatti	adjektiivi	1
adverbiaalinen	adjektiivi	1
aikapalkkainen	adjektiivi	1
akkutoiminen	adjektiivi	1
alfanumeerinen	adjektiivi	1
alipalkkainen	adjektiivi	1
androloginen	adjektiivi	1
armahainen	adjektiivi	1
arvoväritteinen	adjektiivi	1
astmainen	adjektiivi	1
asuurinsininen	adjektiivi	1
auktoritaarinen	adjektiivi	1
avopäinen	adjektiivi	1
bisarri	adjektiivi	1
botaaninen	adjektiivi	1
brežneviläinen	adjektiivi	1
deminutiivinen	adjektiivi	1
dermatologinen	adjektiivi	1
diakroninen	adjektiivi	1
diminutiivinen	adjektiivi	1
diploidi	adjektiivi	1
edelliskertainen	adjektiivi	1
edelliskesäinen	adjektiivi	1
edelläkäypä	adjektiivi	1
eideettinen	adjektiivi	1
eilisaamuinen	adjektiivi	1
eilispäiväinen	adjektiivi	1
ekonometrinen	adjektiivi	1
ekshibitionistinen	adjektiivi	1
eksogeeninen	adjektiivi	1
ekvivalenttinen	adjektiivi	1
epäajanmukainen	adjektiivi	1
epäjalo	adjektiivi	1
epäkeskinen	adjektiivi	1
epälojaalinen	adjektiivi	1
epäparinen	adjektiivi	1
epäsointuinen	adjektiivi	1
etelämainen	adjektiivi	1
etiologinen	adjektiivi	1
eufemistinen	adjektiivi	1
fataalinen	adjektiivi	1
fenologinen	adjektiivi	1
fertiili	adjektiivi	1
filateelinen	adjektiivi	1
foniatrinen	adjektiivi	1
geomorfologinen	adjektiivi	1
geosentrinen	adjektiivi	1
glasiaalinen	adjektiivi	1
gnostilainen	adjektiivi, substantiivi	1
grafiitinharmaa	adjektiivi	1
hallankestävä	adjektiivi	1
halpis	adjektiivi, substantiivi	1
haploidi	adjektiivi	1
harmaasilmäinen	adjektiivi	1
harrashenkinen	adjektiivi	1
harteva	adjektiivi	1
heikkoluonteinen	adjektiivi	1
heleäihoinen	adjektiivi	1
heleänvärinen	adjektiivi	1
heppoisa	adjektiivi	1
herkkäkuuloinen	adjektiivi	1
hermotautinen	adjektiivi	1
herrnhutilainen	adjektiivi, substantiivi	1
hevosnaamainen	adjektiivi	1
hidaskäyntinen	adjektiivi	1
hiivatinmoinen	adjektiivi	1
hilseinen	adjektiivi	1
himmeäpintainen	adjektiivi	1
hirmusuuri	adjektiivi	1
hirmuvaltainen	adjektiivi	1
hiuksianostattava	adjektiivi	1
hoikkavartinen	adjektiivi	1
holvikaarinen	adjektiivi	1
holvikattoinen	adjektiivi	1
honkainen	adjektiivi	1
hopeapitoinen	adjektiivi	1
huono-oppinen	adjektiivi	1
hypomaaninen	adjektiivi	1
hyvänahkainen	adjektiivi	1
hyväoppinen	adjektiivi	1
hyvätuoksuinen	adjektiivi	1
hyötyisä	adjektiivi	1
häälyväinen	adjektiivi	1
hötö	substantiivi, adjektiivi	1
höyhentäytteinen	adjektiivi	1
höytyinen	adjektiivi	1
iberoamerikkalainen	substantiivi, adjektiivi	1
idiomaattinen	adjektiivi	1
ihmisenmuotoinen	adjektiivi	1
illantorkku	adjektiivi	1
iltatorkku	adjektiivi	1
indefiniittinen	adjektiivi	1
individuaalinen	adjektiivi	1
industrialistinen	adjektiivi	1
intransitiivinen	adjektiivi	1
itseneuvova	adjektiivi	1
itseruskettava	adjektiivi	1
itsesäätöinen	adjektiivi	1
itäkaakkoinen	adjektiivi	1
jaloluontoinen	adjektiivi	1
jalorotuinen	adjektiivi	1
jokapuolinen	adjektiivi	1
jumalaapelkäävä	adjektiivi	1
jyrkkänousuinen	adjektiivi	1
jäännöksetön	adjektiivi	1
jäätikköinen	adjektiivi	1
kaakelipäällysteinen	adjektiivi	1
kaarevateräinen	adjektiivi	1
kaarteinen	adjektiivi	1
kahdenlaatuinen	adjektiivi	1
kaksilapainen	adjektiivi	1
kaksilevyinen	adjektiivi	1
kaksisirkkainen	adjektiivi, substantiivi	1
kaksitehoinen	adjektiivi	1
kaksiviivainen	adjektiivi	1
kaksivuoroinen	adjektiivi	1
kaksoiskupera	adjektiivi	1
kalansilmäinen	adjektiivi	1
kallistuvakorinen	adjektiivi	1
kalvinistinen	adjektiivi	1
kangaskantinen	adjektiivi	1
kankealiikkeinen	adjektiivi	1
kansakunnallinen	adjektiivi	1
kapeikkoinen	adjektiivi	1
karakteristinen	adjektiivi	1
karkeakiteinen	adjektiivi	1
karkeakäytöksinen	adjektiivi	1
karolinginen	adjektiivi	1
karpalonpunainen	adjektiivi	1
kartografinen	adjektiivi	1
karvanaamainen	adjektiivi	1
kasuaali	adjektiivi	1
katuviisas	adjektiivi	1
kaukosäätöinen	adjektiivi	1
kaukotaitteinen	adjektiivi	1
kaunisvärinen	adjektiivi	1
kauppaoikeudellinen	adjektiivi	1
keinoalkuinen	adjektiivi	1
kellahtava	adjektiivi	1
kellanpunainen	adjektiivi	1
kellonmuotoinen	adjektiivi	1
keltahampainen	adjektiivi	1
keltaihoinen	adjektiivi	1
kenotsooinen	adjektiivi	1
kermankeltainen	adjektiivi	1
kesäasuttava	adjektiivi	1
kesävihanta	adjektiivi	1
keulimmainen	adjektiivi	1
kevyttekoinen	adjektiivi	1
kiekurainen	adjektiivi	1
kielimäinen	adjektiivi	1
kiihkeämielinen	adjektiivi	1
kiihkopäinen	adjektiivi	1
kiinnityskelpoinen	adjektiivi	1
killisilmä	substantiivi, adjektiivi	1
kimalteinen	adjektiivi	1
kippuranenä	substantiivi, adjektiivi	1
kireäpipoinen	adjektiivi	1
kirjallisuustieteellinen	adjektiivi	1
kirjavakuvioinen	adjektiivi	1
kirjeellinen	adjektiivi	1
kirkasvaloinen	adjektiivi	1
kivennäispitoinen	adjektiivi	1
kiverä	adjektiivi	1
kolminainen	adjektiivi	1
kolmiviivainen	adjektiivi	1
kolmivuoroinen	adjektiivi	1
kompensatorinen	adjektiivi	1
komplementaarinen	adjektiivi	1
konvergentti	adjektiivi	1
kookaskasvuinen	adjektiivi	1
koossapysyvä	adjektiivi	1
korallinen	adjektiivi	1
korpinmusta	adjektiivi	1
koukkuselkä	substantiivi, adjektiivi	1
kouristusmainen	adjektiivi	1
kovuinen	adjektiivi	1
košer	adjektiivi	1
kristillissiveellinen	adjektiivi	1
krokotiilinnahkainen	adjektiivi	1
kuihtumaton	adjektiivi	1
kuivakiskoinen	adjektiivi	1
kulttuuriystävällinen	adjektiivi	1
kuohupää	substantiivi, adjektiivi	1
kuolioinen	adjektiivi	1
kuolleeton	adjektiivi	1
kuormitteinen	adjektiivi	1
kuppatautinen	adjektiivi, substantiivi	1
kurillinen	adjektiivi	1
kurttunaama	substantiivi, adjektiivi	1
kuurilainen	adjektiivi, substantiivi	1
kuusikuinen	adjektiivi	1
kuusitahoinen	adjektiivi	1
kvartsipitoinen	adjektiivi	1
kylmänkankea	adjektiivi	1
kylmävetinen	adjektiivi	1
kymmenjalkainen	adjektiivi, substantiivi	1
kyrmyniskainen	adjektiivi	1
kyssäselkä	substantiivi, adjektiivi	1
kyömynenäinen	adjektiivi	1
kämänen	adjektiivi	1
kärkeväkielinen	adjektiivi	1
kärkeväsanainen	adjektiivi	1
kärtyinen	adjektiivi	1
käsiteollinen	adjektiivi	1
käsnäjalkainen	adjektiivi, substantiivi	1
kölillinen	adjektiivi	1
kömpelökätinen	adjektiivi	1
kömpelöliikkeinen	adjektiivi	1
köyryniskainen	adjektiivi	1
laikkuinen	adjektiivi	1
lainomainen	adjektiivi	1
lamalainen	adjektiivi, substantiivi	1
lankasuora	adjektiivi	1
lantiopituinen	adjektiivi	1
lasikuitumuovinen	adjektiivi	1
latinainen	adjektiivi	1
lattajalkainen	adjektiivi	1
latuska	adjektiivi	1
latuskainen	adjektiivi	1
laumahenkinen	adjektiivi	1
lauseopillinen	adjektiivi	1
laventelinsininen	adjektiivi	1
leksikaalinen	adjektiivi	1
leppäinen	adjektiivi	1
lesbolainen	adjektiivi	1
letaali	adjektiivi	1
liejupohjainen	adjektiivi	1
lihakas	adjektiivi	1
liidunvalkoinen	adjektiivi	1
liikanainen	adjektiivi	1
liikkumiskyvytön	adjektiivi	1
liinakko	adjektiivi, substantiivi	1
lipilaari	substantiivi, adjektiivi	1
litografinen	adjektiivi	1
loivakaarteinen	adjektiivi	1
lokaalinen	adjektiivi	1
loppusoinnuton	adjektiivi	1
luokkasidonnainen	adjektiivi	1
luonnonsilkkinen	adjektiivi	1
luumunvärinen	adjektiivi	1
läiskikäs	adjektiivi	1
länsimurteinen	adjektiivi	1
lättäjalkainen	adjektiivi	1
maatiaisrotuinen	adjektiivi	1
madonsyömä	adjektiivi	1
magmaattinen	adjektiivi	1
mahdikas	adjektiivi	1
mainehikas	adjektiivi	1
mainonnallinen	adjektiivi	1
malaijilainen	adjektiivi	1
mallisuojattu	adjektiivi	1
mamero	adjektiivi, substantiivi	1
manifestinen	adjektiivi	1
matalajännitteinen	adjektiivi	1
matalaviritteinen	adjektiivi	1
mefistomainen	adjektiivi	1
mendelistinen	adjektiivi	1
merioikeudellinen	adjektiivi	1
merisotilaallinen	adjektiivi	1
merkantilistinen	adjektiivi	1
mesoamerikkalainen	adjektiivi	1
metallimainen	adjektiivi	1
metallinhohteinen	adjektiivi	1
metallinkova	adjektiivi	1
metallipäällysteinen	adjektiivi	1
metinen	adjektiivi	1
miellyttäväkäytöksinen	adjektiivi	1
mikronkestävä	adjektiivi	1
mikrotekninen	adjektiivi	1
militäärinen	adjektiivi	1
minipituinen	adjektiivi	1
minkinlainen	adjektiivi	1
minkäänarvoinen	adjektiivi	1
mitokondriaalinen	adjektiivi	1
mokkainen	adjektiivi	1
monenkielinen	adjektiivi	1
monetaarinen	adjektiivi	1
mongolidinen	adjektiivi	1
monikansainen	adjektiivi	1
monikkomuotoinen	adjektiivi	1
monikymmenlukuinen	adjektiivi	1
monimiehinen	adjektiivi	1
monisatainen	adjektiivi	1
muinaisaikainen	adjektiivi	1
muinaistieteellinen	adjektiivi	1
muruinen	adjektiivi	1
muutamasivuinen	adjektiivi	1
mykerökukkainen	adjektiivi, substantiivi	1
myötäpäiväinen	adjektiivi	1
märkäluja	adjektiivi	1
määräkokoinen	adjektiivi	1
nahkapäällysteinen	adjektiivi	1
naurusuinen	adjektiivi	1
neliniitinen	adjektiivi	1
nelitoistavuotias	adjektiivi	1
neliviivainen	adjektiivi	1
norsunluunvalkoinen	adjektiivi	1
notkealiikkeinen	adjektiivi	1
nousukasmainen	adjektiivi	1
nuoruusaikainen	adjektiivi	1
nuppipäinen	adjektiivi	1
nurinpäinen	adjektiivi	1
nurjaton	adjektiivi	1
nurkkapatrioottinen	adjektiivi	1
nykäyksittäinen	adjektiivi	1
nystyräinen	adjektiivi	1
nysverö	adjektiivi, substantiivi	1
nöyhtäinen	adjektiivi	1
obeesi	adjektiivi	1
odontologinen	adjektiivi	1
olkaimellinen	adjektiivi	1
olympolainen	adjektiivi	1
omantunnonarka	adjektiivi	1
omapohjainen	adjektiivi	1
omenanvihreä	adjektiivi	1
omenatyyppinen	adjektiivi	1
onteloinen	adjektiivi	1
opaakki	adjektiivi	1
opetusopillinen	adjektiivi	1
oppitekoinen	adjektiivi	1
orkestraalinen	adjektiivi	1
ornamentaalinen	adjektiivi	1
paavinuskoinen	adjektiivi, substantiivi	1
pahakaikuinen	adjektiivi	1
pahantapainen	adjektiivi	1
painamaton	adjektiivi	1
painokuntoinen	adjektiivi	1
painovalmis	adjektiivi	1
pakinatyylinen	adjektiivi	1
pakonalainen	adjektiivi	1
palavahenkinen	adjektiivi	1
paleotsooinen	adjektiivi	1
panarabialainen	adjektiivi	1
paradoksinen	adjektiivi	1
paremmanpuoleinen	adjektiivi	1
parisatavuotinen	adjektiivi	1
parlamentaristinen	adjektiivi	1
pattijalka	adjektiivi, substantiivi	1
pattipolvi	adjektiivi, substantiivi	1
peevelinmoinen	adjektiivi	1
pehmeäliikkeinen	adjektiivi	1
pehmeäsävyinen	adjektiivi	1
pejoratiivinen	adjektiivi	1
pellavatukkainen	adjektiivi	1
perhananmoinen	adjektiivi	1
perinataalinen	adjektiivi	1
permikautinen	adjektiivi	1
peräpainoinen	adjektiivi	1
pihtikinttu	substantiivi, adjektiivi	1
pikisilmä	substantiivi, adjektiivi	1
pillikinttu	substantiivi, adjektiivi	1
pisamakasvoinen	adjektiivi	1
pitaalinen	adjektiivi	1
poikkitelainen	adjektiivi	1
poljennollinen	adjektiivi	1
porfyyrinen	adjektiivi	1
porkkananpunainen	adjektiivi	1
porolappalainen	adjektiivi, substantiivi	1
prekaari	substantiivi, adjektiivi	1
prenataalinen	adjektiivi	1
profylaktinen	adjektiivi	1
psykogeeninen	adjektiivi	1
puhdastyylinen	adjektiivi	1
puhtaanvalkea	adjektiivi	1
pulipää	substantiivi, adjektiivi	1
pulleamahainen	adjektiivi	1
punakkakasvoinen	adjektiivi	1
punaleimainen	adjektiivi	1
punavaloinen	adjektiivi	1
puntamääräinen	adjektiivi	1
puolisuppea	adjektiivi	1
puolivuorokautinen	adjektiivi	1
puolustustahtoinen	adjektiivi	1
pyhäiltainen	adjektiivi	1
pyhäinen	adjektiivi	1
pykälikäs	adjektiivi	1
pyrstökäs	adjektiivi	1
pystynenäinen	adjektiivi	1
pyökkinen	adjektiivi	1
pyöreänaamainen	adjektiivi	1
pyörökaarinen	adjektiivi	1
päänpuoleinen	adjektiivi	1
päätteellinen	adjektiivi	1
päätäpahkainen	adjektiivi	1
raakasilkkinen	adjektiivi	1
rabulistinen	adjektiivi	1
radiaalinen	adjektiivi	1
rakoinen	adjektiivi	1
redundantti	adjektiivi	1
reformatorinen	adjektiivi	1
relativistinen	adjektiivi	1
rentovartinen	adjektiivi	1
resitatiivinen	adjektiivi	1
rigoristinen	adjektiivi	1
riippurintainen	adjektiivi	1
riisitautinen	adjektiivi	1
riitteinen	adjektiivi	1
rimppakinttuinen	adjektiivi	1
ripakinttu	substantiivi, adjektiivi	1
rokkoinen	adjektiivi	1
ruiskukansininen	adjektiivi	1
runoton	adjektiivi	1
runsaskoristeinen	adjektiivi	1
runsassisältöinen	adjektiivi	1
runsastöinen	adjektiivi	1
ruokoinen	adjektiivi	1
ruotsinmaalainen	adjektiivi, substantiivi	1
ruusunhohteinen	adjektiivi	1
ruuvikiinnitteinen	adjektiivi	1
ryhmittäinen	adjektiivi	1
räikeä-ääninen	adjektiivi	1
römeä-ääninen	adjektiivi	1
saamarinmoinen	adjektiivi	1
saaririkas	adjektiivi	1
sadunhohteinen	adjektiivi	1
sahapintainen	adjektiivi	1
saippuapohjainen	adjektiivi	1
sakarainen	adjektiivi	1
samakantainen	adjektiivi	1
samanmerkityksinen	adjektiivi	1
sardoninen	adjektiivi	1
sarkainen	adjektiivi*	1
sarvisankainen	adjektiivi	1
satapiikkinen	adjektiivi, substantiivi	1
savenharmaa	adjektiivi	1
savunharmaa	adjektiivi	1
seitsenkymmenvuotias	adjektiivi	1
selkäjänteinen	adjektiivi, substantiivi	1
selkävikainen	adjektiivi, substantiivi	1
seläntakainen	adjektiivi	1
semioottinen	adjektiivi	1
senpäiväinen	adjektiivi	1
sensaationnälkäinen	adjektiivi	1
seuraavansisältöinen	adjektiivi	1
siemenlevintäinen	adjektiivi	1
sijaton	adjektiivi	1
sikahalpa	adjektiivi	1
sikiökautinen	adjektiivi	1
silmävarainen	adjektiivi	1
simpsakka	adjektiivi	1
sinipilkkuinen	adjektiivi	1
sinipunerva	adjektiivi	1
siromuotoinen	adjektiivi	1
siropiirteinen	adjektiivi	1
sitkeäkuorinen	adjektiivi	1
sivuittainen	adjektiivi	1
skolastinen	adjektiivi	1
skottiruutuinen	adjektiivi	1
sointinen	adjektiivi	1
solaarinen	adjektiivi	1
solakkarakenteinen	adjektiivi	1
spesiaalinen	adjektiivi	1
spirituelli	adjektiivi	1
sporttimallinen	adjektiivi	1
suisidaalinen	adjektiivi	1
sujakka	adjektiivi	1
summaton	adjektiivi	1
suorahampainen	adjektiivi	1
suorasäärinen	adjektiivi	1
superlatiivinen	adjektiivi	1
supersooninen	adjektiivi	1
supportiivinen	adjektiivi	1
supranormaali	adjektiivi	1
surunvoittoinen	adjektiivi	1
suurimerkityksinen	adjektiivi	1
suuriruokainen	adjektiivi	1
suuriruutuinen	adjektiivi	1
suurisanainen	adjektiivi	1
sydäntautinen	adjektiivi, substantiivi	1
syllogistinen	adjektiivi	1
synkroninen	adjektiivi	1
sytotoksinen	adjektiivi	1
syyhyinen	adjektiivi	1
sähködynaaminen	adjektiivi	1
säkkimäinen	adjektiivi	1
säteilyvaarallinen	adjektiivi	1
sääliväinen	adjektiivi	1
taimmainen	adjektiivi	1
taitteinen	adjektiivi	1
takallinen	adjektiivi, substantiivi	1
takapuolinen	adjektiivi	1
talvellinen	adjektiivi	1
tanakkatekoinen	adjektiivi	1
tanakkavartinen	adjektiivi	1
tapaukseton	adjektiivi	1
tarkkakäyntinen	adjektiivi	1
tarkkamuistinen	adjektiivi	1
tasaparinen	adjektiivi	1
tasasoukka	adjektiivi	1
tataarilainen	adjektiivi	1
taudinkestävä	adjektiivi	1
teknokemiallinen	adjektiivi	1
tekohurskas	adjektiivi	1
teletekninen	adjektiivi	1
termodynaaminen	adjektiivi	1
teräksenkova	adjektiivi	1
teräksenkylmä	adjektiivi	1
teräksensininen	adjektiivi	1
terävä-ääninen	adjektiivi	1
teräväharjainen	adjektiivi	1
terävämuistinen	adjektiivi	1
terävänenäinen	adjektiivi	1
teräväpiikkinen	adjektiivi	1
teräväsilmäinen	adjektiivi	1
tienpuoleinen	adjektiivi	1
tietorikas	adjektiivi	1
tietoteoreettinen	adjektiivi	1
tihrusilmä	substantiivi, adjektiivi	1
tiiviskantinen	adjektiivi	1
tiiviskorkkinen	adjektiivi	1
tilapäisluontoinen	adjektiivi	1
tiukkakatseinen	adjektiivi	1
toisentapainen	adjektiivi	1
totemistinen	adjektiivi	1
tumallinen	adjektiivi	1
tummatukka	substantiivi, adjektiivi	1
tuonlaatuinen	adjektiivi	1
tuotantokykyinen	adjektiivi	1
tuuhealatvuksinen	adjektiivi	1
tuuhealehtinen	adjektiivi	1
tylppäkulmainen	adjektiivi	1
typologinen	adjektiivi	1
tyrskyinen	adjektiivi	1
tyttöpuolinen	adjektiivi	1
työhygieeninen	adjektiivi	1
tähysteinen	adjektiivi	1
tällöinen	adjektiivi	1
täysivoimainen	adjektiivi	1
täyskanttinen	adjektiivi	1
täysvillainen	adjektiivi	1
uhmamielinen	adjektiivi	1
umpiperäinen	adjektiivi	1
umpisokea	adjektiivi	1
usalainen	adjektiivi	1
uskonkiihkoinen	adjektiivi	1
uskonnollisaiheinen	adjektiivi	1
uudistumaton	adjektiivi	1
uunilämmitteinen	adjektiivi	1
uushopeinen	adjektiivi	1
vaikeamaastoinen	adjektiivi	1
vajaalaatuinen	adjektiivi	1
vakioinen	adjektiivi	1
vakiokokoinen	adjektiivi	1
vakiomittainen	adjektiivi	1
vakiosuuruinen	adjektiivi	1
valallinen	adjektiivi	1
valkohehkuinen	adjektiivi	1
valtamerentakainen	adjektiivi	1
varjoainetehosteinen	adjektiivi	1
vartalonmukainen	adjektiivi	1
vasikkamainen	adjektiivi	1
vasta-aiheinen	adjektiivi	1
vastuksellinen	adjektiivi	1
vastustushaluinen	adjektiivi	1
veneerinen	adjektiivi	1
verekäs	adjektiivi	1
veronmaksukyvytön	adjektiivi	1
vierasrotuinen	adjektiivi, substantiivi	1
viinanhöyryinen	adjektiivi	1
viirullinen	adjektiivi	1
viisijakoinen	adjektiivi	1
violetinsininen	adjektiivi	1
virallisluonteinen	adjektiivi	1
virtaisa	adjektiivi	1
virulentti	adjektiivi	1
visakoivuinen	adjektiivi	1
voitonjanoinen	adjektiivi	1
vuodenajoittainen	adjektiivi	1
vyöhykkeinen	adjektiivi	1
vyöllinen	adjektiivi, substantiivi	1
vähäenergiainen	adjektiivi	1
vähäuskoinen	adjektiivi	1
väistövelvollinen	adjektiivi	1
väläyksellinen	adjektiivi	1
värekarvallinen	adjektiivi	1
värivammainen	substantiivi, adjektiivi	1
väriäpäästävä	adjektiivi	1
vääräsääri	substantiivi, adjektiivi	1
vääräsäärinen	adjektiivi	1
ydinmagneettinen	adjektiivi	1
yhdeksänkymmenvuotinen	adjektiivi	1
yhdenikäinen	adjektiivi	1
yhdenlaatuinen	adjektiivi	1
yhteisvaikutteinen	adjektiivi	1
yksikkömuotoinen	adjektiivi	1
yksikotinen	adjektiivi	1
yksineuvoinen	adjektiivi	1
yksivakainen	adjektiivi	1
yleisliittolainen	adjektiivi	1
ylevähenkinen	adjektiivi	1
ylevämielinen	adjektiivi	1
ylevätyylinen	adjektiivi	1
ylimyksellinen	adjektiivi	1
yliohjautuva	adjektiivi	1
ylväsryhtinen	adjektiivi	1
ylösotettu	adjektiivi	1
ympäristöhygieeninen	adjektiivi	1
yöpukuinen	adjektiivi	1
äänitaajuinen	adjektiivi	1
ääreinen	adjektiivi	1
öklö	adjektiivi	1
