Hakusana	Sanaluokat	count
ja	konjunktio, adverbi	8009977
myös	adverbi	1536554
mukaan	adverbi, postpositio	1324374
jo	adverbi	713006
nyt	adverbi	671489
kuin	konjunktio, adverbi	633764
jälkeen	postpositio, adverbi	525867
niin	adverbi	522466
vielä	adverbi	513691
kanssa	postpositio, adverbi	490825
vain	adverbi	410405
kuitenkin	adverbi	406968
paljon	adverbi	370407
yli	postpositio, prepositio, adverbi	366151
sitten	adverbi	351385
hyvin	adverbi	311390
ennen	adverbi, prepositio, postpositio	308374
esimerkiksi	adverbi	303074
lisäksi	postpositio, adverbi	297716
vaikka	konjunktio, adverbi	288350
puoli	substantiivi, adverbi, postpositio	252177
miten	adverbi	243048
koska	konjunktio, adverbi	237870
enemmän	adverbi	233054
aina	adverbi, substantiivi	218429
sillä	konjunktio, adverbi	213450
vastaan	adverbi, postpositio	208116
eri	adjektiivi, adverbi	205131
jopa	adverbi	189952
lähes	adverbi	186447
mukana	adverbi, postpositio	181813
vaan	konjunktio, adverbi	171436
aiemmin	adverbi	166016
kyllä	adverbi	165315
enää	adverbi	162259
tänään	adverbi	155991
näin	adverbi	153386
edelleen	adverbi	153239
lisää	adverbi	150044
vähän	adverbi	147536
ihan	adverbi	145314
juuri	adverbi	140054
ilman	prepositio, adverbi	138027
kuten	adverbi, konjunktio	136037
ainakin	adverbi	131676
silloin	adverbi	127706
taas	adverbi	125433
yhä	adverbi	124667
siellä	adverbi	121116
pois	adverbi	120309
kuitenkaan	adverbi	118726
asti	adverbi	117772
alle	postpositio, prepositio, adverbi	116728
vasta	adverbi	116490
välillä	postpositio, adverbi	114770
todella	adverbi	114189
usein	adverbi	110166
joten	adverbi	108621
kiinni	adverbi	107589
kuinka	adverbi	106015
ehkä	adverbi	99489
heti	adverbi	97758
aika	adverbi	97718
yhteensä	adverbi	96271
erityisesti	adverbi	93106
jälleen	adverbi	90502
erittäin	adverbi*	90278
liian	adverbi	89660
täällä	adverbi	88540
hieman	adverbi	85928
yhdessä	adverbi	85668
nopeasti	adverbi	85564
edessä	postpositio, adverbi	85415
myöhemmin	adverbi	84773
lähellä	prepositio, postpositio, adverbi	83219
aivan	adverbi	81114
siis	adverbi	80897
saakka	adverbi	80618
eniten	adverbi	80421
läpi	adverbi, postpositio, prepositio, substantiivi	80245
täysin	adverbi	79419
miksi	adverbi	78657
pitkään	adverbi	78255
samalla	adverbi	77040
silti	adverbi	74698
takaisin	adverbi	73667
edes	adverbi	73424
lopulta	adverbi	72982
varmasti	adverbi	70458
ulos	adverbi	69826
jolloin	adverbi	69587
kohti	adverbi, postpositio, prepositio	68441
koskaan	adverbi	66983
yleensä	adverbi	66784
myötä	adverbi, postpositio	66113
etenkin	adverbi	65164
tosi	adjektiivi, adverbi, substantiivi	65038
alla	postpositio, adverbi	64508
verran	postpositio, adverbi	64240
siksi	adverbi	62082
vähemmän	adverbi	61837
yhtä	adverbi	60989
takana	postpositio, adverbi	59046
paremmin	adverbi	58714
pian	adverbi	58163
suoraan	adverbi	56409
toistaiseksi	adverbi	56015
selvästi	adverbi	54656
eteenpäin	adverbi	54020
ensin	adverbi	54010
sisään	postpositio, adverbi	53999
kesken	adverbi, postpositio, prepositio	53260
ohi	adverbi, postpositio, prepositio	51999
kaikkiaan	adverbi	51918
kokonaan	adverbi	51258
muuten	adverbi	50587
joskus	adverbi	50564
päälle	postpositio, adverbi	49853
todennäköisesti	adverbi	49370
oikein	adverbi	49002
sisällä	adverbi, postpositio	48774
sinne	adverbi	47822
toisaalta	adverbi	47582
uudelleen	adverbi	47183
ympäri	postpositio, prepositio, adverbi	46514
kovin	adverbi	46414
esiin	adverbi	44643
päällä	postpositio, adverbi	43923
sivu	substantiivi, postpositio, prepositio, adverbi	43000
kotona	adverbi	42720
varsinkin	adverbi	42646
nykyään	adverbi	42637
välttämättä	adverbi	42580
auki	adverbi	41836
tuolloin	adverbi	41601
parhaillaan	adverbi	41408
lento	substantiivi*, adverbi	40728
eilen	adverbi	40482
keskellä	adverbi, postpositio	40293
tietysti	adverbi	40286
toki	adverbi	40026
helposti	adverbi	38475
aikaisemmin	adverbi	37267
sieltä	adverbi	37107
yksin	adverbi	36015
vuosittain	adverbi	35905
muualla	adverbi	35819
runsaasti	adverbi	35502
eteen	postpositio, adverbi	35358
tarjolla	adverbi	35267
varsin	adverbi	34801
varmaan	adverbi	34623
tahansa	adverbi	34478
pelkästään	adverbi	34087
liikaa	adverbi	34082
läheltä	prepositio, postpositio, adverbi	32916
peräti	adverbi	32676
täältä	adverbi	32502
mahdollisesti	adverbi	32301
huomattavasti	adverbi	32254
lähinnä	prepositio, postpositio, adverbi	31962
ainoastaan	adverbi	31944
tosin	adverbi	31528
melko	adverbi, adjektiivi	31498
joko	adverbi, konjunktio	30836
yhtään	adverbi	30328
esille	adverbi	29965
päin	adverbi, prepositio	28655
yhteen	adverbi	28371
paitsi	prepositio, postpositio, adverbi	28353
huolissaan	adverbi	28107
keskimäärin	adverbi	27993
aluksi	adverbi	26948
tänne	adverbi	26876
viimeksi	adverbi	26682
jatkuvasti	adverbi	26626
vahvasti	adverbi	26377
tarpeeksi	adverbi	26351
kauan	adverbi	25972
kai	adverbi	25913
siten	adverbi	25897
normaalisti	adverbi	25839
melkein	adverbi	25774
nykyisin	adverbi	25479
esillä	adverbi	25399
täynnä	adverbi	25268
merkittävästi	adverbi	24881
mukaisesti	adverbi	23823
milloin	adverbi	23779
taakse	postpositio, adverbi	23433
liki	adverbi, prepositio, postpositio	23239
oikeasti	adverbi	23066
tietenkin	adverbi	23034
pitkin	postpositio, prepositio, adverbi	22754
huomenna	adverbi	22344
ympärillä	postpositio, adverbi	22325
etukäteen	adverbi	22218
onneksi	adverbi	22176
nimenomaan	adverbi	22096
lain	adverbi	22027
vakavasti	adverbi	22017
liikkeelle	adverbi	21926
takaa	postpositio, adverbi	21832
ilmi	adverbi, adjektiivi	21712
riittävästi	adverbi	21534
vieressä	postpositio, adverbi	21508
toisin	adverbi	21492
päivittäin	adverbi	21381
tuskin	adverbi	20895
paikoin	adverbi	20883
vähintään	adverbi	20811
osittain	adverbi	20641
samoin	adverbi	20584
toivottavasti	adverbi	20221
in	adverbi	20160
oikeastaan	adverbi	20080
noin	adverbi	19409
yllä	postpositio, adverbi	19344
irti	adverbi	19180
tarkemmin	adverbi	19112
enempi	adjektiivi, adverbi	19075
perin	adverbi*, adjektiivi	18948
edellä	adverbi, postpositio, prepositio	18906
alas	adverbi	18781
ilmeisesti	adverbi	18768
pitkälle	adverbi	18694
alta	postpositio, prepositio, adverbi	18473
jäljellä	adverbi	18148
viimeistään	adverbi	18049
entisestään	adverbi	18037
voimakkaasti	adverbi	18029
uudestaan	adverbi	17970
perässä	adverbi, postpositio	17939
kaikkein	adverbi	17925
totta	adverbi	17063
parhaiten	adverbi	16867
vihdoin	adverbi	16727
kunnolla	adverbi	16415
lähelle	prepositio, postpositio, adverbi	16321
välittömästi	adverbi	16180
selkeästi	adverbi	16150
kahdesti	adverbi	15995
tarkasti	adverbi	15872
huonosti	adverbi	15730
parhaimmillaan	adverbi	15730
lailla	adverbi	15578
tällöin	adverbi	15381
harvoin	adverbi	15307
kohden	postpositio, adverbi	15288
ulkona	adverbi	15129
väärin	adverbi	14983
välissä	postpositio, adverbi	14637
ollenkaan	adverbi	14609
pahasti	adverbi	14390
kaukana	adverbi	14197
tarkkaan	adverbi	13993
pikku	adjektiivi, adverbi	13938
enintään	adverbi	13597
myöhään	adverbi	13577
edestä	adverbi, postpositio	13509
yleisesti	adverbi	13423
ehdottomasti	adverbi	13387
kovasti	adverbi	13362
poikki	adverbi, postpositio, prepositio	13349
ylös	adverbi	13286
jonne	adverbi, substantiivi	13278
perään	adverbi, postpositio	13264
väliin	adverbi, postpositio	13095
ympärille	postpositio, adverbi	12900
nimittäin	adverbi	12840
keskenään	adverbi	12836
erikseen	adverbi	12827
muualle	adverbi	12784
poissa	adverbi	12695
pitkälti	adverbi	12688
ennallaan	adverbi	12475
varhain	adverbi	12455
ikinä	adverbi	12390
jotenkin	adverbi	12252
entä	adverbi	12175
mielellään	adverbi	12104
rajusti	adverbi	12055
perinteisesti	adverbi	12000
valitettavasti	adverbi	11978
hiukan	adverbi	11976
kunnon	adverbi	11845
aktiivisesti	adverbi	11788
välille	postpositio, adverbi	11708
peräkkäin	adverbi	11655
pahimmillaan	adverbi	11633
sittemmin	adverbi	11502
ikään	adverbi	11280
muualta	adverbi	11268
kotoisin	adverbi	11210
laajasti	adverbi	11162
lopuksi	adverbi	11051
meneillään	adverbi	11031
reilusti	adverbi	11025
monesti	adverbi	10922
kenties	adverbi	10672
sivussa	postpositio, adverbi	10481
vasten	postpositio, prepositio, adverbi	10294
useimmiten	adverbi	10171
avoinna	adverbi	10118
säännöllisesti	adverbi	9951
virallisesti	adverbi	9950
taloudellisesti	adverbi	9947
myöten	postpositio, adverbi	9939
mieluummin	adverbi	9923
anteeksi	adverbi	9897
itsestään	adverbi	9880
minne	adverbi	9858
ylipäätään	adverbi	9605
luonnollisesti	adverbi	9483
kohta	adverbi	9478
sisälle	adverbi, postpositio	9385
paljo	adjektiivi, adverbi, substantiivi	9367
kaikkialla	adverbi	9313
yhtäkkiä	adverbi	9284
hiljattain	adverbi	9278
tiettävästi	adverbi	9252
tiukasti	adverbi	9201
keskelle	adverbi, postpositio	9091
ensisijaisesti	adverbi	8957
ajoissa	adverbi	8855
päinvastoin	adverbi	8799
tavallaan	adverbi	8726
hitaasti	adverbi	8715
vähitellen	adverbi	8689
avoimesti	adverbi	8650
läsnä	adverbi	8609
pääsääntöisesti	adverbi	8580
sinänsä	adverbi	8550
julkisesti	adverbi	8524
lopullisesti	adverbi	8509
hiljaa	adverbi	8460
täyteen	adverbi	8460
viimein	adverbi	8460
rauhallisesti	adverbi	8392
ajoittain	adverbi	8352
kovaa	adverbi	8333
tosissaan	adverbi	8320
kansainvälisesti	adverbi	8311
rinnalle	postpositio, adverbi	8246
tuolla	adverbi	8233
tavallisesti	adverbi	8185
selvillä	adverbi	8124
puhelimitse	adverbi	8105
toisinaan	adverbi	8075
hienosti	adverbi	7962
tieten	adverbi	7916
niukasti	adverbi	7895
yksinkertaisesti	adverbi	7849
hirveästi	adverbi	7847
vapaasti	adverbi	7793
automaattisesti	adverbi	7781
rinnalla	postpositio, adverbi	7770
toiseksi	adverbi	7686
valtavasti	adverbi	7678
sittenkin	adverbi	7662
pahoin	adverbi	7660
suorastaan	adverbi	7629
viereen	postpositio, adverbi	7622
tehokkaasti	adverbi	7445
lähtökohtaisesti	adverbi	7439
henkisesti	adverbi	7406
tiiviisti	adverbi	7360
pikkuhiljaa	adverbi	7345
tasaisesti	adverbi	7303
valtakunnallisesti	adverbi	7238
vailla	postpositio, prepositio, adverbi	7185
vähiten	adverbi	7183
muutoin	adverbi	7172
kauas	adverbi	7169
luultavasti	adverbi	7164
varalta	postpositio, adverbi	7132
sisältä	adverbi, postpositio	7126
julki	adverbi	7106
henkilökohtaisesti	adverbi	6921
toistuvasti	adverbi	6871
enimmäkseen	adverbi	6824
myöskään	adverbi	6823
ylöspäin	adverbi	6804
suunnitteilla	adverbi	6801
ali	postpositio, adverbi	6653
tyhjillään	adverbi	6585
lyhyeen	adverbi	6573
rikki	adverbi	6538
aikaisin	adverbi	6481
miltei	adverbi	6462
pystyyn	adverbi	6457
jälkikäteen	adverbi	6351
perille	adverbi	6339
pystyssä	adverbi	6310
lyhyesti	adverbi	6283
fyysisesti	adverbi	6268
vastikään	adverbi	6257
korkeintaan	adverbi	6150
yksimielisesti	adverbi	6111
miinus	adverbi, prepositio, substantiivi	6094
talteen	adverbi	6025
turhaan	adverbi	5968
täysillä	adverbi	5927
turvallisesti	adverbi	5916
piano	substantiivi, adverbi	5871
aikoinaan	adverbi	5865
ylen	adverbi	5814
tyypillisesti	adverbi	5783
lähemmäs	prepositio, postpositio, adverbi	5773
ylivoimaisesti	adverbi	5770
ahkerasti	adverbi	5754
tahallaan	adverbi	5745
alaspäin	adverbi	5684
herkästi	adverbi	5657
puhtaasti	adverbi	5643
viikoittain	adverbi	5610
ennestään	adverbi	5507
harvemmin	adverbi	5485
vastakkain	adverbi	5484
vastaavasti	adverbi	5438
maailmanlaajuisesti	adverbi	5424
lievästi	adverbi	5374
hiljalleen	adverbi	5373
kertaalleen	adverbi	5369
vaille	postpositio, prepositio, adverbi	5369
aidosti	adverbi	5315
reippaasti	adverbi	5273
väkisin	adverbi	5255
tosiaan	adverbi	5253
rohkeasti	adverbi	5233
ennemmin	adverbi	5230
varsinaisesti	adverbi	5211
myöskin	adverbi	5169
suuresti	adverbi	5158
suunnilleen	adverbi	5149
edelle	adverbi, postpositio, prepositio	5101
etänä	adverbi	5082
ennalta	adverbi	5076
sentään	adverbi	5057
vireillä	adverbi	4955
ohessa	postpositio, adverbi	4938
liika	adjektiivi, substantiivi, adverbi	4928
laajalti	adverbi	4910
samanaikaisesti	adverbi	4896
jyrkästi	adverbi	4884
odotetusti	adverbi	4792
paikallaan	adverbi	4748
selville	adverbi	4734
ulkoa	adverbi	4729
erinomaisesti	adverbi	4692
osaksi	adverbi	4605
kuulemma	adverbi	4594
sekaisin	adverbi	4585
myönteisesti	adverbi	4584
väliaikaisesti	adverbi	4584
ylle	postpositio, adverbi	4515
suinkaan	adverbi	4507
laittomasti	adverbi	4500
liikkeellä	adverbi	4459
aikaisintaan	adverbi	4453
pikaisesti	adverbi	4408
äskettäin	adverbi	4340
täydellisesti	adverbi	4306
toistamiseen	adverbi	4264
jäljessä	postpositio, adverbi	4246
poliittisesti	adverbi	4239
ensinnä	adverbi	4203
pakoon	adverbi	4191
viikonloppuisin	adverbi	4187
karkuun	adverbi	4186
äkkiä	adverbi	4184
kolmesti	adverbi	4145
välistä	postpositio, adverbi	4110
entuudestaan	adverbi	4108
tuoreeltaan	adverbi	4074
naimisiin	adverbi	4035
pop	adverbi, substantiivi	4032
itsenäisesti	adverbi	3973
kesäisin	adverbi	3972
mukavasti	adverbi	3968
tuntuvasti	adverbi	3947
positiivisesti	adverbi	3929
kaukaa	adverbi	3919
huolellisesti	adverbi	3902
ääneen	adverbi	3844
teknisesti	adverbi	3834
vapaaehtoisesti	adverbi	3800
halki	adverbi, postpositio, prepositio	3786
virheellisesti	adverbi	3775
nurin	adverbi	3772
nykyisellään	adverbi	3758
jäljelle	adverbi	3751
poikkeuksellisesti	adverbi	3710
taaksepäin	adverbi	3688
loistavasti	adverbi	3669
kriittisesti	adverbi	3666
vaikeasti	adverbi	3623
käsillä	adverbi	3597
varteen	postpositio, adverbi	3572
tietoisesti	adverbi	3533
öisin	adverbi	3533
koolla	adverbi	3528
alkuun	adverbi	3507
sopivasti	adverbi	3503
väistämättä	adverbi	3490
mukaa	adverbi	3484
tekeillä	adverbi	3483
alhaalla	adverbi	3460
useasti	adverbi	3439
keskeltä	adverbi, postpositio	3428
paikallisesti	adverbi	3421
hukkaan	adverbi	3394
tasan	adverbi	3373
vieraissa	adverbi	3356
ylipäänsä	adverbi	3347
vierestä	postpositio, adverbi	3334
komeasti	adverbi	3319
varalle	postpositio, adverbi	3312
heikosti	adverbi	3296
suomalaisittain	adverbi	3259
alustavasti	adverbi	3245
jonnekin	adverbi	3193
seassa	postpositio, adverbi	3175
ylitse	postpositio, adverbi, prepositio	3168
hetkellisesti	adverbi	3156
monipuolisesti	adverbi	3120
kipeästi	adverbi	3095
kotoa	adverbi	3093
perillä	adverbi	3091
iltaisin	adverbi	3090
salaa	adverbi	3024
ohitse	adverbi, postpositio	3021
arkisin	adverbi	3017
kerran	adverbi	2994
just	adverbi	2990
päältä	postpositio, adverbi	2985
perusteellisesti	adverbi	2975
tarkalleen	adverbi	2957
roimasti	adverbi	2914
rehellisesti	adverbi	2862
hereillä	adverbi	2860
mieluiten	adverbi	2857
kauttaaltaan	adverbi	2848
vastaisesti	adverbi	2788
periksi	adverbi	2787
upeasti	adverbi	2783
jälkeenpäin	adverbi	2762
vilkkaasti	adverbi	2757
hukassa	adverbi	2743
sikäli	adverbi	2732
ensiksi	adverbi	2701
salassa	adverbi	2696
sähköisesti	adverbi	2695
vähempi	adjektiivi, adverbi	2678
ylhäältä	adverbi	2673
konkreettisesti	adverbi	2657
lujaa	adverbi	2655
innokkaasti	adverbi	2645
väliltä	postpositio, adverbi	2645
lähemmäksi	prepositio, postpositio, adverbi	2583
sekaan	postpositio, adverbi	2583
nykyä	adverbi	2567
dramaattisesti	adverbi	2555
syvästi	adverbi	2550
perjantaisin	adverbi	2549
elossa	adverbi	2546
kahtia	adverbi	2532
talvisin	adverbi	2531
ulospäin	adverbi	2526
kauemmas	adverbi	2523
vaiheittain	adverbi	2512
tarkoin	adverbi	2485
olennaisesti	adverbi	2481
vierekkäin	adverbi	2469
liepeillä	postpositio, adverbi	2465
asteittain	adverbi	2464
kiivaasti	adverbi	2462
tilapäisesti	adverbi	2460
kuoliaaksi	adverbi	2455
kauheasti	adverbi	2451
rutkasti	adverbi	2438
vakuuttavasti	adverbi	2434
ylhäällä	adverbi	2425
näkyvästi	adverbi	2387
asianmukaisesti	adverbi	2370
kauaa	adverbi	2358
onnistuneesti	adverbi	2352
tasalla	postpositio, adverbi	2332
rennosti	adverbi	2326
ikuisesti	adverbi	2322
kauempana	adverbi	2318
sujuvasti	adverbi	2314
maltillisesti	adverbi	2300
kuukausittain	adverbi	2288
kadoksissa	adverbi	2272
miksei	adverbi, kieltoverbi	2264
varovasti	adverbi	2262
paljolti	adverbi	2250
jokseenkin	adverbi	2249
siinä	adverbi	2241
kauemmin	adverbi	2227
omiaan	adverbi	2227
naimisissa	adverbi	2204
ripeästi	adverbi	2198
sinällään	adverbi	2173
yksinään	adverbi	2173
vallan	adverbi	2165
verrattain	adverbi	2147
raskaasti	adverbi	2146
kirjaimellisesti	adverbi	2144
umpeen	adverbi	2131
kuumeisesti	adverbi	2126
tuonne	adverbi	2118
jumissa	adverbi	2114
taannoin	adverbi	2103
pahiten	adverbi	2096
itsekseen	adverbi	2094
out	adverbi	2086
lähempänä	prepositio, postpositio, adverbi	2085
paikoitellen	adverbi	2063
kevyesti	adverbi	2061
syvällä	adverbi	2035
isosti	adverbi	2034
aamuisin	adverbi	2032
tuossa	adverbi	2028
muka	adverbi	2027
suhteellisesti	adverbi	2017
huimasti	adverbi	2015
alueellisesti	adverbi	2008
toisaalla	adverbi	2005
kieltämättä	adverbi	1987
tunnetusti	adverbi	1975
lopen	adverbi	1962
syvemmälle	adverbi	1954
tuplasti	adverbi	1943
yksinomaan	adverbi	1939
hurjasti	adverbi	1934
täsmälleen	adverbi	1934
tylysti	adverbi	1921
radikaalisti	adverbi	1918
taatusti	adverbi	1913
karkeasti	adverbi	1904
täpärästi	adverbi	1893
ihmeissään	adverbi	1889
alkujaan	adverbi	1874
kauniisti	adverbi	1867
keväisin	adverbi	1867
tapauskohtaisesti	adverbi	1866
neljästi	adverbi	1856
mallikkaasti	adverbi	1851
vähiin	adverbi	1842
rinnakkain	adverbi	1817
iloisesti	adverbi	1805
alempana	adverbi	1797
tyystin	adverbi	1790
entisellään	adverbi	1788
kielteisesti	adverbi	1787
kasvokkain	adverbi	1773
korkeimmillaan	adverbi	1755
lähettyvillä	postpositio, adverbi	1749
alati	adverbi	1747
satunnaisesti	adverbi	1744
laillisesti	adverbi	1731
kaikkialle	adverbi	1727
likoon	adverbi	1723
paikalleen	adverbi	1711
tasapuolisesti	adverbi	1700
jumiin	adverbi	1699
harvaan	adverbi	1698
lauantaisin	adverbi	1695
lähestulkoon	adverbi	1694
kovilla	adverbi	1693
vauhdikkaasti	adverbi	1692
eritoten	adverbi	1689
kauempaa	adverbi	1689
päivisin	adverbi	1685
vasemmalta	adverbi	1682
ankarasti	adverbi	1673
harvakseltaan	adverbi	1673
varovaisesti	adverbi	1670
ympäriltä	postpositio, adverbi	1669
plus	adverbi, prepositio, substantiivi	1645
omatoimisesti	adverbi	1639
korkeasti	adverbi	1629
itsessään	adverbi	1608
aikanaan	adverbi	1606
sataprosenttisesti	adverbi	1606
vuolaasti	adverbi	1606
rahallisesti	adverbi	1592
yksiselitteisesti	adverbi	1590
tarjolle	adverbi	1585
lämpimästi	adverbi	1582
määrällisesti	adverbi	1580
tyylikkäästi	adverbi	1574
aggressiivisesti	adverbi	1569
keskiviikkoisin	adverbi	1569
kauemmaksi	adverbi	1562
harmissaan	adverbi	1557
pahoillaan	adverbi	1548
etenkään	adverbi	1546
sunnuntaisin	adverbi	1540
toisinpäin	adverbi	1539
yhtäjaksoisesti	adverbi	1537
hyvästi	adverbi, interjektio, substantiivi	1533
yhteisesti	adverbi	1525
taitavasti	adverbi	1522
määrätietoisesti	adverbi	1521
piakkoin	adverbi	1521
pohjimmiltaan	adverbi	1513
nihkeästi	adverbi	1507
paikkeilla	postpositio, adverbi	1505
seksuaalisesti	adverbi	1495
ennalleen	adverbi	1492
vastuullisesti	adverbi	1491
oikeassa	adverbi	1479
asiallisesti	adverbi	1476
lähtöisin	adverbi	1468
räjähdysmäisesti	adverbi	1468
syksyisin	adverbi	1468
näet	adverbi	1440
mieluusti	adverbi	1427
vakaasti	adverbi	1425
näköjään	adverbi	1424
kasvotusten	adverbi	1411
hallitusti	adverbi	1405
liiaksi	adverbi	1404
kirjallisesti	adverbi	1401
seuraavasti	adverbi	1380
luontevasti	adverbi	1378
korkealla	adverbi	1377
päällekkäin	adverbi	1376
yksistään	adverbi	1373
sitkeästi	adverbi	1364
tallessa	adverbi	1338
yhteiskunnallisesti	adverbi	1331
väkivaltaisesti	adverbi	1325
rankasti	adverbi	1324
päiväsaikaan	adverbi	1322
kirkkaasti	adverbi	1316
suoranaisesti	adverbi	1310
kätevästi	adverbi	1308
toteen	adverbi	1308
järkevästi	adverbi	1306
kymmenittäin	adverbi	1304
moninkertaisesti	adverbi	1304
kansallisesti	adverbi	1292
arkipäivisin	adverbi	1288
tuolta	adverbi	1287
tyhjiin	adverbi	1285
vastassa	adverbi, postpositio	1278
edestakaisin	adverbi	1275
äkillisesti	adverbi	1271
oletettavasti	adverbi	1257
totaalisesti	adverbi	1244
sosiaalisesti	adverbi	1239
järjestelmällisesti	adverbi	1229
viidesti	adverbi	1229
peräjälkeen	adverbi	1226
ratkaisevasti	adverbi	1214
hartaasti	adverbi	1213
paraikaa	adverbi	1211
tukevasti	adverbi	1201
tyhjilleen	adverbi	1200
melkoisesti	adverbi	1190
välillisesti	adverbi	1189
kohtuullisesti	adverbi	1186
harvassa	adverbi	1179
harhaan	adverbi	1178
syrjään	adverbi	1178
hetkittäin	adverbi	1177
liiemmin	adverbi	1176
ammattimaisesti	adverbi	1175
oma-aloitteisesti	adverbi	1166
globaalisti	adverbi	1157
sotilaallisesti	adverbi	1154
kutakuinkin	adverbi	1149
kilpaa	adverbi	1146
täytäntöön	adverbi	1146
sisäisesti	adverbi	1145
täten	adverbi	1142
systemaattisesti	adverbi	1133
ymmärrettävästi	adverbi	1130
alasti	adverbi	1128
alemmas	adverbi	1125
vastedes	adverbi	1122
ympäriinsä	adverbi	1121
vakituisesti	adverbi	1120
jäljiltä	postpositio, adverbi	1119
sangen	adverbi	1118
arviolta	adverbi	1116
luontaisesti	adverbi	1105
vaihtoehtoisesti	adverbi	1097
henkiin	adverbi	1095
negatiivisesti	adverbi	1095
ulkoapäin	adverbi	1093
omillaan	adverbi	1092
muulloin	adverbi	1089
mielissään	adverbi	1087
selin	adverbi	1078
rajoitetusti	adverbi	1074
kyllin	adverbi	1073
taktisesti	adverbi	1066
edullisesti	adverbi	1060
kaikkialta	adverbi	1056
alueittain	adverbi	1054
terävästi	adverbi	1050
takaperin	adverbi	1045
hakusessa	adverbi	1034
karkuteillä	adverbi	1032
menestyksekkäästi	adverbi	1022
tiukassa	adverbi	1022
luvattomasti	adverbi	1021
entäpä	adverbi	1020
luotettavasti	adverbi	1018
okei	adverbi	1017
uhkaavasti	adverbi	1017
voitokkaasti	adverbi	1009
varuillaan	adverbi	1002
villisti	adverbi	1001
äärimmilleen	adverbi	1001
strategisesti	adverbi	1000
seasta	postpositio, adverbi	998
kulloinkin	adverbi	990
täysimääräisesti	adverbi	984
tallella	adverbi	980
taasen	adverbi	978
eettisesti	adverbi	975
tyynesti	adverbi	965
tilastollisesti	adverbi	964
myöhemmäksi	adverbi	963
syvään	adverbi	963
ikävästi	adverbi	959
loputtomasti	adverbi	958
tahallisesti	adverbi	957
yksilöllisesti	adverbi	956
hajallaan	adverbi	949
tyrkyllä	adverbi	948
poispäin	adverbi	947
äsken	adverbi	945
paikalla	adverbi, postpositio	943
hanakasti	adverbi	938
intohimoisesti	adverbi	930
kiitettävästi	adverbi	927
maantieteellisesti	adverbi	926
vaisusti	adverbi	923
lupaavasti	adverbi	916
tuloksellisesti	adverbi	916
vaarallisesti	adverbi	915
yksipuolisesti	adverbi	915
ties	adverbi	913
alhaalta	adverbi	910
kauaksi	adverbi	904
ennakkoluulottomasti	adverbi	903
lopussa	postpositio, adverbi	903
irrallaan	adverbi	900
joustavasti	adverbi	898
ennenaikaisesti	adverbi	897
väkevästi	adverbi	893
hiukka	substantiivi, adverbi	891
tiukilla	adverbi	888
äkkiseltään	adverbi	888
tuosta	adverbi	887
kaltoin	adverbi	886
koville	adverbi	885
entäs	adverbi	883
nähtävästi	adverbi	880
takaapäin	adverbi	880
fiksusti	adverbi	873
kaksin	adverbi	873
OK	adverbi	871
ymmällään	adverbi	867
kunnittain	adverbi	866
postitse	adverbi	849
ani	adverbi	843
erilleen	adverbi	840
suvereenisti	adverbi	837
ansaitusti	adverbi	836
mitä	adverbi	835
jotakuinkin	adverbi	832
tieteellisesti	adverbi	826
lähekkäin	adverbi	821
juridisesti	adverbi	820
sinnikkäästi	adverbi	820
huostaan	postpositio, adverbi	817
ylihuomenna	adverbi	817
vaivihkaa	adverbi	816
rumasti	adverbi	812
korkealle	adverbi	810
poikittain	adverbi	810
yksitellen	adverbi	810
musiikillisesti	adverbi	809
kivasti	adverbi	806
paikoilleen	adverbi	805
surkeasti	adverbi	805
ajallisesti	adverbi	803
rivakasti	adverbi	799
leveästi	adverbi	797
visusti	adverbi	797
pitkäjänteisesti	adverbi	793
etupäässä	adverbi	791
oikealla	adverbi	791
näytille	adverbi	790
toisaalle	adverbi	788
laadukkaasti	adverbi	787
kahdestaan	adverbi	785
epäilemättä	adverbi	782
ulkoisesti	adverbi	782
äänekkäästi	adverbi	782
ylemmäs	adverbi	774
lainvastaisesti	adverbi	769
psyykkisesti	adverbi	769
pikkuisen	adverbi	765
digitaalisesti	adverbi	764
huolimattomasti	adverbi	761
lujasti	adverbi	760
järin	adverbi	757
moraalisesti	adverbi	757
aikojaan	adverbi	753
kiireellisesti	adverbi	753
viisaasti	adverbi	749
onnekkaasti	adverbi	747
epäsuorasti	adverbi	746
reaaliaikaisesti	adverbi	746
visuaalisesti	adverbi	740
muodollisesti	adverbi	737
onnellisesti	adverbi	737
siitä	adverbi	731
realistisesti	adverbi	728
suotta	adverbi	728
kiireesti	adverbi	725
jalkaisin	adverbi	724
pikemmin	adverbi	723
ekologisesti	adverbi	722
kosolti	adverbi	722
vaatimattomasti	adverbi	722
allegro	adverbi, substantiivi	720
vaivattomasti	adverbi	715
mar	adverbi	714
päättäväisesti	adverbi	714
kaupallisesti	adverbi	711
nöyrästi	adverbi	709
lävitse	adverbi, postpositio	708
alemmaksi	adverbi	705
raivoissaan	adverbi	704
kuudesti	adverbi	701
nyttemmin	adverbi	701
vierellä	postpositio, adverbi	699
jäljillä	postpositio, adverbi	698
myöhässä	adverbi	696
sisäänpäin	adverbi	688
suht	adverbi	688
kiihkeästi	adverbi	687
kohtuuttomasti	adverbi	685
lähempää	adverbi	684
tarkoituksellisesti	adverbi	682
johdonmukaisesti	adverbi	679
koholla	adverbi	676
näppärästi	adverbi	675
kylään	adverbi	673
tiheästi	adverbi	673
puutteellisesti	adverbi	667
kärsivällisesti	adverbi	666
vakavissaan	adverbi	664
ylösalaisin	adverbi	664
pohjoisemmaksi	adverbi	662
suullisesti	adverbi	662
vilpittömästi	adverbi	662
kehnosti	adverbi	659
yhtäältä	adverbi	656
oikeusteitse	adverbi	655
ylempänä	adverbi	653
pahimmin	adverbi	652
uskottavasti	adverbi	650
laskennallisesti	adverbi	649
mönkään	adverbi	647
siististi	adverbi	647
loitolla	adverbi	645
painokkaasti	adverbi	641
taidokkaasti	adverbi	641
loputtomiin	adverbi	640
tunnollisesti	adverbi	637
pääasiallisesti	adverbi	636
torstaisin	adverbi	636
puoliksi	adverbi	633
eittämättä	adverbi	629
roppakaupalla	adverbi	626
erillään	adverbi	625
prosenttisesti	adverbi	624
kohtalaisesti	adverbi	623
oikeudellisesti	adverbi	622
vääjäämättä	adverbi	622
valmisteilla	adverbi	618
terveellisesti	adverbi	610
oheen	postpositio, adverbi	609
kiinteästi	adverbi	603
tuhansittain	adverbi	602
viis	adverbi	598
kirjeitse	adverbi	597
toisekseen	adverbi	597
epäilevästi	adverbi	596
totisesti	adverbi	596
vastustamattomasti	adverbi	596
sattumanvaraisesti	adverbi	595
kohteliaasti	adverbi	593
samassa	adverbi	593
tiheään	adverbi	590
ystävällisesti	adverbi	590
spontaanisti	adverbi	589
vankasti	adverbi	587
ahtaalle	adverbi	585
näennäisesti	adverbi	585
rakenteilla	adverbi	585
jalan	adverbi	584
epätasaisesti	adverbi	582
hyvillään	adverbi	582
sidoksissa	adverbi	582
eloon	adverbi	581
kii	adverbi	577
kiltisti	adverbi	575
oudosti	adverbi	575
epäasiallisesti	adverbi	574
nätisti	adverbi	573
äkisti	adverbi	573
helpoiten	adverbi	571
tismalleen	adverbi	571
kestävästi	adverbi	570
keskeisesti	adverbi	569
osuvasti	adverbi	566
alias	adverbi	564
holtittomasti	adverbi	562
törkeästi	adverbi	562
epätoivoisesti	adverbi	561
omilleen	adverbi	561
takanapäin	adverbi	561
tiukille	adverbi	561
oitis	adverbi	560
perinpohjaisesti	adverbi	560
yksityiskohtaisesti	adverbi	560
yltä	postpositio, adverbi	559
älyttömästi	adverbi	559
näytillä	adverbi	554
silmämääräisesti	adverbi	554
suunnitelmallisesti	adverbi	552
tiukoilla	adverbi	552
paikoittain	adverbi	549
pohjoisempana	adverbi	549
täysipainoisesti	adverbi	548
siihen	adverbi	547
täsmällisesti	adverbi	545
avosylin	adverbi	544
ajallaan	adverbi	542
sitä	adverbi	542
lempeästi	adverbi	541
taivasalla	adverbi	541
tukossa	adverbi	536
pikimmiten	adverbi	534
vanhastaan	adverbi	533
vimmatusti	adverbi	531
silleen	adverbi	530
intensiivisesti	adverbi	529
puhki	adverbi	529
demokraattisesti	adverbi	524
syvällisesti	adverbi	522
etäällä	adverbi	518
yksityisesti	adverbi	518
ällikällä	adverbi	516
kummasti	adverbi	514
herkeämättä	adverbi	512
kallellaan	adverbi	512
napakasti	adverbi	512
hämillään	adverbi	510
seis	interjektio, adverbi	508
laiskasti	adverbi	507
entiselleen	adverbi	506
elävästi	adverbi	505
keinotekoisesti	adverbi	504
vähissä	adverbi	502
saumattomasti	adverbi	501
luottavaisesti	adverbi	500
suopeasti	adverbi	500
tahattomasti	adverbi	497
verkkaisesti	adverbi	497
liioin	adverbi	493
vaivoin	adverbi	492
väkivalloin	adverbi	492
tähän	adverbi	488
epävirallisesti	adverbi	487
yksissä	adverbi	487
etuajassa	adverbi	485
likimain	adverbi	485
hallinnollisesti	adverbi	484
koneellisesti	adverbi	482
kannalla	adverbi, postpositio	480
ilmiselvästi	adverbi	479
oikeaoppisesti	adverbi	479
taiteellisesti	adverbi	476
räväkästi	adverbi	474
ansiokkaasti	adverbi	471
kumminkin	adverbi	470
varpaillaan	adverbi	470
läheisesti	adverbi	469
uskollisesti	adverbi	469
myöntävästi	adverbi	468
suunnattomasti	adverbi	468
konsanaan	adverbi	467
moitteettomasti	adverbi	467
polvillaan	adverbi	465
symbolisesti	adverbi	462
geneettisesti	adverbi	461
sepposen	adverbi	460
tingassa	adverbi	460
värikkäästi	adverbi	460
sadoittain	adverbi	459
portaittain	adverbi	458
kaiketi	adverbi	457
rajattomasti	adverbi	456
ulkosalla	adverbi	454
syvemmällä	adverbi	452
tarpeettomasti	adverbi	450
vierelle	postpositio, adverbi	449
suoraviivaisesti	adverbi	448
vastavuoroisesti	adverbi	448
ylimmillään	adverbi	448
rasistisesti	adverbi	447
suotuisasti	adverbi	445
esimerkillisesti	adverbi	444
samaten	adverbi	444
toiveikkaasti	adverbi	441
oikeudenmukaisesti	adverbi	439
sikseen	adverbi	439
huikeasti	adverbi	438
läpikotaisin	adverbi	438
perusteettomasti	adverbi	436
tavanomaisesti	adverbi	434
puolittain	adverbi	433
hauskasti	adverbi	432
ennakolta	adverbi	431
kulttuurisesti	adverbi	430
muinoin	adverbi	430
kylmästi	adverbi	428
omaehtoisesti	adverbi	428
prosentuaalisesti	adverbi	428
sananmukaisesti	adverbi	427
tasavertaisesti	adverbi	427
kivuttomasti	adverbi	426
tasa-arvoisesti	adverbi	425
lukumääräisesti	adverbi	424
rajallisesti	adverbi	424
kunnioittavasti	adverbi	423
perättäin	adverbi	423
tasoissa	adverbi	423
vasemmalle	adverbi	423
taajaan	adverbi	422
varauksellisesti	adverbi	421
yhteisvastuullisesti	adverbi	421
auliisti	adverbi	420
vuorostaan	adverbi	420
kokonaisvaltaisesti	adverbi	416
tässä	adverbi	416
mystisesti	adverbi	415
nokikkain	adverbi	415
yksiin	adverbi	415
tosiasiallisesti	adverbi	413
jees	adverbi	412
juttusille	adverbi	412
maanantaisin	adverbi	410
varkain	adverbi	406
ylempää	adverbi	406
erikoisesti	adverbi	402
hellästi	adverbi	402
moksiskaan	adverbi	402
räikeästi	adverbi	402
täysipäiväisesti	adverbi	402
inhimillisesti	adverbi	401
tuiki	adverbi	398
innostuneesti	adverbi	395
neutraalisti	adverbi	394
päällepäin	adverbi	394
julmasti	adverbi	393
vissiin	adverbi	393
ketterästi	adverbi	392
kieppeillä	postpositio, adverbi	392
lähimmäs	prepositio, postpositio, adverbi	392
hevillä	adverbi	388
lähettyviltä	postpositio, adverbi	388
aamutuimaan	adverbi	386
päivälleen	adverbi	386
tonneittain	adverbi	385
ennakkoon	adverbi	382
joukoittain	adverbi	381
meriteitse	adverbi	381
ammatillisesti	adverbi	378
sanallisesti	adverbi	378
salakavalasti	adverbi	377
kyljelleen	adverbi	376
mielivaltaisesti	adverbi	376
oikealle	adverbi	374
sisässä	postpositio, adverbi	374
hädissään	adverbi	373
tiukkaan	adverbi	372
voimallisesti	adverbi	372
harkitusti	adverbi	371
pitkästi	adverbi	369
yhtäaikaisesti	adverbi	369
seisaaltaan	adverbi	368
liepeiltä	postpositio, adverbi	367
potentiaalisesti	adverbi	367
hengenvaarallisesti	adverbi	366
ykskantaan	adverbi	364
pahemmin	adverbi	363
paikkeille	postpositio, adverbi	363
hamaan	adverbi	362
railakkaasti	adverbi	360
traagisesti	adverbi	360
raivokkaasti	adverbi	359
parantumattomasti	adverbi	358
riittämiin	adverbi	358
alamaissa	adverbi	357
ennätyksellisesti	adverbi	357
lähemmin	adverbi	357
lähimmäksi	prepositio, postpositio, adverbi	357
nimenomaisesti	adverbi	356
eroon	adverbi	354
säännönmukaisesti	adverbi	354
väljästi	adverbi	354
läheskään	adverbi	352
nopeiten	adverbi	352
pälkähästä	adverbi	351
yllättävästi	adverbi	351
luottamuksellisesti	adverbi	349
lähettyville	postpositio, adverbi	349
luovasti	adverbi	348
lyhyellä	adverbi	348
luonnostaan	adverbi	346
pehmeästi	adverbi	345
kokoon	adverbi	344
oikeutetusti	adverbi	343
karvaasti	adverbi	342
kylliksi	adverbi	342
läpeensä	adverbi	342
haltioissaan	adverbi	341
kertaheitolla	adverbi	341
verekseltään	adverbi	340
sekavasti	adverbi	339
sopuisasti	adverbi	338
toissijaisesti	adverbi	338
viileästi	adverbi	338
kylmiltään	adverbi	337
pyörällä	adverbi	337
mutkattomasti	adverbi	335
leppoisasti	adverbi	334
aikansa	adverbi	333
hevin	adverbi	333
manuaalisesti	adverbi	333
edessäpäin	adverbi	331
ajassa	adverbi	329
löyhästi	adverbi	329
sisältäpäin	adverbi	329
skeptisesti	adverbi	329
eksyksissä	adverbi	328
laadullisesti	adverbi	328
psykologisesti	adverbi	328
röyhkeästi	adverbi	327
levällään	adverbi	326
liikkeessä	adverbi	326
irvessä	adverbi	325
satamäärin	adverbi	325
arvokkaasti	adverbi	322
suinkin	adverbi	321
tahmeasti	adverbi	321
vanhemmiten	adverbi	321
hienoisesti	adverbi	319
pääpiirteittäin	adverbi	318
säästeliäästi	adverbi	317
kaksinkertaisesti	adverbi	316
sinuiksi	adverbi	316
sulavasti	adverbi	316
taaempana	adverbi	316
vastentahtoisesti	adverbi	316
jämäkästi	adverbi	314
huolettomasti	adverbi	313
hiljaisesti	adverbi	312
jalkeille	adverbi	312
verisesti	adverbi	311
hiljan	adverbi	310
sen	adverbi	310
koommin	adverbi	309
ironisesti	adverbi	308
tapaturmaisesti	adverbi	308
tutusti	adverbi	308
itsevarmasti	adverbi	307
alitse	postpositio, adverbi	306
nolosti	adverbi	306
mitenkä	adverbi	304
myöden	postpositio, adverbi	304
kylmissään	adverbi	303
lääketieteellisesti	adverbi	303
omakohtaisesti	adverbi	303
sokeasti	adverbi	303
leikkisästi	adverbi	302
yhtenäisesti	adverbi	302
hajalle	adverbi	301
huostassa	postpositio, adverbi	301
objektiivisesti	adverbi	301
pareittain	adverbi	299
sun	konjunktio, adverbi	299
etelämpänä	adverbi	298
tulisesti	adverbi	298
ahtaasti	adverbi	297
ihanasti	adverbi	297
kemiallisesti	adverbi	297
hillitysti	adverbi	296
teollisesti	adverbi	296
välinpitämättömästi	adverbi	296
hätäisesti	adverbi	295
maittain	adverbi	293
optimistisesti	adverbi	293
ytimekkäästi	adverbi	292
syntyjään	adverbi	290
yksittäin	adverbi	290
ylpeästi	adverbi	290
oikea-aikaisesti	adverbi	289
tuohon	adverbi	289
kategorisesti	adverbi	288
mekaanisesti	adverbi	288
oikeaan	adverbi	288
peruuttamattomasti	adverbi	288
tavoitteellisesti	adverbi	288
sijoilla	adverbi	287
etäältä	adverbi	286
murskaavasti	adverbi	286
sattumoisin	adverbi	286
itsevaltaisesti	adverbi	285
ymmärtäväisesti	adverbi	285
rakenteellisesti	adverbi	284
kolmasti	adverbi	283
ahnaasti	adverbi	281
vaiti	adverbi	281
puoleksi	adverbi	280
pimeästi	adverbi	279
rehdisti	adverbi	279
suuntaisesti	adverbi	279
vihamielisesti	adverbi	278
haitallisesti	adverbi	277
karusti	adverbi	277
erossa	adverbi	276
tyylillisesti	adverbi	275
vinoon	adverbi	274
äärestä	postpositio, adverbi	274
massoittain	adverbi	273
sivummalle	adverbi	273
tästä	adverbi	273
epäluuloisesti	adverbi	272
mahtavasti	adverbi	272
oivallisesti	adverbi	272
vasemmalla	adverbi	272
kollektiivisesti	adverbi	271
kotia	adverbi	271
kotiinpäin	adverbi	271
lainmukaisesti	adverbi	270
milloinkaan	adverbi	270
edeltä	adverbi, postpositio	269
sijoiltaan	adverbi	268
auttamattomasti	adverbi	267
raollaan	adverbi	267
katkerasti	adverbi	265
hälyttävästi	adverbi	264
yhteistuumin	adverbi	264
juhlallisesti	adverbi	263
vähin	adverbi	263
pahitteeksi	adverbi	262
uskonnollisesti	adverbi	262
sivusta	adverbi	261
hirvittävästi	adverbi	260
likipitäen	adverbi	260
kasapäin	adverbi	259
myötämielisesti	adverbi	258
salamannopeasti	adverbi	258
karkuteille	adverbi	257
kovaäänisesti	adverbi	257
avokätisesti	adverbi	256
nimellisesti	adverbi	256
nuivasti	adverbi	255
riippumattomasti	adverbi	254
seikkaperäisesti	adverbi	254
allapäin	adverbi	253
sivuun	postpositio, adverbi	253
juovuksissa	adverbi	251
ylemmäksi	adverbi	251
hienovaraisesti	adverbi	250
luvallisesti	adverbi	250
syvemmältä	adverbi	250
katki	adverbi	249
aamupäivisin	adverbi	248
akustisesti	adverbi	247
alallaan	adverbi	247
kohtalokkaasti	adverbi	247
syksymmällä	adverbi	247
epävarmasti	adverbi	246
hissukseen	adverbi	244
tunteikkaasti	adverbi	244
vähääkään	adverbi	244
jotenkuten	adverbi	243
keskimääräisesti	adverbi	243
käytännöllisesti	adverbi	243
sopimattomasti	adverbi	243
asiattomasti	adverbi	242
kerrassaan	adverbi	242
kroonisesti	adverbi	242
toiste	adverbi	242
jalkeilla	adverbi	241
puolueettomasti	adverbi	241
epäoikeudenmukaisesti	adverbi	240
main	adverbi	239
monasti	adverbi	239
perusteilla	adverbi	239
pullollaan	adverbi	239
aamuvarhain	adverbi	238
ilmateitse	adverbi	238
kyljellään	adverbi	238
biologisesti	adverbi	237
hiljakseen	adverbi	237
kunnianhimoisesti	adverbi	237
istumalta	adverbi	235
ihka	adverbi	234
kielellisesti	adverbi	232
kolminkertaisesti	adverbi	232
edespäin	adverbi	231
kotosalla	adverbi	231
sivuttain	adverbi	230
köpelösti	adverbi	229
säntillisesti	adverbi	228
tukkanuottasilla	adverbi	228
ärhäkästi	adverbi	228
kehitteillä	adverbi	227
ovelasti	adverbi	227
penseästi	adverbi	227
tonne	adverbi	227
aiheettomasti	adverbi	226
hajalla	adverbi	226
yläviistoon	adverbi	226
vikkelästi	adverbi	225
ojossa	adverbi	224
yksikseen	adverbi	224
mukamas	adverbi	223
aloillaan	adverbi	222
etupainotteisesti	adverbi	222
varalla	adverbi, postpositio	221
hassusti	adverbi	220
etnisesti	adverbi	219
etäisesti	adverbi	219
kylmillään	adverbi	219
läjäpäin	adverbi	219
rautateitse	adverbi	219
synkästi	adverbi	219
urheasti	adverbi	219
kamalasti	adverbi	218
ohimennen	adverbi	218
paikkakunnittain	adverbi	218
viimeisillään	adverbi	218
alempaa	adverbi	217
arvaamattomasti	adverbi	217
valtoimenaan	adverbi	217
viereltä	postpositio, adverbi	217
arvoituksellisesti	adverbi	216
edestäpäin	adverbi	216
epäreilusti	adverbi	216
hienokseltaan	adverbi	216
milloinkin	adverbi	216
teoreettisesti	adverbi	216
perätysten	adverbi	215
epäsäännöllisesti	adverbi	214
tasapainoisesti	adverbi	214
armottomasti	adverbi	213
laisin	adverbi	213
loogisesti	adverbi	213
akuutisti	adverbi	212
huomaamattomasti	adverbi	212
tiehensä	adverbi	212
urhoollisesti	adverbi	212
hereille	adverbi	211
ookoo	adverbi	211
tuonnemmaksi	adverbi	211
humoristisesti	adverbi	207
kuivilla	adverbi	207
kuuliaisesti	adverbi	207
yhteisvoimin	adverbi	207
makeasti	adverbi	206
poikkiteloin	adverbi	206
riehakkaasti	adverbi	206
juhlavasti	adverbi	205
selälleen	adverbi	205
hilkulla	adverbi	204
lujilla	adverbi	203
tolaltaan	adverbi	203
täpötäynnä	adverbi	203
akateemisesti	adverbi	202
salaperäisesti	adverbi	201
uskomattomasti	adverbi	201
vihaisesti	adverbi	201
äärimmillään	adverbi	201
kuiville	adverbi	199
parhaiksi	adverbi	199
tinkaan	adverbi	199
sivulta	postpositio, adverbi	197
yllättäin	adverbi	197
absoluuttisesti	adverbi	196
epämääräisesti	adverbi	196
näemmä	adverbi	196
passiivisesti	adverbi	196
kiinnostavasti	adverbi	195
kärkkäästi	adverbi	195
luonnonmukaisesti	adverbi	195
tuttavallisesti	adverbi	195
täyspäiväisesti	adverbi	195
aiheellisesti	adverbi	194
meritse	adverbi	194
raivoisasti	adverbi	194
syvälle	adverbi	193
ponnekkaasti	adverbi	192
esteettisesti	adverbi	191
rempallaan	adverbi	191
vasempaan	adverbi	191
keväämmällä	adverbi	190
suorasukaisesti	adverbi	190
tiistaisin	adverbi	190
käsittämättömästi	adverbi	189
epäselvästi	adverbi	187
yhtaikaa	adverbi	187
ihmeellisesti	adverbi	186
suonensisäisesti	adverbi	186
uhrautuvasti	adverbi	186
avec	adverbi, substantiivi	185
edemmäs	adverbi	184
turvoksissa	adverbi	184
maksuttomasti	adverbi	183
pirusti	adverbi	183
polvilleen	adverbi	183
aloilleen	adverbi	182
härskisti	adverbi	182
kireällä	adverbi	182
tarmokkaasti	adverbi	182
kypsästi	adverbi	181
myötäpäivään	adverbi	181
riemuissaan	adverbi	181
sinnepäin	adverbi	181
käärmeissään	adverbi	180
tarkoituksenmukaisesti	adverbi	180
kovakouraisesti	adverbi	179
uhmakkaasti	adverbi	178
kait	adverbi	177
tohkeissaan	adverbi	177
syvempää	adverbi	176
analyyttisesti	adverbi	175
takaviistoon	adverbi	175
tykö	postpositio, adverbi	175
varsinkaan	adverbi	174
pintapuolisesti	adverbi	173
vastahakoisesti	adverbi	173
älyllisesti	adverbi	172
arkkitehtonisesti	adverbi	171
massiivisesti	adverbi	171
minnekin	adverbi	171
niukalti	adverbi	171
lakonisesti	adverbi	170
pyyteettömästi	adverbi	170
uteliaasti	adverbi	170
vienosti	adverbi	170
kasoittain	adverbi	169
solkenaan	adverbi	169
vallassa	adverbi, postpositio	169
häikäilemättömästi	adverbi	168
juttusilla	adverbi	168
energisesti	adverbi	167
kepeästi	adverbi	167
kumoon	adverbi	167
maanteitse	adverbi	167
kuolettavasti	adverbi	166
murheellisesti	adverbi	166
tyydyttävästi	adverbi	166
vaistomaisesti	adverbi	166
hämilleen	adverbi	165
limittäin	adverbi	165
liukkaasti	adverbi	165
alimpana	adverbi	164
pakosalla	adverbi	164
kernaasti	adverbi	163
mielenkiintoisesti	adverbi	163
mieluimmin	adverbi	163
nälissään	adverbi	163
pontevasti	adverbi	162
kilvan	adverbi	161
mielettömästi	adverbi	161
sarkastisesti	adverbi	161
etelämmäksi	adverbi	160
summittaisesti	adverbi	160
taiten	adverbi	160
nähdäkseen	adverbi	159
tarkoitushakuisesti	adverbi	159
varhemmin	adverbi	158
menestyksellisesti	adverbi	156
vääjäämättömästi	adverbi	156
yhtenään	adverbi	155
löysästi	adverbi	154
iisisti	adverbi	153
rinnalta	postpositio, adverbi	153
sivistyneesti	adverbi	153
tuonnempana	adverbi	153
viistosti	adverbi	153
alaviistoon	adverbi	152
ahkeraan	adverbi	151
kuinkaan	adverbi	151
loivasti	adverbi	151
lähtemättömästi	adverbi	151
pakosalle	adverbi	151
ryhdikkäästi	adverbi	151
tuhatmäärin	adverbi	151
etäälle	adverbi	150
kausittain	adverbi	150
kuuluvasti	adverbi	150
pahanpäiväisesti	adverbi	150
vilkkaa	adverbi	150
ilkeästi	adverbi	149
illemmalla	adverbi	149
kliinisesti	adverbi	149
päinsä	adverbi	149
rytmisesti	adverbi	149
kelvollisesti	adverbi	148
orjallisesti	adverbi	148
täpinöissään	adverbi	148
mahdottomasti	adverbi	147
upoksissa	adverbi	147
uutterasti	adverbi	147
voittopuolisesti	adverbi	147
paradoksaalisesti	adverbi	146
parlamentaarisesti	adverbi	146
syssyyn	adverbi	146
varomattomasti	adverbi	146
alakynnessä	adverbi	145
himpun	adverbi	145
liiketaloudellisesti	adverbi	144
salaisesti	adverbi	144
etelämmäs	adverbi	143
kateisiin	adverbi	143
arvatenkin	adverbi	142
oikeudettomasti	adverbi	142
puolueittain	adverbi	142
vakinaisesti	adverbi	142
vietävästi	adverbi	142
kiistattomasti	adverbi	141
lyttyyn	adverbi	141
sivummalla	adverbi	141
tyhmästi	adverbi	141
viritteillä	adverbi	141
paksusti	adverbi	140
raolleen	adverbi	140
alakynteen	adverbi	139
mieleen	adverbi	139
paikalle	adverbi, postpositio	139
kovaan	adverbi	138
lujille	adverbi	138
rinnan	adverbi	138
ylimielisesti	adverbi	138
helvetisti	adverbi	137
hysteerisesti	adverbi	137
joutuisasti	adverbi	137
koukkuun	adverbi	137
riemukkaasti	adverbi	137
enään	adverbi	136
lukkoon	adverbi	136
takaisinpäin	adverbi	136
hermostuneesti	adverbi	135
poikkeavasti	adverbi	135
vinosti	adverbi	135
auttamatta	adverbi	134
fifty-fifty	adverbi	134
vastuuttomasti	adverbi	134
ainakaan	adverbi	133
itsekkäästi	adverbi	133
itsepintaisesti	adverbi	133
kiireisesti	adverbi	133
kipakasti	adverbi	133
koreasti	adverbi	133
ronskisti	adverbi	133
senkin	adverbi	133
emotionaalisesti	adverbi	132
intuitiivisesti	adverbi	132
vinksallaan	adverbi	132
seudullisesti	adverbi	131
valheellisesti	adverbi	131
vimmaisesti	adverbi	131
justiin	adverbi	130
tasapäisesti	adverbi	130
tyhjentävästi	adverbi	130
adagio	adverbi, substantiivi	129
alakanttiin	adverbi	129
kunniakkaasti	adverbi	129
kylmilleen	adverbi	129
ohesta	postpositio, adverbi	129
tarkimmin	adverbi	129
tasaväkisesti	adverbi	129
tästedes	adverbi	129
valtaan	adverbi, postpositio	129
katumapäälle	adverbi	128
kerroksittain	adverbi	128
pyöreästi	adverbi	128
kekseliäästi	adverbi	127
kummallisesti	adverbi	127
puolustuksellisesti	adverbi	127
sanatarkasti	adverbi	127
vireille	adverbi	127
äänettömästi	adverbi	127
justiinsa	adverbi	126
matkailullisesti	adverbi	126
murskaksi	adverbi	126
pelottomasti	adverbi	126
pystystä	adverbi	126
sukkasillaan	adverbi	126
tehottomasti	adverbi	126
miehekkäästi	adverbi	125
taivasalle	adverbi	125
pikaa	adverbi	124
omavaltaisesti	adverbi	123
omituisesti	adverbi	122
tuuliajolla	adverbi	122
selväsanaisesti	adverbi	121
erottamattomasti	adverbi	120
hyväntahtoisesti	adverbi	120
kadoksiin	adverbi	120
torjuvasti	adverbi	120
ilkivaltaisesti	adverbi	119
kerrakseen	adverbi	119
näytteillä	adverbi	119
rutiininomaisesti	adverbi	119
ympäripyöreästi	adverbi	119
perästä	adverbi, postpositio	118
ujosti	adverbi	118
valveilla	adverbi	118
alkuaan	adverbi	117
karussa	adverbi	117
puoliväkisin	adverbi	117
rytmikkäästi	adverbi	117
tuntuisesti	adverbi	117
kateeksi	adverbi	116
lennokkaasti	adverbi	116
tykkänään	adverbi	116
ulkopoliittisesti	adverbi	116
hanttiin	adverbi	115
liiemmälti	adverbi	115
lähimain	adverbi	115
nelinkertaisesti	adverbi	115
vaikuttavasti	adverbi	115
vesiteitse	adverbi	115
yhdenmukaisesti	adverbi	115
yksituumaisesti	adverbi	115
fysiologisesti	adverbi	114
kummissaan	adverbi	114
kärkevästi	adverbi	114
neuvotteluteitse	adverbi	114
sisukkaasti	adverbi	114
kankeasti	adverbi	113
pedagogisesti	adverbi	113
andante	adverbi, substantiivi	112
jääräpäisesti	adverbi	112
kuta	adverbi	112
levottomasti	adverbi	112
samansuuntaisesti	adverbi	112
yksioikoisesti	adverbi	112
elektronisesti	adverbi	111
estottomasti	adverbi	111
istualtaan	adverbi	111
parhaastaan	adverbi	111
sijoilta	adverbi	111
yläkanttiin	adverbi	111
ymmälleen	adverbi	111
arkisesti	adverbi	110
fantastisesti	adverbi	110
levollisesti	adverbi	110
maitse	adverbi	110
kahden	adverbi	109
laveasti	adverbi	109
semminkin	adverbi	109
silmittömästi	adverbi	109
totuudenmukaisesti	adverbi	109
klassisesti	adverbi	108
nähtävillä	adverbi	108
rationaalisesti	adverbi	108
sijoilleen	adverbi	108
etelämpää	adverbi	107
kivuliaasti	adverbi	107
niukkasanaisesti	adverbi	107
epäilyttävästi	adverbi	106
epäkunnioittavasti	adverbi	106
henkitoreissaan	adverbi	106
seisaallaan	adverbi	106
suunniltaan	adverbi	106
sydämellisesti	adverbi	106
tuhoisasti	adverbi	106
eksponentiaalisesti	adverbi	105
hyväntuulisesti	adverbi	105
tolkuttomasti	adverbi	105
kauimpana	adverbi	104
kumollaan	adverbi	104
leikillisesti	adverbi	104
verroin	adverbi	104
eleettömästi	adverbi	103
hiljakkoin	adverbi	103
sisäpoliittisesti	adverbi	103
sähäkästi	adverbi	103
takavasemmalle	adverbi	103
asiantuntevasti	adverbi	102
fortepiano	adverbi, substantiivi	102
lomittain	adverbi	102
parahiksi	adverbi	102
perimmiltään	adverbi	102
seutuvilla	postpositio, adverbi	102
summassa	adverbi	102
lepsusti	adverbi	101
miljoonittain	adverbi	101
sylikkäin	adverbi	101
tarkkaavaisesti	adverbi	101
yhtäällä	adverbi	101
häpeissään	adverbi	100
järjettömästi	adverbi	100
kömpelösti	adverbi	100
nerokkaasti	adverbi	100
onnettomasti	adverbi	100
pikapikaa	adverbi	100
ruhtinaallisesti	adverbi	100
taidollisesti	adverbi	100
tavattomasti	adverbi	100
ylimpänä	adverbi	100
filosofisesti	adverbi	99
ihmeemmin	adverbi	99
kotiin	adverbi	99
käänteisesti	adverbi	99
puolivuosittain	adverbi	99
kalpaten	adverbi	98
liepeille	postpositio, adverbi	98
määrättömästi	adverbi	98
näkösällä	adverbi	98
pikkutarkasti	adverbi	98
runollisesti	adverbi	98
surullisesti	adverbi	98
vinhasti	adverbi	98
aistinvaraisesti	adverbi	97
keskemmälle	adverbi	97
pessimistisesti	adverbi	97
tiukalla	adverbi	97
vapaamuotoisesti	adverbi	97
jouten	adverbi	96
arkeologisesti	adverbi	95
hemmetisti	adverbi	95
kaksistaan	adverbi	95
kuhun	adverbi	95
käsin	adverbi	95
syrjemmälle	adverbi	95
leikillään	adverbi	94
maateitse	adverbi	94
matalalla	adverbi	94
suutuspäissään	adverbi	94
vuorenvarmasti	adverbi	94
alhaalle	adverbi	93
ehdollisesti	adverbi	93
tunneittain	adverbi	93
ensimmäiseksi	adverbi	92
graafisesti	adverbi	92
mahtipontisesti	adverbi	92
selittämättömästi	adverbi	92
tietenkään	adverbi	92
tipoittain	adverbi	92
tokko	adverbi, substantiivi	92
alituiseen	adverbi	91
ilmavasti	adverbi	91
jäljestä	postpositio, adverbi	91
kirurgisesti	adverbi	91
korkeimmilleen	adverbi	91
tinkimättömästi	adverbi	91
uhkarohkeasti	adverbi	91
vieretysten	adverbi	91
aamen	adverbi, substantiivi	90
halventavasti	adverbi	90
koossa	adverbi	90
loppuun	adverbi, postpositio	90
meneillä	adverbi	90
ohuesti	adverbi	90
piittaamattomasti	adverbi	90
harkitsemattomasti	adverbi	89
kansanomaisesti	adverbi	89
kiertoteitse	adverbi	89
sammuksiin	adverbi	89
seitsemästi	adverbi	89
tanassa	adverbi	89
ymmällä	adverbi	89
köniin	adverbi	88
täysimittaisesti	adverbi	88
vanhanaikaisesti	adverbi	88
voittoisasti	adverbi	88
avojaloin	adverbi	87
intiimisti	adverbi	87
kronologisesti	adverbi	87
merkitsevästi	adverbi	87
soinnillisesti	adverbi	87
ahtaalla	adverbi	86
keskinkertaisesti	adverbi	86
kitsaasti	adverbi	86
leväperäisesti	adverbi	86
mentaalisesti	adverbi	86
vaivalloisesti	adverbi	86
kieppeille	postpositio, adverbi	85
kuulemiin	adverbi	85
kylmäverisesti	adverbi	85
lyhytsanaisesti	adverbi	85
mihin	adverbi	85
näkyvillä	adverbi	85
tomerasti	adverbi	85
valppaasti	adverbi	85
ymmärtävästi	adverbi	85
framille	adverbi	84
kiistämättä	adverbi	84
kirjavasti	adverbi	84
largo	adverbi, substantiivi	84
mainittavasti	adverbi	84
tipotiessään	adverbi	84
topakasti	adverbi	84
typerästi	adverbi	84
valoisasti	adverbi	84
framilla	adverbi	83
karsaasti	adverbi	83
kumarassa	adverbi	83
mestarillisesti	adverbi	83
murheissaan	adverbi	83
peremmälle	adverbi	83
pätkittäin	adverbi	83
stereotyyppisesti	adverbi	83
supussa	adverbi	83
vertauskuvallisesti	adverbi	83
yökylään	adverbi	83
jäljille	postpositio, adverbi	82
kansantajuisesti	adverbi	82
kapeasti	adverbi	82
kiihkottomasti	adverbi	82
kritiikittömästi	adverbi	82
oikealta	adverbi	82
riittämättömästi	adverbi	82
suppeasti	adverbi	82
tarpeen	adverbi	82
terveesti	adverbi	82
auttavasti	adverbi	81
enemmälti	adverbi	81
hämärästi	adverbi	81
karrelle	adverbi	81
kyynisesti	adverbi	81
pinnallisesti	adverbi	81
prikulleen	adverbi	81
sankasti	adverbi	81
aloittain	adverbi	80
forte	adverbi	80
paikoillaan	adverbi	80
samankaltaisesti	adverbi	80
syrjemmässä	adverbi	80
aatteellisesti	adverbi	79
harvakseen	adverbi	79
kukaties	adverbi	79
pelottavasti	adverbi	79
sitovasti	adverbi	79
yllätyksellisesti	adverbi	79
faktisesti	adverbi	78
hakoteillä	adverbi	78
hunningolle	adverbi	78
kolmistaan	adverbi	78
persoonallisesti	adverbi	78
siivosti	adverbi	78
tukuittain	adverbi	78
ahneesti	adverbi	77
hullusti	adverbi	77
leikisti	adverbi	77
nokkelasti	adverbi	77
pomminvarmasti	adverbi	77
herkullisesti	adverbi	76
hunningolla	adverbi	76
laisinkaan	adverbi	76
neljännesvuosittain	adverbi	76
tuimasti	adverbi	76
unissaan	adverbi	76
verraten	adverbi	76
epäterveellisesti	adverbi	75
havainnollisesti	adverbi	75
ilmiömäisesti	adverbi	75
kiireettömästi	adverbi	75
kilometreittäin	adverbi	75
kuvallisesti	adverbi	75
piloille	adverbi	75
romanttisesti	adverbi	75
synnynnäisesti	adverbi	75
tuhottomasti	adverbi	75
täälläpäin	adverbi	75
vaistonvaraisesti	adverbi	75
ylimalkaisesti	adverbi	75
geologisesti	adverbi	74
hellävaraisesti	adverbi	74
höröllä	adverbi	74
kouriintuntuvasti	adverbi	74
myötätuntoisesti	adverbi	74
päiväseltään	adverbi	74
salamyhkäisesti	adverbi	74
sievästi	adverbi	74
tälleen	adverbi	74
hiuksenhienosti	adverbi	73
kilpasilla	adverbi	73
sinisilmäisesti	adverbi	73
tanakasti	adverbi	73
tiptop	adverbi	73
hirmuisesti	adverbi	72
hölmösti	adverbi	72
kaavamaisesti	adverbi	72
karmeasti	adverbi	72
koruttomasti	adverbi	72
kylmäpäisesti	adverbi	72
kärjekkäästi	adverbi	72
osapuilleen	adverbi	72
pitkittäin	adverbi	72
päissään	adverbi	72
rikollisesti	adverbi	72
empaattisesti	adverbi	71
enenevästi	adverbi	71
ennakkoluuloisesti	adverbi	71
hienotunteisesti	adverbi	71
itsepäisesti	adverbi	71
notkeasti	adverbi	71
simppelisti	adverbi	71
varkaissa	adverbi	71
viljalti	adverbi	71
erheellisesti	adverbi	70
geopoliittisesti	adverbi	70
hajanaisesti	adverbi	70
heppoisesti	adverbi	70
hillittömästi	adverbi	70
humalapäissään	adverbi	70
ivallisesti	adverbi	70
laumoittain	adverbi	70
likellä	prepositio, postpositio, adverbi	70
mairittelevasti	adverbi	70
mitenkin	adverbi	70
orgaanisesti	adverbi	70
pianissimo	adverbi	70
tasaveroisesti	adverbi	70
verotuksellisesti	adverbi	70
ylenpalttisesti	adverbi	70
hiirenhiljaa	adverbi	69
kuvaannollisesti	adverbi	69
omakätisesti	adverbi	69
suorasti	adverbi	69
suurieleisesti	adverbi	69
takkuisesti	adverbi	69
vastatusten	adverbi	69
alituisesti	adverbi	68
altapäin	adverbi	68
ammollaan	adverbi	68
impulsiivisesti	adverbi	68
linnuntietä	adverbi	68
loisteliaasti	adverbi	68
maissa	adverbi, postpositio	68
missäpäin	adverbi	68
naiivisti	adverbi	68
rehvakkaasti	adverbi	68
röykkiöittäin	adverbi	68
synteettisesti	adverbi	68
tappiollisesti	adverbi	68
tännepäin	adverbi	68
varuilleen	adverbi	68
jaksoittain	adverbi	67
parhaimmin	adverbi	67
ristikkäin	adverbi	67
ykskaks	adverbi	67
entisensä	adverbi	66
harvempaan	adverbi	66
kaihoisasti	adverbi	66
modernisti	adverbi	66
nytten	adverbi	66
näkyvistä	adverbi	66
tasoihin	adverbi	66
hyökkäävästi	adverbi	65
koolle	adverbi	65
tasalle	postpositio, adverbi	65
veroisesti	adverbi	65
vinossa	adverbi	65
yhtäläisesti	adverbi	65
anteliaasti	adverbi	64
armollisesti	adverbi	64
jännästi	adverbi	64
järkyttävästi	adverbi	64
korrektisti	adverbi	64
pikimmin	adverbi	64
pystypäin	adverbi	64
sukkelasti	adverbi	64
syrjemmällä	adverbi	64
viattomasti	adverbi	64
yhtikäs	adverbi	64
yksilökohtaisesti	adverbi	64
epäitsekkäästi	adverbi	63
peräkanaa	adverbi	63
päältäpäin	adverbi	63
yhtäkkisesti	adverbi	63
äkkiarvaamatta	adverbi	63
aamusella	adverbi	62
kokeellisesti	adverbi	62
konservatiivisesti	adverbi	62
mielihyvin	adverbi	62
ominaisesti	adverbi	62
tuhdisti	adverbi	62
voitollisesti	adverbi	62
ylväästi	adverbi	62
huoletta	adverbi	61
jännittävästi	adverbi	61
nykyiselleen	adverbi	61
pohjalaisittain	adverbi	61
sutjakasti	adverbi	61
tähdelle	adverbi	61
vihille	adverbi	61
vitsikkäästi	adverbi	61
alullaan	adverbi	60
fanaattisesti	adverbi	60
kumminkaan	adverbi	60
mielenosoituksellisesti	adverbi	60
näkyvissä	adverbi	60
pakostakin	adverbi	60
puolihuolimattomasti	adverbi	60
suloisesti	adverbi	60
summamutikassa	adverbi	60
vesitse	adverbi	60
viistoon	adverbi	60
ammoin	adverbi	59
hövelisti	adverbi	59
ilkosillaan	adverbi	59
irralleen	adverbi	59
kiehtovasti	adverbi	59
kihloissa	adverbi	59
kitkerästi	adverbi	59
likimainkaan	adverbi	59
miellyttävästi	adverbi	59
nurinkurisesti	adverbi	59
oikopäätä	adverbi	59
ranttaliksi	adverbi	59
retorisesti	adverbi	59
syvemmäksi	adverbi	59
takavasemmalta	adverbi	59
tuottavasti	adverbi	59
ummessa	adverbi	59
vähäeleisesti	adverbi	59
yksinvaltaisesti	adverbi	59
ennätysmäisesti	adverbi	58
hetimmiten	adverbi	58
huoleti	adverbi	58
järeästi	adverbi	58
kontallaan	adverbi	58
nokakkain	adverbi	58
painavasti	adverbi	58
päättömästi	adverbi	58
rattoisasti	adverbi	58
sanottavasti	adverbi	58
sisäkkäin	adverbi	58
suurpiirteisesti	adverbi	58
tunteellisesti	adverbi	58
tuskaisesti	adverbi	58
yltiöpäisesti	adverbi	58
hengissä	adverbi	57
kitkattomasti	adverbi	57
käsikkäin	adverbi	57
litroittain	adverbi	57
nalkkiin	adverbi	57
pohjoisemmas	adverbi	57
teatraalisesti	adverbi	57
kireälle	adverbi	56
kuumasti	adverbi	56
nyreissään	adverbi	56
nääs	adverbi	56
olletikin	adverbi	56
paossa	adverbi	56
sairaasti	adverbi	56
uljaasti	adverbi	56
alateitse	adverbi	55
ilmastollisesti	adverbi	55
kannalta	adverbi, postpositio	55
kuiviin	adverbi	55
lämpimikseen	adverbi	55
nasevasti	adverbi	55
ohuelti	adverbi	55
pelokkaasti	adverbi	55
seutuville	postpositio, adverbi	55
sikeästi	adverbi	55
trendikkäästi	adverbi	55
etäämpänä	adverbi	54
kuivasti	adverbi	54
odottamattomasti	adverbi	54
puolillaan	adverbi	54
päämäärättömästi	adverbi	54
ryppyotsaisesti	adverbi	54
sovinnollisesti	adverbi	54
suhteettomasti	adverbi	54
hajalleen	adverbi	53
lohduttomasti	adverbi	53
lyhytnäköisesti	adverbi	53
maista	adverbi, postpositio	53
navakasti	adverbi	53
paikkeilta	postpositio, adverbi	53
pragmaattisesti	adverbi	53
päiten	adverbi	53
ruumiillisesti	adverbi	53
sujut	adverbi	53
tusinoittain	adverbi	53
epätarkasti	adverbi	52
ihanteellisesti	adverbi	52
iloissaan	adverbi	52
lopuillaan	adverbi	52
nostalgisesti	adverbi	52
päittäin	adverbi	52
ristissä	adverbi	52
tukkanuottasille	adverbi	52
veke	adverbi	52
ehjästi	adverbi	51
järjestään	adverbi	51
keskemmällä	adverbi	51
paksulti	adverbi	51
sammuksissa	adverbi	51
takaviistosta	adverbi	51
tavoittamattomiin	adverbi	51
tiukoille	adverbi	51
tuoreesti	adverbi	51
valloillaan	adverbi	51
varpailla	adverbi	51
alusvaatteisillaan	adverbi	50
epäuskoisesti	adverbi	50
halukkaasti	adverbi	50
jykevästi	adverbi	50
kertaakaan	adverbi	50
kärsimättömästi	adverbi	50
maagisesti	adverbi	50
puolueellisesti	adverbi	50
pyörryksiin	adverbi	50
tuhatkertaisesti	adverbi	50
alakautta	adverbi	49
alentuvasti	adverbi	49
asenteellisesti	adverbi	49
kippurassa	adverbi	49
nopsaan	adverbi	49
ratsailla	adverbi	49
ristiin	adverbi	49
väsymättömästi	adverbi	49
yökylässä	adverbi	49
eestaas	adverbi	48
eloisasti	adverbi	48
ergonomisesti	adverbi	48
eroottisesti	adverbi	48
kallelleen	adverbi	48
kaoottisesti	adverbi	48
kauhuissaan	adverbi	48
kolmestaan	adverbi	48
kunniallisesti	adverbi	48
loppuviimein	adverbi	48
monisanaisesti	adverbi	48
omaperäisesti	adverbi	48
pidättyväisesti	adverbi	48
pilkallisesti	adverbi	48
puheissa	adverbi	48
savolaisittain	adverbi	48
syvältä	adverbi	48
taiturimaisesti	adverbi	48
ulkosalle	adverbi	48
elegantisti	adverbi	47
ilkikurisesti	adverbi	47
letkeästi	adverbi	47
neuvokkaasti	adverbi	47
painuksissa	adverbi	47
saatavilla	adverbi	47
sijoillaan	adverbi	47
sivulla	postpositio, adverbi	47
tuloksekkaasti	adverbi	47
tökerösti	adverbi	47
umpimähkään	adverbi	47
varauksettomasti	adverbi	47
yhtämittaisesti	adverbi	47
ääneti	adverbi	47
ajattelemattomasti	adverbi	46
haikeasti	adverbi	46
ihailtavasti	adverbi	46
jumalattomasti	adverbi	46
jämptisti	adverbi	46
lännempänä	adverbi	46
malttamattomasti	adverbi	46
ongelmallisesti	adverbi	46
presto	adverbi	46
reilassa	adverbi	46
sovittelevasti	adverbi	46
taempana	adverbi	46
todellisesti	adverbi	46
todenmukaisesti	adverbi	46
uuvuksissa	adverbi	46
härkäpäisesti	adverbi	45
ilmaiseksi	adverbi	45
kilpasille	adverbi	45
kiusallisesti	adverbi	45
musikaalisesti	adverbi	45
näkyville	adverbi	45
suhtkoht	adverbi	45
taaemmas	adverbi	45
vajavaisesti	adverbi	45
valloilleen	adverbi	45
vastapäivään	adverbi	45
yksilöittäin	adverbi	45
yksisilmäisesti	adverbi	45
autuaasti	adverbi	44
hilpeästi	adverbi	44
hätäpäissään	adverbi	44
idemmäksi	adverbi	44
keveästi	adverbi	44
miedosti	adverbi	44
näkösälle	adverbi	44
perkeleesti	adverbi	44
rähmälleen	adverbi	44
seuduilla	postpositio, adverbi	44
sivumennen	adverbi	44
vallasta	adverbi, postpositio	44
iäksi	adverbi	43
maukkaasti	adverbi	43
mustasukkaisesti	adverbi	43
myötäisesti	adverbi	43
operatiivisesti	adverbi	43
sallivasti	adverbi	43
taitamattomasti	adverbi	43
tasalta	postpositio, adverbi	43
vankkumattomasti	adverbi	43
ylimalkaan	adverbi	43
ypöyksin	adverbi	43
epäedullisesti	adverbi	42
häpeällisesti	adverbi	42
kieliopillisesti	adverbi	42
koetteilla	adverbi	42
kohollaan	adverbi	42
pakottomasti	adverbi	42
pidättyvästi	adverbi	42
sillensä	adverbi	42
varpailleen	adverbi	42
varpaisillaan	adverbi	42
vastaansanomattomasti	adverbi	42
ylimmäksi	adverbi	42
arvattavasti	adverbi	41
epäurheilijamaisesti	adverbi	41
kurjasti	adverbi	41
lujassa	adverbi	41
maireasti	adverbi	41
mallikelpoisesti	adverbi	41
perimmältään	adverbi	41
raflaavasti	adverbi	41
sanattomasti	adverbi	41
sovinnolla	adverbi	41
säälimättömästi	adverbi	41
yksikantaan	adverbi	41
yksiköittäin	adverbi	41
ylettömästi	adverbi	41
yltäkylläisesti	adverbi	41
ala-arvoisesti	adverbi	40
alimmaksi	adverbi	40
allekkain	adverbi	40
kunnollisesti	adverbi	40
makuulta	adverbi	40
milloinka	adverbi	40
nurkilla	postpositio, adverbi	40
paikalta	adverbi, postpositio	40
perustuslaillisesti	adverbi	40
puuskittain	adverbi	40
ratsain	adverbi	40
seksikkäästi	adverbi	40
tarkkanäköisesti	adverbi	40
uskaliaasti	adverbi	40
vastuuntuntoisesti	adverbi	40
vieraisille	adverbi	40
väkinäisesti	adverbi	40
epärehellisesti	adverbi	39
jäykästi	adverbi	39
kauimmin	adverbi	39
kolmisin	adverbi	39
koomisesti	adverbi	39
kovalla	adverbi	39
kumaraan	adverbi	39
kumolleen	adverbi	39
käsikopelolla	adverbi	39
lännemmäksi	adverbi	39
näät	adverbi	39
piilosilla	adverbi	39
ryhmittäin	adverbi	39
sukkelaan	adverbi	39
sukupuoliteitse	adverbi	39
aurinkoisesti	adverbi	38
dynaamisesti	adverbi	38
harallaan	adverbi	38
himmeästi	adverbi	38
hipihiljaa	adverbi	38
hitosti	adverbi	38
hyväksyttävästi	adverbi	38
kuunaan	adverbi	38
levälleen	adverbi	38
mielekkäästi	adverbi	38
raukkamaisesti	adverbi	38
syyttömästi	adverbi	38
taianomaisesti	adverbi	38
upoksiin	adverbi	38
ehkei	adverbi, kieltoverbi	37
huvikseen	adverbi	37
hygieenisesti	adverbi	37
keväämmälle	adverbi	37
konsa	adverbi	37
likelle	prepositio, postpositio, adverbi	37
muodikkaasti	adverbi	37
nelikätisesti	adverbi	37
nojallaan	adverbi	37
ratsaille	adverbi	37
seisaalleen	adverbi	37
terhakkaasti	adverbi	37
virkeästi	adverbi	37
väsyksissä	adverbi	37
humalahakuisesti	adverbi	36
ihastuksissaan	adverbi	36
isällisesti	adverbi	36
jäätävästi	adverbi	36
kaulakkain	adverbi	36
kaupungeittain	adverbi	36
keralla	postpositio, adverbi	36
käsiksi	adverbi	36
lakkaamatta	adverbi	36
satakertaisesti	adverbi	36
silmiinpistävästi	adverbi	36
sivulle	postpositio, adverbi	36
tyynni	adverbi	36
veikeästi	adverbi	36
vieraisilla	adverbi	36
vikkelään	adverbi	36
vähäisen	adverbi	36
äkäisesti	adverbi	36
huostasta	postpositio, adverbi	35
häveliäästi	adverbi	35
kituliaasti	adverbi	35
lapsellisesti	adverbi	35
nukuksissa	adverbi	35
saapuvilla	adverbi	35
sankarillisesti	adverbi	35
täyteläisesti	adverbi	35
verkalleen	adverbi	35
ajatuksellisesti	adverbi	34
arasti	adverbi	34
epäjohdonmukaisesti	adverbi	34
epätavallisesti	adverbi	34
heleästi	adverbi	34
hellävaroen	adverbi	34
häthätää	adverbi	34
jähmeästi	adverbi	34
jämerästi	adverbi	34
keskeytyksissä	adverbi	34
lähimainkaan	adverbi	34
melodisesti	adverbi	34
myrskyisästi	adverbi	34
numerollisesti	adverbi	34
pinteessä	adverbi	34
rempseästi	adverbi	34
tiessään	adverbi	34
tuottamuksellisesti	adverbi	34
ulompana	adverbi	34
epäinhimillisesti	adverbi	33
eriasteisesti	adverbi	33
identtisesti	adverbi	33
juntturassa	adverbi	33
linjakkaasti	adverbi	33
mietteliäästi	adverbi	33
mukiinmenevästi	adverbi	33
neitseellisesti	adverbi	33
riveittäin	adverbi	33
rytmillisesti	adverbi	33
synkassa	adverbi	33
töykeästi	adverbi	33
veriteitse	adverbi	33
apposen	adverbi	32
epädemokraattisesti	adverbi	32
eteläpuolitse	adverbi	32
happamasti	adverbi	32
iäti	adverbi	32
juntturaan	adverbi	32
jäljempänä	adverbi	32
kertakaikkisesti	adverbi	32
lukossa	adverbi	32
minnekään	adverbi	32
nykyaikaisesti	adverbi	32
ohjelmallisesti	adverbi	32
pökerryksissä	adverbi	32
sattumalta	adverbi	32
seremoniallisesti	adverbi	32
silmätysten	adverbi	32
sivuitse	postpositio, adverbi	32
ulommas	adverbi	32
alkuperäisesti	adverbi	31
edemmäksi	adverbi	31
ennennäkemättömästi	adverbi	31
epätoivoissaan	adverbi	31
heitteillä	adverbi	31
lyyrisesti	adverbi	31
metreittäin	adverbi	31
moderato	adverbi	31
paitahihasillaan	adverbi	31
pitkäkseen	adverbi	31
pyörryksissä	adverbi	31
ruotsalaisittain	adverbi	31
solidaarisesti	adverbi	31
tuskallisesti	adverbi	31
vahingollisesti	adverbi	31
väkivallattomasti	adverbi	31
ylhäälle	adverbi	31
äärettömästi	adverbi	31
ammateittain	adverbi	30
avarakatseisesti	adverbi	30
crescendo	adverbi	30
eespäin	adverbi	30
elämyksellisesti	adverbi	30
enteellisesti	adverbi	30
hatarasti	adverbi	30
hyvänsä	adverbi	30
ihmeesti	adverbi	30
jotensakin	adverbi	30
kiukkuisesti	adverbi	30
liossa	adverbi	30
näkymättömästi	adverbi	30
optisesti	adverbi	30
progressiivisesti	adverbi	30
quasi	adverbi	30
riipaisevasti	adverbi	30
rytyssä	adverbi	30
saatavilta	adverbi	30
sairaalloisesti	adverbi	30
siekailematta	adverbi	30
sivummalta	adverbi	30
subjektiivisesti	adverbi	30
symmetrisesti	adverbi	30
sympaattisesti	adverbi	30
tuusan	adverbi	30
uuvuksiin	adverbi	30
vaativasti	adverbi	30
vastakarvaan	adverbi	30
verissään	adverbi	30
hissuksiin	adverbi	29
höröllään	adverbi	29
idemmäs	adverbi	29
juohevasti	adverbi	29
katkonaisesti	adverbi	29
leikiten	adverbi	29
liberaalisti	adverbi	29
lunkisti	adverbi	29
matalalle	adverbi	29
nautinnollisesti	adverbi	29
pahkaa	adverbi	29
pitkällään	adverbi	29
rikkaasti	adverbi	29
saavuttamattomissa	adverbi	29
suppuun	adverbi	29
syönnillä	adverbi	29
säkeittäin	adverbi*	29
tuohduksissaan	adverbi	29
tyrkylle	adverbi	29
vallankin	adverbi	29
valtaisasti	adverbi	29
vasiten	adverbi	29
vivahteikkaasti	adverbi	29
ainiaaksi	adverbi	28
alakantissa	adverbi	28
alakuloisesti	adverbi	28
anatomisesti	adverbi	28
autoritäärisesti	adverbi	28
avuliaasti	adverbi	28
edempänä	adverbi	28
eläimellisesti	adverbi	28
epävakaasti	adverbi	28
haluttomasti	adverbi	28
hymysuin	adverbi	28
ikimaailmassa	adverbi	28
irvokkaasti	adverbi	28
kerroin	adverbi	28
kiperästi	adverbi	28
kysyvästi	adverbi	28
lytyssä	adverbi	28
mistäpäin	adverbi	28
murhaavasti	adverbi	28
nopsasti	adverbi	28
perheittäin	adverbi	28
summanmutikassa	adverbi	28
surumielisesti	adverbi	28
syksymmälle	adverbi	28
syönnillään	adverbi	28
tarkalla	adverbi	28
tukkoon	adverbi	28
tunteettomasti	adverbi	28
vireästi	adverbi	28
väistämättömästi	adverbi	28
ylimmilleen	adverbi	28
enimmän	adverbi	27
hajareisin	adverbi	27
hydraulisesti	adverbi	27
inhottavasti	adverbi	27
jouheasti	adverbi	27
kontalleen	adverbi	27
mihinkä	adverbi	27
millänsäkään	adverbi	27
myöhempään	adverbi	27
ohraisesti	adverbi	27
reteästi	adverbi	27
sattuvasti	adverbi	27
suunnittelemattomasti	adverbi	27
vedenpitävästi	adverbi	27
viekkaasti	adverbi	27
viihteellisesti	adverbi	27
voimaperäisesti	adverbi	27
väsyksiin	adverbi	27
yhdesti	adverbi	27
yleismaailmallisesti	adverbi	27
analogisesti	adverbi	26
kevytmielisesti	adverbi	26
kiloittain	adverbi	26
kovakätisesti	adverbi	26
kurittomasti	adverbi	26
kuutioittain	adverbi	26
maate	adverbi	26
moraalittomasti	adverbi	26
perättömästi	adverbi	26
provokatiivisesti	adverbi	26
pullolleen	adverbi	26
rautaisesti	adverbi	26
rehevästi	adverbi	26
saapuville	adverbi	26
tuonnemmas	adverbi	26
tyylisesti	adverbi	26
umpimähkäisesti	adverbi	26
veks	adverbi	26
autoritaarisesti	adverbi	25
hektisesti	adverbi	25
hyödyllisesti	adverbi	25
hämäläisittäin	adverbi	25
häpeämättömästi	adverbi	25
ilmeikkäästi	adverbi	25
julkeasti	adverbi	25
järkiperäisesti	adverbi	25
kunnioitettavasti	adverbi	25
käheästi	adverbi	25
lähetysten	adverbi	25
lähimailla	adverbi, postpositio	25
nyrpeästi	adverbi	25
näkyviin	adverbi	25
rutosti	adverbi	25
seudulla	postpositio, adverbi	25
tainnoksiin	adverbi	25
ulkonaisesti	adverbi	25
verkkaan	adverbi	25
verrattomasti	adverbi	25
vetävästi	adverbi	25
viitteellisesti	adverbi	25
vivace	adverbi	25
vuosineljänneksittäin	adverbi	25
vängällä	adverbi	25
yksittäisesti	adverbi	25
äkikseltään	adverbi	25
aistikkaasti	adverbi	24
hienostuneesti	adverbi	24
järkähtämättömästi	adverbi	24
kauimpaa	adverbi	24
kirkollisesti	adverbi	24
liialti	adverbi	24
livohkaan	adverbi	24
lyhytjänteisesti	adverbi	24
nykyjään	adverbi	24
näännyksiin	adverbi	24
pidäkkeettömästi	adverbi	24
pitkälleen	adverbi	24
rempalleen	adverbi	24
runsaslukuisesti	adverbi	24
rähmällään	adverbi	24
suvuttomasti	adverbi	24
säädyllisesti	adverbi	24
säästäväisesti	adverbi	24
söpösti	adverbi	24
taidehistoriallisesti	adverbi	24
tohjoksi	adverbi	24
väkisellä	adverbi	24
ammolleen	adverbi	23
edustavasti	adverbi	23
eksyksiin	adverbi	23
elimellisesti	adverbi	23
epidemiologisesti	adverbi	23
etevästi	adverbi	23
ihmismäisesti	adverbi	23
julmetusti	adverbi	23
juonellisesti	adverbi	23
kohdakkain	adverbi	23
lahjakkaasti	adverbi	23
löperösti	adverbi	23
meikäläisittäin	adverbi	23
muhkeasti	adverbi	23
nenäkkäin	adverbi	23
omapäisesti	adverbi	23
päistikkaa	adverbi	23
rauhattomasti	adverbi	23
runsaskätisesti	adverbi	23
siedettävästi	adverbi	23
sinuksi	adverbi	23
sirrillään	adverbi	23
suvaitsevaisesti	adverbi	23
takavasemmalla	adverbi	23
tavoittamattomissa	adverbi	23
työläästi	adverbi	23
valloittavasti	adverbi	23
vuorovaikutteisesti	adverbi	23
alalleen	adverbi	22
arveluttavasti	adverbi	22
epäsuotuisasti	adverbi	22
huitsin	adverbi	22
joutuin	adverbi	22
kelteisillään	adverbi	22
köykäisesti	adverbi	22
likemmäs	prepositio, adverbi	22
lysyssä	adverbi	22
läntässä	adverbi	22
maar	adverbi	22
nurkille	postpositio, adverbi	22
omintakeisesti	adverbi	22
paljasjaloin	adverbi	22
peitellysti	adverbi	22
pilalle	adverbi	22
sadistisesti	adverbi	22
seisoalleen	adverbi	22
suosiollisesti	adverbi	22
säällisesti	adverbi	22
tahdikkaasti	adverbi	22
todesta	adverbi	22
varkaista	adverbi	22
veljellisesti	adverbi	22
vinottain	adverbi	22
armeliaasti	adverbi	21
etäämpää	adverbi	21
hervottomasti	adverbi	21
iankaikkisesti	adverbi	21
ihailevasti	adverbi	21
ilmatiiviisti	adverbi	21
ilmeettömästi	adverbi	21
juonikkaasti	adverbi	21
kahdenkeskisesti	adverbi	21
kireästi	adverbi	21
kulmittain	adverbi	21
kuohuksissa	adverbi	21
kymmenesti	adverbi	21
lamassa	adverbi	21
lipettiin	adverbi	21
luontojaan	adverbi	21
läjittäin	adverbi	21
merkillisesti	adverbi	21
pahimmilleen	adverbi	21
petollisesti	adverbi	21
pikapuolin	adverbi	21
päivänselvästi	adverbi	21
syrjässä	adverbi	21
tietoteknisesti	adverbi	21
touhukkaasti	adverbi	21
tuhannesti	adverbi	21
vaillinaisesti	adverbi	21
vapaamielisesti	adverbi	21
varpaille	adverbi	21
varuiksi	adverbi	21
yliolkaisesti	adverbi	21
byrokraattisesti	adverbi	20
epänormaalisti	adverbi	20
etuperin	adverbi	20
etuviistoon	adverbi	20
hajamielisesti	adverbi	20
hermostuksissaan	adverbi	20
hurmaavasti	adverbi	20
hämmennyksissään	adverbi	20
häävisti	adverbi	20
istualleen	adverbi	20
jäntevästi	adverbi	20
kainosti	adverbi	20
kontillaan	adverbi	20
kovassa	adverbi	20
kunnossa	adverbi	20
kyykyssä	adverbi	20
kyyryyn	adverbi	20
moitittavasti	adverbi	20
naisellisesti	adverbi	20
puheisiin	adverbi	20
pyhästi	adverbi	20
päikseen	adverbi	20
romahdusmaisesti	adverbi	20
suutuksissaan	adverbi	20
tiukalle	adverbi	20
turhanpäiten	adverbi	20
turvoksiin	adverbi	20
täpötäyteen	adverbi	20
täydesti	adverbi	20
vastenmielisesti	adverbi	20
vihoissaan	adverbi	20
virolaisittain	adverbi	20
yläkautta	adverbi	20
ympäripäissään	adverbi	20
ämpäreittäin	adverbi	20
allegretto	adverbi, substantiivi	19
ankeasti	adverbi	19
epävireisesti	adverbi	19
hamassa	adverbi	19
havaittavasti	adverbi	19
hippasilla	adverbi	19
interaktiivisesti	adverbi	19
kapoittain	adverbi	19
kerrallaan	adverbi	19
kiihdyksissä	adverbi	19
kiukuspäissään	adverbi	19
kokemusperäisesti	adverbi	19
korkealta	adverbi	19
kyyryssä	adverbi	19
likeltä	prepositio, postpositio, adverbi	19
liukuvasti	adverbi	19
nuhteettomasti	adverbi	19
nuukasti	adverbi	19
paljolta	adverbi	19
piikikkäästi	adverbi	19
piruuttaan	adverbi	19
räiskyvästi	adverbi	19
sielläpäin	adverbi	19
silminnähtävästi	adverbi	19
siveellisesti	adverbi	19
somasti	adverbi	19
tekeille	adverbi	19
tilttiin	adverbi	19
vankkumatta	adverbi	19
vasemmistolaisesti	adverbi	19
ylellisesti	adverbi	19
ajanmukaisesti	adverbi	18
draamallisesti	adverbi	18
ehken	adverbi, kieltoverbi	18
epätodennäköisesti	adverbi	18
etäämmäs	adverbi	18
finito	adverbi	18
helkkaristi	adverbi	18
hilkulle	adverbi	18
konemaisesti	adverbi	18
kuolemanvakavasti	adverbi	18
kylmäkiskoisesti	adverbi	18
maarin	adverbi	18
molemminpuolisesti	adverbi	18
nalkissa	adverbi	18
narsistisesti	adverbi	18
näpsäkästi	adverbi	18
pikaistuksissaan	adverbi	18
pikapuoliin	adverbi	18
pisteliäästi	adverbi	18
plastisesti	adverbi	18
polikliinisesti	adverbi	18
ritirinnan	adverbi	18
suruttomasti	adverbi	18
suvuittain	adverbi	18
tiukkapipoisesti	adverbi	18
uppeluksiin	adverbi	18
vanhemmuuttaan	adverbi	18
viettelevästi	adverbi	18
abstraktisti	adverbi	17
ajassaan	adverbi	17
alinomaa	adverbi	17
aneemisesti	adverbi	17
askeettisesti	adverbi	17
ensiluokkaisesti	adverbi	17
epäkohteliaasti	adverbi	17
hakusassa	adverbi	17
hypnoottisesti	adverbi	17
käsitteellisesti	adverbi	17
liikuttavasti	adverbi	17
lojaalisti	adverbi	17
maastoitse	adverbi	17
perhanasti	adverbi	17
peräänantamattomasti	adverbi	17
pilalla	adverbi	17
pulskasti	adverbi	17
purevasti	adverbi	17
radioteitse	adverbi	17
raukeasti	adverbi	17
riuskasti	adverbi	17
ryttyyn	adverbi	17
räkäisesti	adverbi	17
sisäkautta	adverbi	17
sopimusteitse	adverbi	17
staattisesti	adverbi	17
suurenmoisesti	adverbi	17
syrjällään	adverbi	17
tietokoneavusteisesti	adverbi	17
tiheässä	adverbi	17
toivottomasti	adverbi	17
tulkinnanvaraisesti	adverbi	17
täysivaltaisesti	adverbi	17
yritteliäästi	adverbi	17
äkeissään	adverbi	17
amatöörimäisesti	adverbi	16
apeasti	adverbi	16
avomielisesti	adverbi	16
epäloogisesti	adverbi	16
eriskummallisesti	adverbi	16
harhateillä	adverbi	16
hämmennyksiin	adverbi	16
iskevästi	adverbi	16
itäpuolitse	adverbi	16
kahtaalle	adverbi	16
kannalle	adverbi, postpositio	16
katumapäällä	adverbi	16
kauimmaksi	adverbi	16
kesäisesti	adverbi	16
loitommas	adverbi	16
maestoso	adverbi	16
myöhälle	adverbi	16
nautittavasti	adverbi	16
neljästään	adverbi	16
nenätysten	adverbi	16
privaatisti	adverbi	16
puolilleen	adverbi	16
pääksytysten	adverbi	16
sensitiivisesti	adverbi	16
sesonkiluonteisesti	adverbi	16
sisemmälle	adverbi	16
teitse	adverbi	16
tyytyväisesti	adverbi	16
uloimpana	adverbi	16
vek	adverbi	16
veltosti	adverbi	16
viimeiseksi	adverbi	16
avokäsin	adverbi	15
edistyksellisesti	adverbi	15
empiirisesti	adverbi	15
eriaikaisesti	adverbi	15
foneettisesti	adverbi	15
ikävissään	adverbi	15
kaput	adverbi	15
kerkeästi	adverbi	15
kirpeästi	adverbi	15
kukkuroillaan	adverbi	15
kyykkyyn	adverbi	15
kännipäissään	adverbi	15
lahjomattomasti	adverbi	15
minnekä	adverbi	15
nelistään	adverbi	15
nokatusten	adverbi	15
nähtäville	adverbi	15
pahimmoilleen	adverbi	15
portaattomasti	adverbi	15
puolivillaisesti	adverbi	15
rinnatusten	adverbi	15
salakähmäisesti	adverbi	15
sijoille	adverbi	15
sotkuun	adverbi	15
sumeilematta	adverbi	15
summittain	adverbi	15
tapaisesti	adverbi	15
teloilla	adverbi	15
tervemenoa	adverbi	15
tärkeästi	adverbi	15
ulommaksi	adverbi	15
unohtumattomasti	adverbi	15
viistosta	adverbi	15
väsyneesti	adverbi	15
ajattomasti	adverbi	14
alvariinsa	adverbi	14
epämiellyttävästi	adverbi	14
epämuodollisesti	adverbi	14
epärealistisesti	adverbi	14
fundamentaalisesti	adverbi	14
hukuksiin	adverbi	14
huomaavaisesti	adverbi	14
hävyttömästi	adverbi	14
ihmisläheisesti	adverbi	14
iltasella	adverbi	14
irrationaalisesti	adverbi	14
istuallaan	adverbi	14
istuvilla	adverbi	14
karrella	adverbi	14
kiihdyksiin	adverbi	14
kodikkaasti	adverbi	14
kristillisesti	adverbi	14
kussa	adverbi	14
kyljittäin	adverbi	14
käsissä	adverbi	14
läkähdyksiin	adverbi	14
lännemmäs	adverbi	14
makuulla	adverbi	14
metsänhoidollisesti	adverbi	14
mukaansatempaavasti	adverbi	14
näännyksissä	adverbi	14
pahki	adverbi	14
syrjempään	adverbi	14
syvässä	adverbi	14
syvästä	adverbi	14
säyseästi	adverbi	14
tekopyhästi	adverbi	14
tietävästi	adverbi	14
tietääkseen	adverbi	14
täpösen	adverbi	14
yleispätevästi	adverbi	14
aerodynaamisesti	adverbi	13
alekkain	adverbi	13
entäpäs	adverbi	13
epäsymmetrisesti	adverbi	13
etuviistosta	adverbi	13
fysikaalisesti	adverbi	13
helläkätisesti	adverbi	13
hippasille	adverbi	13
häikäilemättä	adverbi	13
idempää	adverbi	13
istuville	adverbi	13
järjellisesti	adverbi	13
karskisti	adverbi	13
kirjanpidollisesti	adverbi	13
koristeellisesti	adverbi	13
laossa	adverbi	13
lapsenomaisesti	adverbi	13
luonnikkaasti	adverbi	13
lyhykäisesti	adverbi	13
maailmanhistoriallisesti	adverbi	13
matalalta	adverbi	13
monisatakertaisesti	adverbi	13
monotonisesti	adverbi	13
muikeasti	adverbi	13
mukiin	adverbi	13
otollisesti	adverbi	13
pitkäjännitteisesti	adverbi	13
poies	adverbi	13
polviltaan	adverbi	13
pyhäisin	adverbi	13
pötkölleen	adverbi	13
rasittavasti	adverbi	13
riemuisasti	adverbi	13
seutuvilta	postpositio, adverbi	13
sielukkaasti	adverbi	13
silmäkkäin	adverbi	13
syrjempänä	adverbi	13
sävyisästi	adverbi	13
taivasalta	adverbi	13
tanaan	adverbi	13
tohjona	adverbi	13
tunneperäisesti	adverbi	13
tuottoisasti	adverbi	13
unenpöpperössä	adverbi	13
varkaisiin	adverbi	13
viehättävästi	adverbi	13
vuorokausittain	adverbi	13
ynseästi	adverbi	13
äkkipikaisesti	adverbi	13
alusvaatteisilleen	adverbi	12
antaumuksellisesti	adverbi	12
epäluotettavasti	adverbi	12
epäystävällisesti	adverbi	12
globaalisesti	adverbi	12
hedelmällisesti	adverbi	12
huisin	adverbi	12
isänmaallisesti	adverbi	12
jetsulleen	adverbi	12
karheasti	adverbi	12
kasuaalisti	adverbi	12
kaukonäköisesti	adverbi	12
kesysti	adverbi	12
koukussa	adverbi	12
kulmikkaasti	adverbi	12
kumeasti	adverbi	12
kunne	adverbi	12
kuuluvilta	adverbi	12
leikinomaisesti	adverbi	12
luimussa	adverbi	12
läpikotaisesti	adverbi	12
paljaaltaan	adverbi	12
pilanpäiten	adverbi	12
päivemmällä	adverbi	12
reilaan	adverbi	12
rosoisesti	adverbi	12
saatanasti	adverbi	12
saataville	adverbi	12
saatille	adverbi	12
sarjoittain	adverbi	12
sassiin	adverbi	12
sikamaisesti	adverbi	12
sivullepäin	adverbi	12
sotkussa	adverbi	12
sukupuolisesti	adverbi	12
sylityksin	adverbi	12
syrjemmäksi	adverbi	12
syrjäsilmällä	adverbi	12
tapauksittain	adverbi	12
tasajalkaa	adverbi	12
tavanmukaisesti	adverbi	12
tuhkatiheään	adverbi	12
vallankumouksellisesti	adverbi	12
vähittäin	adverbi	12
välähdyksittäin	adverbi	12
yleistajuisesti	adverbi	12
yläkantissa	adverbi	12
aalloittain	adverbi	11
alkeellisesti	adverbi	11
eksaktisti	adverbi	11
enimmälti	adverbi	11
epätarkoituksenmukaisesti	adverbi	11
epätäsmällisesti	adverbi	11
eritasoisesti	adverbi	11
haudanvakavasti	adverbi	11
hukkateillä	adverbi	11
joutessaan	adverbi	11
juovuspäissään	adverbi	11
kammottavasti	adverbi	11
kauimmas	adverbi	11
kavalasti	adverbi	11
keväisesti	adverbi	11
kuultavasti	adverbi	11
käsille	adverbi	11
laimin	adverbi	11
luimuun	adverbi	11
luonteenomaisesti	adverbi	11
lupsakkaasti	adverbi	11
lysyyn	adverbi	11
länsimaisesti	adverbi	11
makuulle	adverbi	11
mehukkaasti	adverbi	11
metaforisesti	adverbi	11
mittaamattomasti	adverbi	11
naftisti	adverbi	11
ohimenevästi	adverbi	11
oikukkaasti	adverbi	11
opettavaisesti	adverbi	11
opillisesti	adverbi	11
pahimmoillaan	adverbi	11
puolinukuksissa	adverbi	11
pyhisin	adverbi	11
päiväkirurgisesti	adverbi	11
ravakasti	adverbi	11
remakasti	adverbi	11
saakelisti	adverbi	11
selällään	adverbi	11
suvaitsevasti	adverbi	11
syrjemmältä	adverbi	11
talviteloilta	adverbi	11
tottelevaisesti	adverbi	11
toverillisesti	adverbi	11
tuskattomasti	adverbi	11
uppeluksissa	adverbi	11
vallalla	adverbi	11
vallitsevasti	adverbi	11
vitkaan	adverbi	11
välitse	postpositio, adverbi	11
aavemaisesti	adverbi	10
alhaisesti	adverbi	10
andantino	adverbi, substantiivi	10
edempää	adverbi	10
epätäydellisesti	adverbi	10
erityyppisesti	adverbi	10
eteerisesti	adverbi	10
hellävaroin	adverbi	10
helpottuneesti	adverbi	10
häijysti	adverbi	10
idempänä	adverbi	10
istuvilta	adverbi	10
itsekeskeisesti	adverbi	10
jäljestäpäin	adverbi	10
kaarevasti	adverbi	10
kierosti	adverbi	10
kiikkiin	adverbi	10
kolkosti	adverbi	10
lamaan	adverbi	10
latteasti	adverbi	10
leveälti	adverbi	10
liikkuvasti	adverbi	10
loitommaksi	adverbi	10
lujaan	adverbi	10
lukuisasti	adverbi	10
lähimpää	adverbi	10
mezzoforte	adverbi	10
minnepäin	adverbi	10
nelinkontin	adverbi	10
nojalleen	adverbi	10
nyreästi	adverbi	10
näkymättömissä	adverbi	10
oikeammin	adverbi	10
räävittömästi	adverbi	10
seisahduksissa	adverbi	10
sivummas	adverbi	10
supullaan	adverbi	10
suutuksissa	adverbi	10
syntyisin	adverbi	10
taiturillisesti	adverbi	10
taukoamatta	adverbi	10
tolalleen	adverbi	10
tyylinmukaisesti	adverbi	10
täältäpäin	adverbi	10
ulosottoteitse	adverbi	10
valaehtoisesti	adverbi	10
viehkosti	adverbi	10
vinksalleen	adverbi	10
vuoroittain	adverbi	10
yhtäpitävästi	adverbi	10
absurdisti	adverbi	9
alaviistossa	adverbi	9
alulla	adverbi	9
bänks	adverbi, substantiivi	9
elastisesti	adverbi	9
elävältä	adverbi	9
epäpuhtaasti	adverbi	9
epäterveesti	adverbi	9
esitteillä	adverbi	9
etuoikealla	adverbi	9
fiktiivisesti	adverbi	9
fortissimo	adverbi	9
halpamaisesti	adverbi	9
hempeästi	adverbi	9
hippasen	adverbi	9
huomenissa	adverbi	9
huorin	adverbi	9
hurskaasti	adverbi	9
hyväuskoisesti	adverbi	9
ihastuttavasti	adverbi	9
ikänä	adverbi	9
irtonaisesti	adverbi	9
istualta	adverbi	9
jumalaisesti	adverbi	9
juoksujalkaa	adverbi	9
järjesteillä	adverbi	9
kaksittain	adverbi	9
kaunopuheisesti	adverbi	9
kerralla	adverbi	9
keskempänä	adverbi	9
keskinäisesti	adverbi	9
kieppeissä	postpositio, adverbi	9
kiihdyksissään	adverbi	9
kippuraan	adverbi	9
kokeneesti	adverbi	9
konsaan	adverbi	9
kouristuksenomaisesti	adverbi	9
kuiviltaan	adverbi	9
kurin	adverbi	9
likeisesti	adverbi	9
linttaan	adverbi	9
loitompana	adverbi	9
lämpöisesti	adverbi	9
lääpällään	adverbi	9
mielikseen	adverbi	9
mitenkuten	adverbi	9
mutkikkaasti	adverbi	9
nipuittain	adverbi	9
nurjasti	adverbi	9
nykäyksittäin	adverbi	9
näkösältä	adverbi	9
olevinaan	adverbi	9
omalaatuisesti	adverbi	9
paraillaan	adverbi	9
pelkurimaisesti	adverbi	9
penteleesti	adverbi	9
pirullisesti	adverbi	9
poikamaisesti	adverbi	9
poskettomasti	adverbi	9
pulloittain	adverbi	9
pökerryksiin	adverbi	9
ripirinnan	adverbi	9
salaan	adverbi	9
salavihkaa	adverbi	9
sieltäpäin	adverbi	9
simultaanisti	adverbi	9
sisemmäksi	adverbi	9
sivuittain	adverbi	9
syrjemmäs	adverbi	9
säteittäin	adverbi	9
taaimpana	adverbi	9
tanhuvilla	postpositio, adverbi	9
tilavasti	adverbi	9
todesti	adverbi	9
todisteellisesti	adverbi	9
tosikkomaisesti	adverbi	9
tunnontarkasti	adverbi	9
tuonnepäin	adverbi	9
tympeästi	adverbi	9
tyyten	adverbi	9
ulkokohtaisesti	adverbi	9
vaaterissa	adverbi	9
vainen	adverbi	9
vaitonaisesti	adverbi	9
vallattomasti	adverbi	9
vieraanvaraisesti	adverbi	9
vihillä	adverbi	9
viinapäissään	adverbi	9
välttämättömästi	adverbi	9
äidillisesti	adverbi	9
äkkijyrkästi	adverbi	9
äkkipäätä	adverbi	9
aakkosittain	adverbi	8
alassuin	adverbi	8
anarkistisesti	adverbi	8
arvatenkaan	adverbi	8
arvostelevasti	adverbi	8
eksoottisesti	adverbi	8
eksplisiittisesti	adverbi	8
epähuomiossa	adverbi	8
epäsovinnaisesti	adverbi	8
erimielisesti	adverbi	8
eripuraisesti	adverbi	8
flegmaattisesti	adverbi	8
geometrisesti	adverbi	8
hengettömästi	adverbi	8
henkevästi	adverbi	8
ilkosilleen	adverbi	8
ilmoitse	adverbi	8
itsetietoisesti	adverbi	8
joutessa	adverbi	8
kappaleittain	adverbi	8
kiukuissaan	adverbi	8
kuohuksiin	adverbi	8
kusta	adverbi	8
laikuittain	adverbi	8
leppeästi	adverbi	8
luonnottomasti	adverbi	8
lystikkäästi	adverbi	8
länsipuolitse	postpositio, adverbi	8
magneettisesti	adverbi	8
mauttomasti	adverbi	8
mehevästi	adverbi	8
mielenterveydellisesti	adverbi	8
monituhatkertaisesti	adverbi	8
muuanne	adverbi	8
myöntyvästi	adverbi	8
omiansa	adverbi	8
otaksuttavasti	adverbi	8
paikaltaan	adverbi	8
piloillaan	adverbi	8
pitkämielisesti	adverbi	8
pohjattomasti	adverbi	8
pohjoisempaa	adverbi	8
radioitse	adverbi	8
riitaisesti	adverbi	8
rämäpäisesti	adverbi	8
saavuttamattomiin	adverbi	8
seisoaltaan	adverbi	8
seisovilla	adverbi	8
sekasortoisesti	adverbi	8
sietämättömästi	adverbi	8
siltään	adverbi	8
simona	adverbi	8
sisimmältään	adverbi	8
siveettömästi	adverbi	8
suurellisesti	adverbi	8
sylitysten	adverbi	8
tahdittomasti	adverbi	8
talviteloillaan	adverbi	8
tarkalle	adverbi	8
tarkoituksettomasti	adverbi	8
tuhmasti	adverbi	8
tynnyreittäin	adverbi	8
täysitehoisesti	adverbi	8
törrölle	adverbi	8
vahingoniloisesti	adverbi	8
vakaumuksellisesti	adverbi	8
vastakkaisesti	adverbi	8
voitonriemuisesti	adverbi	8
vuosiluokittain	adverbi	8
ymmälle	adverbi	8
aistillisesti	adverbi	7
alttiisti	adverbi	7
antoisasti	adverbi	7
ekonomisesti	adverbi	7
enimmältään	adverbi	7
epäkypsästi	adverbi	7
finis	adverbi	7
herttaisesti	adverbi	7
hikipäissään	adverbi	7
hukuksissa	adverbi	7
idioottimaisesti	adverbi	7
implisiittisesti	adverbi	7
inessä	adverbi	7
innostuksissaan	adverbi	7
innottomasti	adverbi	7
jylhästi	adverbi	7
kasvotuksin	adverbi	7
kierteisesti	adverbi	7
kimeästi	adverbi	7
korskeasti	adverbi	7
kosteasti	adverbi	7
kuumissaan	adverbi	7
lappeelleen	adverbi	7
likimäärin	adverbi	7
lujalla	adverbi	7
lupsakasti	adverbi	7
mieliksi	adverbi	7
mieluisasti	adverbi	7
mikroskooppisesti	adverbi	7
näes	adverbi	7
nähkääs	adverbi	7
näkyviltä	adverbi	7
paikoiltaan	adverbi	7
paloittain	adverbi	7
porvarillisesti	adverbi	7
proosallisesti	adverbi	7
psykoottisesti	adverbi	7
puolikuoliaaksi	adverbi	7
puuduksissa	adverbi	7
pörhöllä	adverbi	7
raisusti	adverbi	7
ratsailta	adverbi	7
riemurinnoin	adverbi	7
selväpiirteisesti	adverbi	7
sisemmäs	adverbi	7
sivultapäin	adverbi	7
sojossa	adverbi	7
sotkusta	adverbi	7
sovinistisesti	adverbi	7
steriilisti	adverbi	7
suomalaisesti	adverbi	7
syrjempää	adverbi	7
systeemisesti	adverbi	7
talviteloilleen	adverbi	7
tasaan	postpositio, adverbi	7
teennäisesti	adverbi	7
terhakasti	adverbi	7
tunteenomaisesti	adverbi	7
tuohduksissa	adverbi	7
törröllään	adverbi	7
urbaanisti	adverbi	7
vaineskaan	adverbi	7
vallalle	adverbi	7
vastaavanlaisesti	adverbi	7
viihtyisästi	adverbi	7
värikylläisesti	adverbi	7
yhtaikaisesti	adverbi	7
yksinomaisesti	adverbi	7
ylisummaan	adverbi	7
yltäkyllin	adverbi	7
ahdistuneesti	adverbi	6
alun	adverbi	6
apropoo	adverbi	6
askelittain	adverbi	6
avopäin	adverbi	6
avuttomasti	adverbi	6
diktatorisesti	adverbi	6
diminuendo	adverbi	6
dogmaattisesti	adverbi	6
eheästi	adverbi	6
ekumeenisesti	adverbi	6
epäsiististi	adverbi	6
epäsuhtaisesti	adverbi	6
epäyhtenäisesti	adverbi	6
etäämmäksi	adverbi	6
fatalistisesti	adverbi	6
harhassa	adverbi	6
hintsusti	adverbi	6
hohdokkaasti	adverbi	6
hullunkurisesti	adverbi	6
hupaisasti	adverbi	6
ineen	adverbi	6
innoissaan	adverbi	6
istuviltaan	adverbi	6
jamassa	adverbi	6
juovuksiin	adverbi	6
jyhkeästi	adverbi	6
järkkymättömästi	adverbi	6
kehuttavasti	adverbi	6
keskeytyksiin	adverbi	6
kiintoisasti	adverbi	6
kimakasti	adverbi	6
koetteille	adverbi	6
kotosalle	adverbi	6
kukkurallaan	adverbi	6
kuninkaallisesti	adverbi	6
kuuroittain	adverbi	6
kyykyllään	adverbi	6
käänteentekevästi	adverbi	6
köyhästi	adverbi	6
lainkaan	adverbi	6
laulavasti	adverbi	6
lähemmä	prepositio, adverbi	6
lännempää	adverbi	6
maalauksellisesti	adverbi	6
melankolisesti	adverbi	6
metodisesti	adverbi	6
mielipuolisesti	adverbi	6
monimielisesti	adverbi	6
moukkamaisesti	adverbi	6
mynkään	adverbi	6
paatoksellisesti	adverbi	6
pahanlaisesti	adverbi	6
parittain	adverbi	6
pitkällä	adverbi	6
prameasti	adverbi	6
puolinaisesti	adverbi	6
pörhöllään	adverbi	6
riivatusti	adverbi	6
runsaiten	adverbi	6
sentimentaalisesti	adverbi	6
sitkaasti	adverbi	6
siveästi	adverbi	6
sivumpaan	adverbi	6
suutuksiin	adverbi	6
suvullisesti	adverbi	6
särmikkäästi	adverbi	6
taikauskoisesti	adverbi	6
takaperoisesti	adverbi	6
tasapaksusti	adverbi	6
terävänäköisesti	adverbi	6
toimeliaasti	adverbi	6
tuiterissa	adverbi	6
tukalasti	adverbi	6
täydelleen	adverbi	6
ulkosalta	adverbi	6
uneliaasti	adverbi	6
uraauurtavasti	adverbi	6
vaikeaselkoisesti	adverbi	6
valjusti	adverbi	6
vanhoillisesti	adverbi	6
viehkeästi	adverbi	6
virkateitse	adverbi	6
virtanaan	adverbi	6
vuodenajoittain	adverbi	6
vuolassanaisesti	adverbi	6
yhtäälle	adverbi	6
yhäti	adverbi	6
yksilökeskeisesti	adverbi	6
ainiaan	adverbi	5
alamaihin	adverbi	5
allegorisesti	adverbi	5
annoksittain	adverbi	5
aseistariisuvasti	adverbi	5
banaalisti	adverbi	5
edesvastuuttomasti	adverbi	5
epäluonnollisesti	adverbi	5
epämieluisasti	adverbi	5
epäsuomalaisesti	adverbi	5
esikuvallisesti	adverbi	5
hellittämättömästi	adverbi	5
helppotajuisesti	adverbi	5
himokkaasti	adverbi	5
huimaavasti	adverbi	5
huumorintajuisesti	adverbi	5
höllästi	adverbi	5
hörölleen	adverbi	5
ilottomasti	adverbi	5
juoheasti	adverbi	5
kahtaalla	adverbi	5
kaikenkattavasti	adverbi	5
kansanvaltaisesti	adverbi	5
kanttuvei	adverbi	5
kelvottomasti	adverbi	5
kenollaan	adverbi	5
keskemmältä	adverbi	5
keskemmäs	adverbi	5
koetteella	adverbi	5
koholleen	adverbi	5
kokeeksi	adverbi	5
koleasti	adverbi	5
kolmia	adverbi	5
kunniattomasti	adverbi	5
kylkimyyryä	adverbi	5
kyykkysillään	adverbi	5
kyykystä	adverbi	5
lappeellaan	adverbi	5
lemmekkäästi	adverbi	5
lentopostitse	adverbi	5
lerpallaan	adverbi	5
lokoisasti	adverbi	5
loppumattomasti	adverbi	5
lujalle	adverbi	5
lurpallaan	adverbi	5
lähimpänä	prepositio, postpositio, adverbi	5
läpitunkevasti	adverbi	5
masokistisesti	adverbi	5
myrkyllisesti	adverbi	5
naurettavasti	adverbi	5
nokittain	adverbi	5
nuorekkaasti	adverbi	5
näpäkästi	adverbi	5
olletikaan	adverbi	5
oudokseltaan	adverbi	5
pahansuovasti	adverbi	5
palvovasti	adverbi	5
parastaikaa	adverbi	5
parvittain	adverbi	5
peremmällä	adverbi	5
piloilla	adverbi	5
piupaut	adverbi	5
pohjimmaltaan	adverbi	5
poleemisesti	adverbi	5
porrasteisesti	adverbi	5
primitiivisesti	adverbi	5
puolivirallisesti	adverbi	5
puuskittaisesti	adverbi	5
pöpperössä	adverbi	5
retuperällä	adverbi	5
ritarillisesti	adverbi	5
sadasti	adverbi	5
salavihkaisesti	adverbi	5
sisemmällä	adverbi	5
sisimmältä	adverbi	5
soinnikkaasti	adverbi	5
sotilaspoliittisesti	adverbi	5
sulokkaasti	adverbi	5
supulla	adverbi	5
suvereenisesti	adverbi	5
syksymmäksi	adverbi	5
syksympänä	adverbi	5
syntyään	adverbi	5
sähkeitse	adverbi	5
säteittäisesti	adverbi	5
tainnuksissa	adverbi	5
tajuttomasti	adverbi	5
tiltissä	adverbi	5
tonaalisesti	adverbi	5
traditionaalisesti	adverbi	5
tunkeilevasti	adverbi	5
tunnustuksellisesti	adverbi	5
turkasesti	adverbi	5
tuskaisasti	adverbi	5
tutkivasti	adverbi	5
tyttömäisesti	adverbi	5
töröllään	adverbi	5
uimasilleen	adverbi	5
ulkokautta	adverbi	5
uppiniskaisesti	adverbi	5
vaateriin	adverbi	5
valinnaisesti	adverbi	5
vallankaan	adverbi	5
vauraasti	adverbi	5
verkkaisasti	adverbi	5
vihoviimein	adverbi	5
vinkeästi	adverbi	5
viritteille	adverbi	5
viturallaan	adverbi	5
väijyksissä	adverbi	5
väistyvästi	adverbi	5
väläyksittäin	adverbi	5
yksiviivaisesti	adverbi	5
äreissään	adverbi	5
äreästi	adverbi	5
alemma	adverbi	4
alkuunkaan	adverbi	4
ammolla	adverbi	4
anteeksiantamattomasti	adverbi	4
epähygieenisesti	adverbi	4
epämukavasti	adverbi	4
epätyydyttävästi	adverbi	4
epäuskottavasti	adverbi	4
epäviisaasti	adverbi	4
erisuuntaisesti	adverbi	4
etemmäs	adverbi	4
etunenässä	adverbi	4
etuoikealle	adverbi	4
farmakologisesti	adverbi	4
feministisesti	adverbi	4
haralleen	adverbi	4
heitteille	adverbi	4
hyppäyksittäin	adverbi	4
hätäännyksissään	adverbi	4
ilkosen	adverbi	4
intohimottomasti	adverbi	4
istualle	adverbi	4
itserakkaasti	adverbi	4
jäyhästi	adverbi	4
jääteitse	adverbi	4
kaameasti	adverbi	4
kaikitenkin	adverbi	4
kalsarisillaan	adverbi	4
kauemma	adverbi	4
kierroksittain	adverbi	4
kiikissä	adverbi	4
kiiruusti	adverbi	4
kirotusti	adverbi	4
koetteelle	adverbi	4
koppavasti	adverbi	4
kukkuralleen	adverbi	4
kukkuroilleen	adverbi	4
kursorisesti	adverbi	4
kuulumattomiin	adverbi	4
kvantitatiivisesti	adverbi	4
lakimääräisesti	adverbi	4
lammasmaisesti	adverbi	4
lomatusten	adverbi	4
lossiksi	adverbi	4
lyhyelle	adverbi	4
lähimmin	adverbi	4
läkähdyksissä	adverbi	4
maihin	adverbi, postpositio	4
maineikkaasti	adverbi	4
majesteettisesti	adverbi	4
miehelään	adverbi	4
mitenkään	adverbi	4
mullistavasti	adverbi	4
munasilleen	adverbi	4
murteellisesti	adverbi	4
myötäsukaan	adverbi	4
määräävästi	adverbi	4
näkysällä	adverbi	4
näämmä	adverbi	4
omahyväisesti	adverbi	4
palkattomasti	adverbi	4
paraiten	adverbi	4
peitetysti	adverbi	4
perinteellisesti	adverbi	4
perästäpäin	adverbi	4
pikantisti	adverbi	4
puolileikillään	adverbi	4
puuduksiin	adverbi	4
pykälittäin	adverbi	4
pystysuorasti	adverbi	4
pysyvästi	adverbi	4
päihdyksissä	adverbi	4
pötköllään	adverbi	4
radikaalisesti	adverbi	4
radioaktiivisesti	adverbi	4
ravinto-opillisesti	adverbi	4
rykelmittäin	adverbi	4
sadunomaisesti	adverbi	4
seisaalle	adverbi	4
selkärangattomasti	adverbi	4
siekailemattomasti	adverbi	4
sisempänä	adverbi	4
sitkaan	adverbi	4
sopusuhtaisesti	adverbi	4
sotaisasti	adverbi	4
sotkuisesti	adverbi	4
sovinnaisesti	adverbi	4
sydämettömästi	adverbi	4
syvälti	adverbi	4
takaviistossa	adverbi	4
talvemmalla	adverbi	4
talviteloilla	adverbi	4
talviteloille	adverbi	4
tarjona	adverbi	4
tautisesti	adverbi	4
teräväsanaisesti	adverbi	4
totuudellisesti	adverbi	4
tuikeasti	adverbi	4
tuohduksiin	adverbi	4
tyylittömästi	adverbi	4
umpimielisesti	adverbi	4
unisesti	adverbi	4
upoksista	adverbi	4
valitusteitse	adverbi	4
varoiksi	adverbi	4
vastaanottavaisesti	adverbi	4
verrannollisesti	adverbi	4
viistossa	adverbi	4
vituralleen	adverbi	4
viuhkamaisesti	adverbi	4
vähimmin	adverbi	4
yksitoikkoisesti	adverbi	4
ylenkatseellisesti	adverbi	4
yliluonnollisesti	adverbi	4
ahdasmielisesti	adverbi	3
aktuaalisesti	adverbi	3
alkukantaisesti	adverbi	3
antropologisesti	adverbi	3
apaattisesti	adverbi	3
arvovaltaisesti	adverbi	3
aseptisesti	adverbi	3
astronomisesti	adverbi	3
biodynaamisesti	adverbi	3
bioteknisesti	adverbi	3
demonisesti	adverbi	3
diagnostisesti	adverbi	3
ekspressiivisesti	adverbi	3
ekstaattisesti	adverbi	3
elämänläheisesti	adverbi	3
elämänmyönteisesti	adverbi	3
epäpätevästi	adverbi	3
epäsosiaalisesti	adverbi	3
epätieteellisesti	adverbi	3
epävakaisesti	adverbi	3
epävireessä	adverbi	3
etnografisesti	adverbi	3
etuvasemmalla	adverbi	3
etymologisesti	adverbi	3
falskisti	adverbi	3
feminiinisesti	adverbi	3
funktionaalisesti	adverbi	3
gastronomisesti	adverbi	3
haaveellisesti	adverbi	3
hampaattomasti	adverbi	3
hekumallisesti	adverbi	3
henkihieverissä	adverbi	3
huimapäisesti	adverbi	3
huolehtivaisesti	adverbi	3
häkellyksissä	adverbi	3
häkellyksissään	adverbi	3
hämmennyksissä	adverbi	3
hämmästyksissään	adverbi	3
hölläkätisesti	adverbi	3
hörölle	adverbi	3
iankaiken	adverbi	3
iljettävästi	adverbi	3
illemmaksi	adverbi	3
imelästi	adverbi	3
individualistisesti	adverbi	3
intomielisesti	adverbi	3
itseriittoisesti	adverbi	3
jalomielisesti	adverbi	3
juovuspäissä	adverbi	3
järkiään	adverbi	3
kaksinapaisesti	adverbi	3
kalsareisillaan	adverbi	3
kaulatusten	adverbi	3
kesemmällä	adverbi	3
kihloihin	adverbi	3
kiistämättömästi	adverbi	3
kohtauksittain	adverbi	3
kohtisuorasti	adverbi	3
kolmiäänisesti	adverbi	3
kontilleen	adverbi	3
korjuuseen	adverbi	3
kotoisesti	adverbi	3
kovalle	adverbi	3
kuormittain	adverbi	3
kurillaan	adverbi	3
kuurupiilosilla	adverbi	3
kyljekkäin	adverbi	3
käymäjalkaa	adverbi	3
käymäseltään	adverbi	3
käyvästi	adverbi	3
laseittain	adverbi	3
lauhkeasti	adverbi	3
leppymättömästi	adverbi	3
liiskaksi	adverbi	3
likikään	adverbi	3
lintassa	adverbi	3
litistyksiin	adverbi	3
lyhyelti	adverbi	3
lähimaille	adverbi, postpositio	3
mielikuvituksekkaasti	adverbi	3
mihinkään	adverbi	3
miimisesti	adverbi	3
minuuteittain	adverbi	3
moittivasti	adverbi	3
moniaalla	adverbi	3
muodinmukaisesti	adverbi	3
murhemielin	adverbi	3
myöhällä	adverbi	3
myötäkarvaan	adverbi	3
nelisin	adverbi	3
neliöittäin	adverbi	3
neuvotteilla	adverbi	3
noloissaan	adverbi	3
nukuksiin	adverbi	3
nyrpeissään	adverbi	3
nähtävissä	adverbi	3
näkysälle	adverbi	3
näytteille	adverbi	3
oikeamielisesti	adverbi	3
oikullisesti	adverbi	3
ojolla	adverbi	3
ojoon	adverbi	3
ontosti	adverbi	3
oraakkelimaisesti	adverbi	3
pedanttisesti	adverbi	3
periodeittain	adverbi	3
persoonattomasti	adverbi	3
petomaisesti	adverbi	3
pieteettisesti	adverbi	3
piinallisesti	adverbi	3
piireittäin	adverbi	3
pikaistuksissa	adverbi	3
piripinnassa	adverbi	3
piripintaan	adverbi	3
pitkänään	adverbi	3
poikkipäin	adverbi	3
provokatorisesti	adverbi	3
puolivahingossa	adverbi	3
puristisesti	adverbi	3
pusseittain	adverbi	3
puuskassa	adverbi	3
pyörälle	adverbi	3
pääkohdittain	adverbi	3
rakastettavasti	adverbi	3
rakenteille	adverbi	3
ratki	adverbi	3
rämäkästi	adverbi	3
saatavana	adverbi	3
sanomattomasti	adverbi	3
seisaalla	adverbi	3
seisaalta	adverbi	3
seisauksissa	adverbi	3
selektiivisesti	adverbi	3
seläkkäin	adverbi	3
semminkään	adverbi	3
sielullisesti	adverbi	3
sikkurassa	adverbi	3
sisimpänä	adverbi	3
sisimpää	adverbi	3
sivukaupalla	adverbi	3
sivummaksi	adverbi	3
sivummassa	adverbi	3
suitsait	adverbi	3
sukelluksissa	adverbi	3
suurisuuntaisesti	adverbi	3
syrjemmästä	adverbi	3
säädyttömästi	adverbi	3
taajassa	adverbi	3
taempaa	adverbi	3
taimpana	adverbi	3
tanhuville	postpositio, adverbi	3
tarkkasilmäisesti	adverbi	3
tasassa	postpositio, adverbi	3
tervehenkisesti	adverbi	3
tilastotieteellisesti	adverbi	3
tolalla	adverbi	3
tolallaan	adverbi	3
tosimielessä	adverbi	3
tukehduksiin	adverbi	3
tukkoisesti	adverbi	3
tunnottomasti	adverbi	3
tuollapäin	adverbi	3
tuotteliaasti	adverbi	3
täpinässä	adverbi	3
törröllä	adverbi	3
töröllä	adverbi	3
uimahoususillaan	adverbi	3
vanhahtavasti	adverbi	3
veitikkamaisesti	adverbi	3
velvollisuudentuntoisesti	adverbi	3
vihapäissään	adverbi	3
väijyksistä	adverbi	3
yksinvaltiaasti	adverbi	3
yksityiskohdittain	adverbi	3
ylemmä	adverbi	3
yltympäriinsä	adverbi	3
yläviistossa	adverbi	3
yrmeästi	adverbi	3
ärtyisästi	adverbi	3
affektiivisesti	adverbi	2
ansiottomasti	adverbi	2
antisemitistisesti	adverbi	2
arkeittain	adverbi	2
arvottomasti	adverbi	2
astrologisesti	adverbi	2
avonaisesti	adverbi	2
biokemiallisesti	adverbi	2
deduktiivisesti	adverbi	2
deekiksellä	adverbi	2
deterministisesti	adverbi	2
drastisesti	adverbi	2
egoistisesti	adverbi	2
ehommin	adverbi	2
eksyksistä	adverbi	2
enimmin	adverbi	2
epäkäytännöllisesti	adverbi	2
epäsiveellisesti	adverbi	2
erikoislaatuisesti	adverbi	2
erittäinkin	adverbi	2
etemmäksi	adverbi	2
formaalisti	adverbi	2
giganttisesti	adverbi	2
haarallaan	adverbi	2
haitattomasti	adverbi	2
happamesti	adverbi	2
haralle	adverbi	2
henkitoreisiin	adverbi	2
hermeettisesti	adverbi	2
herraskaisesti	adverbi	2
hiipivästi	adverbi	2
hikipäissä	adverbi	2
hupsusti	adverbi	2
hymyhuulin	adverbi	2
hyveellisesti	adverbi	2
hyödyttömästi	adverbi	2
höykänen	adverbi	2
ihmeteltävästi	adverbi	2
irrallisesti	adverbi	2
jamaan	adverbi	2
juoksevasti	adverbi	2
kahareisin	adverbi	2
kahtapuolin	adverbi	2
kalsarisilleen	adverbi	2
kapillaarisesti	adverbi	2
karjalaisittain	adverbi	2
karkuteiltä	adverbi	2
kesemmälle	adverbi	2
kiharaan	adverbi	2
kiitti	adverbi	2
kimmoisasti	adverbi	2
kimpuittain	adverbi	2
kireässä	adverbi	2
kirjaimelleen	adverbi	2
koetteeksi	adverbi	2
kohdakkoin	adverbi	2
kohdittain	adverbi	2
kohtapuoleen	adverbi	2
korjuun	adverbi	2
kotosalta	adverbi	2
kouraantuntuvasti	adverbi	2
kultaisesti	adverbi	2
kuntoon	adverbi	2
kuulumattomissa	adverbi	2
kuuluville	adverbi	2
kuutiometreittäin	adverbi	2
kvalitatiivisesti	adverbi	2
kylässä	adverbi	2
laittamattomasti	adverbi	2
lapsekkaasti	adverbi	2
lapsentajuisesti	adverbi	2
laupiaasti	adverbi	2
leuhkasti	adverbi	2
liosta	adverbi	2
lipevästi	adverbi	2
lopullaan	adverbi	2
lähiseutuvilla	adverbi, postpositio	2
mainonnallisesti	adverbi	2
masentuneesti	adverbi	2
matalamielisesti	adverbi	2
materialistisesti	adverbi	2
meluisasti	adverbi	2
menopäällä	adverbi	2
mieluisesti	adverbi	2
miesmäisesti	adverbi	2
mihinpäin	adverbi	2
mutrullaan	adverbi	2
mutruun	adverbi	2
myöhemmäs	adverbi	2
myötäänsä	adverbi	2
määräisesti	adverbi	2
naismaisesti	adverbi	2
neliäänisesti	adverbi	2
nokitusten	adverbi	2
näkymättömiin	adverbi	2
odottamatta	adverbi	2
omistushaluisesti	adverbi	2
pahanilkisesti	adverbi	2
paitasillaan	adverbi	2
parodisesti	adverbi	2
pettämättömästi	adverbi	2
pikapuoleen	adverbi	2
pikimmältään	adverbi	2
pinteeseen	adverbi	2
puoliautomaattisesti	adverbi	2
puolipökerryksissä	adverbi	2
puolitiehen	adverbi	2
pysyväisesti	adverbi	2
pääasiassa	adverbi	2
päälletysten	adverbi	2
pömpöllään	adverbi	2
pörhölle	adverbi	2
pörröllä	adverbi	2
pörröllään	adverbi	2
rahvaanomaisesti	adverbi	2
raittiisti	adverbi	2
raivopäissään	adverbi	2
rannempana	adverbi	2
repäisevästi	adverbi	2
riettaasti	adverbi	2
rääväsuisesti	adverbi	2
sanalleen	adverbi	2
sapekkaasti	adverbi	2
seisoviltaan	adverbi	2
selväkielisesti	adverbi	2
setämäisesti	adverbi	2
sidoksiin	adverbi	2
siivolla	adverbi	2
siivottomasti	adverbi	2
silmitysten	adverbi	2
sirrissä	adverbi	2
sisempää	adverbi	2
sittenkään	adverbi	2
sivumpana	adverbi	2
soinnittomasti	adverbi	2
sopusointuisesti	adverbi	2
sotaisesti	adverbi	2
stoalaisesti	adverbi	2
suggestiivisesti	adverbi	2
suhteellisuudentajuisesti	adverbi	2
sukkasilleen	adverbi	2
surumielin	adverbi	2
suvaitsemattomasti	adverbi	2
synkkaan	adverbi	2
syrjälleen	adverbi	2
syrjäsilmin	adverbi	2
taemmas	adverbi	2
tainnoksista	adverbi	2
tainnuksiin	adverbi	2
takakautta	adverbi	2
takavasempaan	adverbi	2
talviteloiltaan	adverbi	2
tasapainottomasti	adverbi	2
tasavaltaisesti	adverbi	2
tauottomasti	adverbi	2
tavoin	adverbi	2
tehdasmaisesti	adverbi	2
televisioteitse	adverbi	2
teloillaan	adverbi	2
tolalle	adverbi	2
triviaalisti	adverbi	2
tungettelevasti	adverbi	2
turhamaisesti	adverbi	2
turruksiin	adverbi	2
tyhjänpäiten	adverbi	2
tyhmänrohkeasti	adverbi	2
tyrehdyksissä	adverbi	2
tyypeittäin	adverbi	2
tärkeilevästi	adverbi	2
täysivoimaisesti	adverbi	2
täyspäisesti	adverbi	2
uimapukusillaan	adverbi	2
utopistisesti	adverbi	2
vaiheittaisesti	adverbi	2
vaiteliaasti	adverbi	2
vajanaisesti	adverbi	2
vasenkätisesti	adverbi	2
verenhimoisesti	adverbi	2
vieretyksin	adverbi	2
viheliäisesti	adverbi	2
viipymättä	adverbi	2
vinoittain	adverbi	2
värittömästi	adverbi	2
yksitotisesti	adverbi	2
yli-inhimillisesti	adverbi	2
ylimmäs	adverbi	2
äkkiseltä	adverbi	2
ääliömäisesti	adverbi	2
adjektiivisesti	adverbi	1
ajatuksettomasti	adverbi	1
ajetuksissa	adverbi	1
akkamaisesti	adverbi	1
alamaisesti	adverbi	1
alimmas	adverbi	1
alkuisin	adverbi	1
altruistisesti	adverbi	1
anakronistisesti	adverbi	1
ansiosta	adverbi, postpositio	1
asteettain	adverbi	1
autuaallisesti	adverbi	1
avaramielisesti	adverbi	1
avosydämisesti	adverbi	1
barbaarimaisesti	adverbi	1
barbaarisesti	adverbi	1
deekikselle	adverbi	1
defensiivisesti	adverbi	1
dialektisesti	adverbi	1
dominantisti	adverbi	1
dualistisesti	adverbi	1
edeltäpäin	adverbi	1
edemmä	adverbi	1
efektiivisesti	adverbi	1
ehtimiseen	adverbi	1
eksentrisesti	adverbi	1
elementaarisesti	adverbi	1
ennenkuulumattomasti	adverbi	1
ensinkään	adverbi	1
epäesteettisesti	adverbi	1
epäitsenäisesti	adverbi	1
epäkiitollisesti	adverbi	1
epäolennaisesti	adverbi	1
epäortodoksisesti	adverbi	1
epätaloudellisesti	adverbi	1
epävireeseen	adverbi	1
erimuotoisesti	adverbi	1
etempää	adverbi	1
etnologisesti	adverbi	1
etukautta	adverbi	1
etuoikealta	adverbi	1
euforisesti	adverbi	1
fataalisti	adverbi	1
fragmentaarisesti	adverbi	1
fylogeneettisesti	adverbi	1
hahmotteilla	adverbi	1
hajasäärin	adverbi	1
hajuttomasti	adverbi	1
harhateille	adverbi	1
harillaan	adverbi	1
hereästi	adverbi	1
herkeämättömästi	adverbi	1
hiivatisti	adverbi	1
horteessa	adverbi	1
huikentelevaisesti	adverbi	1
humalapäissä	adverbi	1
hunajaisesti	adverbi	1
hyisesti	adverbi	1
hämäännyksissä	adverbi	1
höllällä	adverbi	1
höllässä	adverbi	1
höperösti	adverbi	1
hörössä	adverbi	1
höttösissään	adverbi	1
höylisti	adverbi	1
idyllisesti	adverbi	1
illempana	adverbi	1
inkognito	adverbi	1
irstaasti	adverbi	1
irveen	adverbi	1
istualla	adverbi	1
istumalla	adverbi	1
itsetyytyväisesti	adverbi	1
jurosti	adverbi	1
jänskästi	adverbi	1
jäännöksettömästi	adverbi	1
katalasti	adverbi	1
keljusti	adverbi	1
kelteisilleen	adverbi	1
keralle	postpositio, adverbi	1
keskemmäksi	adverbi	1
keskempää	adverbi	1
keväämmäksi	adverbi	1
keväämmäs	adverbi	1
kiittämättömästi	adverbi	1
kohmeessa	adverbi	1
kohtsillään	adverbi	1
kopeasti	adverbi	1
koreittain	adverbi	1
korjaamattomasti	adverbi	1
korosteisesti	adverbi	1
kulauksittain	adverbi	1
kuoliaana	adverbi	1
kuulumattomasti	adverbi	1
kuuluviin	adverbi	1
kuuluvista	adverbi	1
kuvaamattomasti	adverbi	1
kärttyisästi	adverbi	1
käsikaulaa	adverbi	1
käsipohjaa	adverbi	1
laidemmaksi	adverbi	1
laidemmalta	adverbi	1
laidemmas	adverbi	1
laidempana	adverbi	1
laveasanaisesti	adverbi	1
leikinpäin	adverbi	1
leukavasti	adverbi	1
liiskana	adverbi	1
likekkäin	adverbi	1
likempänä	prepositio, adverbi	1
likempää	prepositio, adverbi	1
lojaalisesti	adverbi	1
lukosta	adverbi	1
lurpalleen	adverbi	1
lyhytjännitteisesti	adverbi	1
lähimailta	adverbi, postpositio	1
lääpälleen	adverbi	1
maalaisesti	adverbi	1
maalaisittain	adverbi	1
mahdikkaasti	adverbi	1
mannermaisesti	adverbi	1
matelevasti	adverbi	1
melodramaattisesti	adverbi	1
metkasti	adverbi	1
mezzopiano	adverbi	1
miehelässä	adverbi	1
miehuullisesti	adverbi	1
mieskohtaisesti	adverbi	1
monumentaalisesti	adverbi	1
mutrussa	adverbi	1
myöhemmä	adverbi	1
myöhäiseen	adverbi	1
myöhäisintään	adverbi	1
naurusuin	adverbi	1
nenäkkäästi	adverbi	1
nilellä	adverbi	1
nirsosti	adverbi	1
nokkavasti	adverbi	1
nurjamielisesti	adverbi	1
odotuksenmukaisesti	adverbi	1
ojollaan	adverbi	1
omavastuisesti	adverbi	1
omenavarkaisiin	adverbi	1
osaaottavasti	adverbi	1
osapäivätoimisesti	adverbi	1
paheellisesti	adverbi	1
pahoilleen	adverbi	1
pakahduksissa	adverbi	1
palavissaan	adverbi	1
palelluksissa	adverbi	1
palelluksissaan	adverbi	1
palstoittain	adverbi	1
pataluhaksi	adverbi	1
pateettisesti	adverbi	1
pensasmaisesti	adverbi	1
peremmältä	adverbi	1
perimmältä	adverbi	1
perinnäisesti	adverbi	1
peräisin	adverbi	1
peräkkäisesti	adverbi	1
pidempään	adverbi	1
piihin	adverbi	1
pikimmiltään	adverbi	1
pikkutakkisillaan	adverbi	1
pilkkosen	adverbi	1
pinkoittain	adverbi	1
pinnalla	adverbi	1
pinnempaan	adverbi	1
pitkäpiimäisesti	adverbi	1
piukasti	adverbi	1
pneumaattisesti	adverbi	1
profeetallisesti	adverbi	1
puolipukeissa	adverbi	1
puolipyörryksissä	adverbi	1
puolisalaa	adverbi	1
puolitankoon	adverbi	1
puoliääneen	adverbi	1
puukkohippasille	adverbi	1
pyhäaamuisin	adverbi	1
päädyitse	adverbi	1
pääpiirteisesti	adverbi	1
päättävästi	adverbi	1
pörhölleen	adverbi	1
rakosellaan	adverbi	1
reunemmaksi	adverbi	1
reunemmalle	adverbi	1
reunempaa	adverbi	1
rinnakkaisesti	adverbi	1
rivittäin	adverbi	1
roistomaisesti	adverbi	1
rutiiniluonteisesti	adverbi	1
rutiinimaisesti	adverbi	1
rutussa	adverbi	1
rämeästi	adverbi	1
salakihloissa	adverbi	1
salonkikelpoisesti	adverbi	1
seisomalta	adverbi	1
seisovillaan	adverbi	1
seisoville	adverbi	1
sekundaarisesti	adverbi	1
selittäin	adverbi	1
selvänäköisesti	adverbi	1
sikkaralla	adverbi	1
sillään	adverbi	1
siloisesti	adverbi	1
simultaanisesti	adverbi	1
sirrilleen	adverbi	1
sisarellisesti	adverbi	1
sisimmällä	adverbi	1
sisätysten	adverbi	1
sivummasta	adverbi	1
skitsofreenisesti	adverbi	1
soinnukkaasti	adverbi	1
soinnullisesti	adverbi	1
soreasti	adverbi	1
sotajalalla	adverbi	1
sporttisesti	adverbi	1
supisuomalaisesti	adverbi	1
supulle	adverbi	1
suurisanaisesti	adverbi	1
suurisuisesti	adverbi	1
suuriäänisesti	adverbi	1
symbioottisesti	adverbi	1
syntisesti	adverbi	1
sysäyksittäin	adverbi	1
syvemmäs	adverbi	1
sävyisesti	adverbi	1
taipuisasti	adverbi	1
taivaallisesti	adverbi	1
takakenossa	adverbi	1
takaoikealta	adverbi	1
tallesta	adverbi	1
talvikorjuuseen	adverbi	1
tanttamaisesti	adverbi	1
tasakkain	adverbi	1
tasasuhtaisesti	adverbi	1
teeskentelemättömästi	adverbi	1
teleskooppisesti	adverbi	1
tervetuloa	adverbi	1
tiptopkunnossa	adverbi	1
toimekkaasti	adverbi	1
toisaanne	adverbi	1
tolalta	adverbi	1
torkuksissa	adverbi	1
totalitaarisesti	adverbi	1
tukahduksiin	adverbi	1
tukkeessa	adverbi	1
tuntikaupalla	adverbi	1
tuoltapäin	adverbi	1
turmiollisesti	adverbi	1
turruksissa	adverbi	1
tyhjiltään	adverbi	1
tyrannimaisesti	adverbi	1
tähdellisesti	adverbi	1
tännempänä	adverbi	1
tätimäisesti	adverbi	1
törkyisesti	adverbi	1
uhkeasti	adverbi	1
uimasillaan	adverbi	1
uloimmaksi	adverbi	1
uloimpaa	adverbi	1
ulompaa	adverbi	1
umpiunessa	adverbi	1
vaivaisesti	adverbi	1
vajaatehoisesti	adverbi	1
valmistavasti	adverbi	1
valokuvauksellisesti	adverbi	1
valtioviisaasti	adverbi	1
varpaisilleen	adverbi	1
vastaanottavasti	adverbi	1
velmusti	adverbi	1
verkoitse	adverbi	1
vertaisesti	adverbi	1
vierettäin	adverbi	1
vihoissa	adverbi	1
viitseliäästi	adverbi	1
viivasuorasti	adverbi	1
vilpoisasti	adverbi	1
vittumaisesti	adverbi	1
voimattomasti	adverbi	1
voitonvarmasti	adverbi	1
välimailla	postpositio, adverbi	1
ylhäisesti	adverbi	1
ylimaallisesti	adverbi	1
yltympäri	adverbi	1
ylössuin	adverbi	1
ystävällismielisesti	adverbi	1
yöjalassa	adverbi	1
yöjalkaan	adverbi	1
yöpukusillaan	adverbi	1
äkeästi	adverbi	1
äkimmin	adverbi	1
äkimmiten	adverbi	1
äksysti	adverbi	1
äkäpäissään	adverbi	1
ällistyksissään	adverbi	1
