Hakusana	Sanaluokat	count
olla	verbi	15149528
saada	verbi	1413317
voida	verbi	1300076
tehdä	verbi	1122902
tulla	verbi	1034912
kertoa	verbi	976305
sanoa	verbi	913094
pitää	verbi	758517
haluta	verbi	458992
ottaa	verbi	451284
alkaa	verbi	420443
jäädä	verbi	369051
päästä	verbi	364375
pelata	verbi	324537
käydä	verbi	323500
antaa	verbi	317409
nähdä	verbi	316973
mennä	verbi	310689
käyttää	verbi	302512
katsoa	verbi	288744
lähteä	verbi	283562
nousta	verbi	281839
toimia	verbi	278932
todeta	verbi	269940
joutua	verbi	266300
tarvita	verbi	256992
lukea	verbi	253362
löytyä	verbi	226407
järjestää	verbi	226064
tapahtua	verbi	223747
rakentaa	verbi	218556
aloittaa	verbi	218356
odottaa	verbi	210459
tietää	verbi	210410
vaatia	verbi	205080
jatkaa	verbi	204374
voittaa	verbi	203213
tuoda	verbi	202890
liittyä	verbi	201982
päättää	verbi	199150
lisätä	verbi	196136
uskoa	verbi	195349
pystyä	verbi	191809
arvioida	verbi	188423
kuulua	verbi	187544
kasvaa	verbi	181019
saattaa	verbi	179309
vastata	verbi	176274
viedä	verbi	175583
näyttää	verbi	175258
hakea	verbi	174463
vaikuttaa	verbi	172958
ajaa	verbi	169229
maksaa	verbi	168328
epäillä	verbi	166047
aiheuttaa	verbi	165376
seurata	verbi	164774
puhua	verbi	162301
löytää	verbi	159633
jatkua	verbi	159585
näkyä	verbi	158643
valita	verbi	154076
siirtyä	verbi	153786
syntyä	verbi	153587
nostaa	verbi	148008
toivoa	verbi	144938
jättää	verbi	144600
esittää	verbi	144302
johtaa	verbi	143806
yrittää	verbi	139741
muuttaa	verbi	132319
kuolla	verbi	131852
osallistua	verbi	130614
kannattaa	verbi	129908
selvittää	verbi	128032
tutkia	verbi	125811
laskea	verbi	125447
kirjoittaa	verbi	124967
onnistua	verbi	123953
aikoa	verbi	121401
palata	verbi	120012
päättyä	verbi	119247
avata	verbi	118656
ilmoittaa	verbi	118634
riittää	verbi*	117964
suunnitella	verbi	117673
kokea	verbi	117614
tarjota	verbi	116574
koskea	verbi	116297
muuttua	verbi	113210
pyrkiä	verbi	113173
myöntää	verbi	112089
tuntua	verbi	111719
sijaita	verbi	110685
jakaa	verbi	110318
asua	verbi	109234
auttaa	verbi	106988
hoitaa	verbi	106914
kerätä	verbi	105221
tarkoittaa	verbi	104986
julkaista	verbi	104610
kuvata	verbi	104137
myydä	verbi	103093
muistuttaa	verbi	102945
pohtia	verbi	101393
sulkea	verbi	101061
miettiä	verbi	99542
saapua	verbi	98821
kehittää	verbi	98478
pysyä	verbi	97013
käsitellä	verbi	95249
pidetä	verbi	94899
kulua	verbi	94776
sopia	verbi	94695
kestää	verbi	94483
edetä	verbi	93367
ostaa	verbi	92874
kohdata	verbi	92636
kuulla	verbi	92393
ajatella	verbi	92302
etsiä	verbi	92057
kysyä	verbi	89357
tuntea	verbi	89135
tukea	verbi	89018
lähettää	verbi	88124
perustaa	verbi	88049
liikkua	verbi	87166
keskustella	verbi	86979
siirtää	verbi	86649
laittaa	verbi	85878
loukkaantua	verbi	85422
pyytää	verbi	85314
elää	verbi	84825
hyväksyä	verbi	84398
osata	verbi	84052
kulkea	verbi	82761
kuunnella	verbi	81115
valmistua	verbi	80339
selvitä	verbi	79408
työskennellä	verbi	78141
lopettaa	verbi	77980
ymmärtää	verbi	77028
esiintyä	verbi	77011
tuottaa	verbi	76247
vähentää	verbi	76027
täytyä	verbi	75958
korjata	verbi	75757
osoittaa	verbi	75686
kommentoida	verbi	73625
parantaa	verbi	73618
ehtiä	verbi	73606
vahvistaa	verbi	72726
kärsiä	verbi	72495
verrata	verbi	70321
puuttua	verbi	70320
luoda	verbi	69322
juhlia	verbi	68985
istua	verbi	68755
lisääntyä	verbi	67977
vetää	verbi	67535
herättää	verbi	66899
toteuttaa	verbi	66817
huomata	verbi	65969
muistaa	verbi	65899
päätyä	verbi	65200
tuomita	verbi	64991
sattua	verbi	64706
levitä	verbi	64522
tavata	verbi*	64257
asettaa	verbi	63740
iskeä	verbi	63528
soittaa	verbi	63206
hankkia	verbi	62336
keskittyä	verbi	61976
kutsua	verbi	61547
äänestää	verbi	61440
oppia	verbi	61051
estää	verbi	60931
viettää	verbi	60608
menettää	verbi	58698
täyttää	verbi	58202
uhata	verbi	57948
purkaa	verbi	57477
vaihtaa	verbi	57004
ohjata	verbi	56674
havaita	verbi	56118
hävitä	verbi	55990
kaatua	verbi	55787
syödä	verbi	55216
edustaa	verbi	55112
ratkaista	verbi	54976
poistaa	verbi	54567
kadota	verbi	54562
yhdistää	verbi	54035
luvata	verbi	52269
syyttää	verbi	51907
kiinnostaa	verbi	51494
esitellä	verbi	51229
johtua	verbi	51137
pudota	verbi	51051
kuvailla	verbi	50060
taistella	verbi	49077
kieltää	verbi	49044
korostaa	verbi	48852
loppua	verbi	48814
yllättää	verbi	48730
rikkoa	verbi	48254
saavuttaa	verbi	47522
kaivata	verbi	47466
kaataa	verbi	47388
varmistaa	verbi	47327
kasvattaa	verbi	47047
luopua	verbi	46959
suhtautua	verbi	46941
perustua	verbi	46767
vierailla	verbi	46374
valmistaa	verbi	46196
perustella	verbi	45764
toteutua	verbi	45723
korvata	verbi	45381
kantaa	verbi	45309
ampua	verbi	45015
määrätä	verbi	44509
vastustaa	verbi	44172
perua	verbi	44100
lyödä	verbi	43488
kohdistua	verbi	42837
heittää	verbi	42415
omistaa	verbi	41841
kilpailla	verbi	41787
osua	verbi	41714
kehittyä	verbi	41615
ryhtyä	verbi	41319
paljastaa	verbi	41315
valmistautua	verbi	41213
katsella	verbi	40692
nauttia	verbi	40692
harjoitella	verbi	40616
varautua	verbi	40383
sijoittua	verbi	40197
tiedottaa	verbi	39587
seisoa	verbi	39479
pelastaa	verbi	39325
kuljettaa	verbi	39265
kokeilla	verbi	39246
testata	verbi	39130
toimittaa	verbi	39070
ylittää	verbi	38970
opiskella	verbi	38901
hyödyntää	verbi	38821
varata	verbi	38700
juosta	verbi	38661
kokoontua	verbi	38619
tutustua	verbi	38588
tunnistaa	verbi	37990
koota	verbi	37897
kehottaa	verbi	37842
palkita	verbi	37786
helpottaa	verbi	37722
vähetä	verbi	37670
torjua	verbi	37660
hallita	verbi	36878
säilyä	verbi	36611
irtisanoa	verbi	36275
poistua	verbi	36093
kertyä	verbi	36089
puolustaa	verbi	36079
palauttaa	verbi	36004
rajoittaa	verbi	35961
käynnistyä	verbi	35764
sujua	verbi	35667
sijoittaa	verbi	35368
lentää	verbi	35365
vakuuttaa	verbi	35343
noudattaa	verbi	35304
vaihdella	verbi	35268
houkutella	verbi	35198
välttää	verbi	35197
matkustaa	verbi	35082
syttyä	verbi	34827
mitata	verbi	34574
sairastua	verbi	34409
sisältää	verbi	33962
säilyttää	verbi	33837
ehdottaa	verbi	33705
leikata	verbi	33628
peljätä	verbi	33393
kävellä	verbi	33098
kattaa	verbi	32967
kiinnostua	verbi	32854
merkitä	verbi	32766
tavoitella	verbi	32664
kiinnittää	verbi	32336
kiertää	verbi	32335
kääntyä	verbi	32256
pärjätä	verbi	32215
keskeyttää	verbi	32203
valmistella	verbi	32189
erota	verbi	31959
tilata	verbi	31779
mainita	verbi	31700
harkita	verbi	31426
julkistaa	verbi	31107
valvoa	verbi	31099
mahdollistaa	verbi	31086
edistää	verbi	31079
arvella	verbi	31043
muistella	verbi	31041
haastatella	verbi	30963
törmätä	verbi	30938
valittaa	verbi	30823
suositella	verbi	30763
kiistää	verbi	30719
selittää	verbi	30657
tarttua	verbi	30582
suorittaa	verbi	30450
vaihtua	verbi	30448
jaksaa	verbi	30320
kirjata	verbi	30318
tappaa	verbi	30316
varoittaa	verbi	30115
luottaa	verbi	29891
laajentaa	verbi	29780
palaa	verbi	29746
pysäyttää	verbi	29738
huomauttaa	verbi	29657
käynnistää	verbi	29620
neuvotella	verbi	29602
pidättää	verbi	29599
sataa	verbi	29453
painaa	verbi	29448
vapauttaa	verbi	29398
viitata	verbi	29363
painottaa	verbi	29317
ihmetellä	verbi	29011
suunnata	verbi	28845
laulaa	verbi	28781
väittää	verbi	28591
menestyä	verbi	28497
turvata	verbi	28198
erottaa	verbi	28040
edellyttää	verbi	28018
nimetä	verbi	27952
hiihtää	verbi	27841
ennustaa	verbi	27752
ennakoida	verbi	27745
työllistää	verbi	27659
kannustaa	verbi	27576
muodostaa	verbi	27527
lakkauttaa	verbi*	27516
kääntää	verbi	27420
päivittää	verbi	27389
avautua	verbi	27251
paeta	verbi	27220
luovuttaa	verbi	27127
yltää	verbi	26994
arvostaa	verbi	26861
vähentyä	verbi	26782
hypätä	verbi	26611
uusia	verbi	26467
mahtua	verbi	26442
opettaa	verbi	26425
päästää	verbi	26346
altistua	verbi	26178
palkata	verbi	26127
sallia	verbi	25899
huolehtia	verbi	25740
tottua	verbi	25398
suojella	verbi	25376
uskaltaa	verbi	25329
laatia	verbi	25249
ilmestyä	verbi	25242
luulla	verbi	25165
uudistaa	verbi	25141
riippua	verbi	25106
välittää	verbi	25011
tuhota	verbi	25007
säästää	verbi	24918
vangita	verbi	24778
tavoittaa	verbi	24603
napata	verbi	24444
lähestyä	verbi	24101
huomioida	verbi	24084
haastaa	verbi	24041
kouluttaa	verbi	23963
ladata	verbi*	23963
muodostua	verbi	23664
aiheutua	verbi	23519
tuhoutua	verbi	23479
paljastua	verbi	23041
herätä	verbi	22987
haitata	verbi	22934
astua	verbi	22830
pysähtyä	verbi	22830
määritellä	verbi	22796
nukkua	verbi	22737
tarkastaa	verbi	22593
arvostella	verbi	22565
vedota	verbi	22474
tarkistaa	verbi	22184
panna	verbi	22175
pyöriä	verbi	22081
pukeutua	verbi	21952
menehtyä	verbi	21885
kehua	verbi	21731
valmentaa	verbi	21677
allekirjoittaa	verbi	21619
rokottaa	verbi	21607
harrastaa	verbi	21561
palvella	verbi	21483
hymyillä	verbi	21448
tyytyä	verbi	21445
pettyä	verbi	21431
hyökätä	verbi	21207
ilmetä	verbi	21202
nauraa	verbi	21190
jännittää	verbi	21106
sammuttaa	verbi	20956
tarkastella	verbi	20875
sitoutua	verbi	20871
hylätä	verbi	20746
pelätä	verbi	20632
keksiä	verbi	20540
unohtaa	verbi	20405
levittää	verbi	20173
laukoa	verbi	20122
suostua	verbi	20096
vuotaa	verbi	20061
romahtaa	verbi	20005
pakottaa	verbi	19797
polttaa	verbi	19749
täyttyä	verbi	19670
taata	verbi	19614
rahoittaa	verbi	19524
venyä	verbi	19490
vallata	verbi	19399
kyetä	verbi	19394
tullata	verbi	19300
hakeutua	verbi	19275
pistää	verbi	19242
ajautua	verbi	19190
asettua	verbi	19136
panostaa	verbi	19104
muokata	verbi	19069
keskittää	verbi	19047
suojata	verbi	19017
vuokrata	verbi	19013
reagoida	verbi	18877
innostua	verbi	18729
julistaa	verbi	18698
kiusata	verbi	18581
kaavailla	verbi	18567
katkaista	verbi	18480
uida	verbi	18415
sytyttää	verbi	18402
pyörittää	verbi	18346
huolestua	verbi	18340
syyllistyä	verbi	18301
tehostaa	verbi	18199
toipua	verbi	18180
suosia	verbi	18176
uutisoida	verbi	18167
tunnustaa	verbi	18017
iloita	verbi	17967
tykätä	verbi	17959
parata	verbi*	17707
kritisoida	verbi	17684
rakastaa	verbi	17635
aleta	verbi	17575
ohittaa	verbi	17570
epäonnistua	verbi	17558
rajata	verbi	17525
karata	verbi	17468
ansaita	verbi	17429
ylläpitää	verbi	17414
taipua	verbi	17403
ratketa	verbi	17295
kuulostaa	verbi	17191
yhdistyä	verbi	17173
asentaa	verbi	17147
yleistyä	verbi	17105
ilmoittautua	verbi	17082
hyljätä	verbi	16999
kunnioittaa	verbi	16977
poiketa	verbi	16958
linjata	verbi	16922
viihtyä	verbi	16851
heikentää	verbi	16770
viimeistellä	verbi	16735
kunnostaa	verbi	16570
kieltäytyä	verbi	16489
vetäytyä	verbi	16469
kisata	verbi	16399
soida	verbi	16356
vaikeuttaa	verbi	16340
kiittää	verbi	16321
varastaa	verbi	16302
todistaa	verbi	16240
naurahtaa	verbi	16175
pudottaa	verbi	16126
loukata	verbi	16092
tulkita	verbi	16012
maalata	verbi*	16011
kohota	verbi	15762
kelvata	verbi	15731
kiristää	verbi	15705
täydentää	verbi	15686
näytellä	verbi	15662
kysellä	verbi	15603
kuvitella	verbi	15579
juoda	verbi	15555
neuvoa	verbi	15485
listata	verbi	15481
otella	verbi	15474
raportoida	verbi	15454
parantua	verbi	15370
katketa	verbi	15320
kukistaa	verbi	15288
säätää	verbi	15208
karsia	verbi	15202
selviytyä	verbi	15196
häiritä	verbi	15191
vaarantaa	verbi	15043
korottaa	verbi	14976
varmistua	verbi	14966
maata	verbi	14949
kaivaa	verbi	14945
tuulettaa	verbi	14945
päivystää	verbi	14943
koostua	verbi	14925
tanssia	verbi	14884
summata	verbi	14847
liittää	verbi	14705
tähdätä	verbi	14704
välttyä	verbi	14653
odotella	verbi	14635
sitoa	verbi	14606
synnyttää	verbi	14602
osoittautua	verbi	14561
opetella	verbi	14526
tiivistää	verbi	14421
yllättyä	verbi	14404
puhuttaa	verbi	14370
ulottua	verbi	14240
heikentyä	verbi	14238
perätä	verbi	14228
lämmetä	verbi	14135
vapautua	verbi	13874
heiketä	verbi	13830
huutaa	verbi	13759
aueta	verbi	13736
sairastaa	verbi	13695
treenata	verbi	13673
laajeta	verbi	13633
kamppailla	verbi	13617
nimittää	verbi	13537
edeltää	verbi	13492
purra	verbi	13352
hidastaa	verbi	13345
puhdistaa	verbi	13335
kiitellä	verbi	13318
hyötyä	verbi	13287
syöttää	verbi	13265
surmata	verbi	13257
harmittaa	verbi	13202
kumota	verbi	13078
tarkkailla	verbi	13022
ehkäistä	verbi	13017
vastaanottaa	verbi	12983
periä	verbi	12966
tahtoa	verbi	12959
kiihtyä	verbi	12957
palautua	verbi	12947
valua	verbi	12947
peittää	verbi	12941
lahjoittaa	verbi	12934
huolestuttaa	verbi	12882
alentaa	verbi	12837
tajuta	verbi	12836
tasoittaa	verbi	12703
teettää	verbi	12600
taitaa	verbi	12594
haavoittua	verbi	12420
kartoittaa	verbi	12346
jakautua	verbi	12328
harmitella	verbi	12283
ikääntyä	verbi	12260
klikata	verbi	12177
sulaa	verbi	12173
evakuoida	verbi	12113
hehkuttaa	verbi	12050
hajota	verbi	12048
rauhoittaa	verbi	12040
kiistellä	verbi	12032
erikoistua	verbi	12020
ilmaista	verbi	11943
solmia	verbi	11912
olettaa	verbi	11876
loistaa	verbi	11848
jutella	verbi	11810
viivästyä	verbi	11745
lämmittää	verbi	11734
analysoida	verbi	11651
leikkiä	verbi	11605
upota	verbi	11525
pienentää	verbi	11515
ruveta	verbi	11504
laskeutua	verbi	11456
tyrmätä	verbi	11429
kiristyä	verbi	11426
lomauttaa	verbi	11415
piirtää	verbi	11351
koskettaa	verbi	11294
jonottaa	verbi	11291
räjähtää	verbi	11070
kuluttaa	verbi	11051
tarkentaa	verbi	11015
vahvistua	verbi	10994
poimia	verbi	10978
pestä	verbi	10916
lainata	verbi	10892
puhaltaa	verbi	10890
hillitä	verbi	10845
rekisteröidä	verbi	10836
uusiutua	verbi	10778
tienata	verbi	10777
maistua	verbi	10735
tyhjentää	verbi	10652
marssia	verbi	10616
virrata	verbi	10542
paistaa	verbi	10525
käyttäytyä	verbi	10484
irrota	verbi	10478
luonnehtia	verbi	10437
siivota	verbi	10386
toistua	verbi	10371
pienetä	verbi	10328
korostua	verbi	10313
hukkua	verbi	10296
kuitata	verbi	10254
sekoittaa	verbi	10242
istuttaa	verbi	10212
perehtyä	verbi	10188
haaveilla	verbi	10179
hiipua	verbi	10097
investoida	verbi	10094
luotsata	verbi	10081
ympäröidä	verbi	10062
repiä	verbi	10018
lykätä	verbi	9955
harjoittaa	verbi	9931
kohdella	verbi	9802
murtaa	verbi	9767
haudata	verbi	9761
avustaa	verbi	9728
vaivata	verbi	9720
ratkoa	verbi	9699
takavarikoida	verbi	9681
suoda	verbi	9670
pettää	verbi	9579
pidentää	verbi	9571
hämmentää	verbi	9540
toistaa	verbi	9453
eristää	verbi	9444
rakentua	verbi	9376
koitua	verbi	9374
pakata	verbi*	9362
sopeutua	verbi	9354
velvoittaa	verbi	9345
vaurioitua	verbi	9341
innostaa	verbi	9324
soveltua	verbi	9288
ohjeistaa	verbi	9244
heijastua	verbi	9163
pelottaa	verbi	9124
keittää	verbi	9116
rauhoittua	verbi	9055
opastaa	verbi	9015
raivata	verbi	8986
pystyttää	verbi	8973
sisältyä	verbi	8968
lyhentää	verbi	8934
kohdistaa	verbi	8860
hävittää	verbi	8833
ärsyttää	verbi	8832
työllistyä	verbi	8805
paloa	verbi	8792
luetella	verbi	8703
luistella	verbi	8701
huipentua	verbi	8687
tippua	verbi	8620
unohtua	verbi	8576
matkata	verbi	8531
viestiä	verbi	8529
kallistua	verbi*	8528
uudistua	verbi	8502
kyseenalaistaa	verbi	8491
remontoida	verbi	8480
koetella	verbi	8452
päätellä	verbi	8444
itkeä	verbi	8427
suuntautua	verbi	8426
jäätyä	verbi	8419
paikata	verbi	8405
säveltää	verbi	8393
markkinoida	verbi	8383
hälyttää	verbi	8366
turvautua	verbi	8335
murtautua	verbi	8333
koittaa	verbi*	8301
pidellä	verbi	8296
puida	verbi	8291
pilata	verbi	8246
puskea	verbi	8200
puhjeta	verbi	8199
luokitella	verbi	8141
varustaa	verbi	8114
juontaa	verbi	8076
soveltaa	verbi	8068
kierrättää	verbi	8040
hakata	verbi	8019
jäädyttää	verbi	8007
suistua	verbi	7983
tallentaa	verbi	7967
helpottua	verbi	7950
tulvia	verbi	7927
määrittää	verbi	7923
roikkua	verbi	7898
vääntää	verbi	7891
työntää	verbi	7876
poseerata	verbi	7867
tarjoilla	verbi	7808
ammua	verbi	7798
levätä	verbi	7777
vauhdittaa	verbi	7757
painua	verbi	7740
vaalia	verbi	7699
satsata	verbi	7634
startata	verbi	7613
johdattaa	verbi	7609
ruokkia	verbi	7553
leimata	verbi	7552
ihailla	verbi	7512
vertailla	verbi	7487
nojata	verbi	7483
jyrätä	verbi	7391
nopeuttaa	verbi	7389
syrjäyttää	verbi	7386
tiedostaa	verbi	7360
ruuhkautua	verbi	7359
salata	verbi	7333
moittia	verbi	7327
upottaa	verbi	7324
rikkoutua	verbi	7282
peruuntua	verbi	7264
isännöidä	verbi	7232
vallita	verbi	7199
karkottaa	verbi	7139
kilpailuttaa	verbi	7134
säästyä	verbi	7131
sotkea	verbi	7112
myöhästyä	verbi	7094
sulkeutua	verbi	7049
metsästää	verbi	7016
empiä	verbi	7015
pukea	verbi	6999
jahdata	verbi	6948
yöpyä	verbi	6943
muotoilla	verbi	6942
tiukentaa	verbi	6912
laajentua	verbi	6873
murtua	verbi	6872
kuormittaa	verbi	6850
hidastua	verbi	6841
rohkaista	verbi	6815
vihkiä	verbi	6795
painostaa	verbi	6778
erottua	verbi	6775
takoa	verbi	6757
rangaista	verbi	6733
huolettaa	verbi	6729
irtisanoutua	verbi	6708
juhlistaa	verbi	6694
toivottaa	verbi	6662
lunastaa	verbi	6657
lukeutua	verbi	6655
työstää	verbi	6645
kerrata	verbi	6641
oikeuttaa	verbi	6640
kaventaa	verbi	6630
tunkeutua	verbi	6618
järjestäytyä	verbi	6594
meinata	verbi	6590
vahingoittaa	verbi	6582
valloittaa	verbi	6559
pahoinpidellä	verbi	6500
laukaista	verbi	6486
irrottaa	verbi	6474
täsmentää	verbi	6473
kohdentaa	verbi	6442
turhautua	verbi	6441
liikennöidä	verbi	6429
ulkoistaa	verbi	6412
väsyä	verbi	6402
käsittää	verbi	6364
kerääntyä	verbi	6360
anastaa	verbi	6348
pahoitella	verbi	6337
venyttää	verbi	6327
verottaa	verbi	6315
supistaa	verbi	6287
ahdistaa	verbi	6284
pienentyä	verbi	6282
haukkua	verbi	6262
nostattaa	verbi	6243
kasata	verbi	6237
huijata	verbi	6235
mainostaa	verbi	6218
povata	verbi	6199
syrjäytyä	verbi	6172
lakata	verbi*	6147
sortua	verbi	6147
kuivua	verbi	6101
polkea	verbi	6080
ylistää	verbi	6079
ryöstää	verbi	6051
riehua	verbi	6049
pysytellä	verbi	6021
asioida	verbi	6008
murskata	verbi	5995
surra	verbi	5980
hajottaa	verbi	5979
hengittää	verbi	5975
jäljittää	verbi	5968
pitkittyä	verbi	5966
väistyä	verbi	5953
vaieta	verbi	5938
kyllästyä	verbi	5937
kalastaa	verbi	5929
peruuttaa	verbi	5917
ylittyä	verbi	5903
kitkeä	verbi	5894
uupua	verbi	5882
viljellä	verbi	5872
selventää	verbi	5821
hämmästyä	verbi	5815
sinetöidä	verbi	5812
kaupata	verbi	5809
kivuta	verbi	5797
sovittaa	verbi	5786
siivittää	verbi	5780
keskeytyä	verbi	5757
siepata	verbi	5749
vähätellä	verbi	5689
päihittää	verbi	5664
näyttäytyä	verbi	5653
paheta	verbi	5653
painia	verbi	5640
räjäyttää	verbi	5601
selvitellä	verbi	5596
sukeltaa	verbi	5589
protestoida	verbi	5570
taklata	verbi	5567
pohjautua	verbi	5547
vakiintua	verbi	5540
valaista	verbi	5520
koettaa	verbi	5514
supistua	verbi	5510
kaksinkertaistua	verbi	5507
keventää	verbi	5502
kiivetä	verbi	5488
sammua	verbi	5446
kiihdyttää	verbi	5411
lausua	verbi	5410
vannoa	verbi	5406
puoltaa	verbi	5376
kypsyä	verbi	5371
vanheta	verbi	5363
elvyttää	verbi	5360
päteä	verbi	5352
järkyttyä	verbi	5334
väärentää	verbi	5327
poikia	verbi	5317
hyytyä	verbi	5303
syöksyä	verbi	5276
purkautua	verbi	5268
kohentaa	verbi	5246
pesiä	verbi	5232
hämmästellä	verbi	5228
eläköityä	verbi	5224
velkaantua	verbi	5218
vanhentua	verbi	5208
kytkeä	verbi	5207
kiteyttää	verbi	5188
puukottaa	verbi	5181
kiriä	verbi	5153
murhata	verbi	5149
arpoa	verbi	5133
edistyä	verbi	5131
veikata	verbi	5125
miellyttää	verbi	5124
kampanjoida	verbi	5109
vartioida	verbi	5102
kääriä	verbi	5101
vältellä	verbi	5060
tukkia	verbi	5048
lieventää	verbi	5046
jalostaa	verbi	5043
kaapata	verbi	5037
rantautua	verbi	5037
kärjistyä	verbi	5028
kukkia	verbi	5026
säädellä	verbi	5001
hallinnoida	verbi	4982
mietityttää	verbi	4970
hankaloittaa	verbi	4969
tervehtiä	verbi	4966
väistää	verbi	4943
kehitellä	verbi	4942
vaikeutua	verbi	4923
rekrytoida	verbi	4915
langettaa	verbi	4896
ilmaantua	verbi	4894
ilahduttaa	verbi	4887
uhkailla	verbi	4885
piilottaa	verbi	4859
kurittaa	verbi	4851
sulattaa	verbi	4837
elpyä	verbi	4830
pyöräillä	verbi	4824
kiehtoa	verbi	4820
kolaroida	verbi	4804
miehittää	verbi	4791
kellua	verbi	4789
lähetä	verbi	4779
tinkiä	verbi	4777
sietää	verbi	4776
huoltaa	verbi	4769
jarruttaa	verbi	4763
puristaa	verbi	4746
malttaa	verbi	4733
naureskella	verbi	4731
heitellä	verbi	4701
punnita	verbi	4691
niellä	verbi	4687
onnitella	verbi	4687
katua	verbi	4682
pysäköidä	verbi	4678
painottua	verbi	4668
debytoida	verbi	4656
suojautua	verbi	4636
varoa	verbi	4603
tasapainottaa	verbi	4589
leipoa	verbi	4570
tuumia	verbi	4570
vakuuttua	verbi	4565
urheilla	verbi	4563
tarkentua	verbi	4523
loppuunmyydä	verbi	4520
spekuloida	verbi	4503
arvata	verbi	4499
kustantaa	verbi	4492
alustaa	verbi	4490
järkyttää	verbi	4489
järjestellä	verbi	4488
kruunata	verbi	4445
tykittää	verbi	4440
operoida	verbi	4432
irtautua	verbi	4422
vinkata	verbi	4419
eksyä	verbi	4416
heiluttaa	verbi	4415
virittää	verbi	4395
ajella	verbi	4389
syrjiä	verbi	4388
rakastua	verbi	4382
kuulustella	verbi	4375
kaavoittaa	verbi	4351
suhteuttaa	verbi	4344
omata	verbi	4335
tuijottaa	verbi	4333
pyyhkiä	verbi	4332
valottaa	verbi	4324
entistää	verbi	4297
solmita	verbi	4296
kätellä	verbi	4295
vastoa	verbi	4281
valikoitua	verbi	4277
halata	verbi*	4257
hyödyttää	verbi	4257
hukata	verbi	4256
kutistua	verbi	4249
yltyä	verbi	4236
käskeä	verbi	4235
tasata	verbi	4226
altistaa	verbi	4224
potkia	verbi	4221
ponnistaa	verbi	4215
katkoa	verbi	4161
hahmottaa	verbi	4146
viihdyttää	verbi	4146
tankata	verbi*	4119
peruskorjata	verbi	4094
liikuttaa	verbi	4076
lennättää	verbi	4075
kulkeutua	verbi	4072
saalistaa	verbi	4071
itsenäistyä	verbi	4070
liehua	verbi	4068
kiirehtiä	verbi	4064
pyörähtää	verbi	4064
ajoittua	verbi	4063
saastua	verbi	4063
stressata	verbi	4061
voimistua	verbi	4058
rakennuttaa	verbi	4052
varjostaa	verbi	4052
valikoida	verbi	4044
vajota	verbi	4041
mahtaa	verbi	4036
noutaa	verbi	4023
karsiutua	verbi	4014
houkuttaa	verbi	3992
pommittaa	verbi	3985
hioa	verbi	3981
heilua	verbi	3975
anoa	verbi	3971
pyöritellä	verbi	3951
kirjautua	verbi	3949
koordinoida	verbi	3943
kontrolloida	verbi	3942
piinata	verbi	3937
ihastella	verbi	3932
hermostua	verbi	3924
koristella	verbi	3922
mieltää	verbi	3915
paisua	verbi	3909
naurattaa	verbi	3903
lukita	verbi	3900
valehdella	verbi	3900
purjehtia	verbi	3899
tiivistyä	verbi	3892
nöyryyttää	verbi	3881
havahtua	verbi	3868
imeä	verbi	3864
peräänkuuluttaa	verbi	3858
tapella	verbi	3849
syventää	verbi	3838
tiedustella	verbi	3834
ideoida	verbi	3821
havitella	verbi	3815
heittäytyä	verbi	3804
kuntouttaa	verbi	3802
kotiuttaa	verbi	3797
väläyttää	verbi	3796
käännyttää	verbi	3794
rentoutua	verbi	3781
tallentua	verbi	3774
piillä	verbi	3770
vaarantua	verbi	3770
pahentaa	verbi	3754
valtuuttaa	verbi	3742
pumpata	verbi	3732
alittaa	verbi	3712
saunoa	verbi	3710
ihastua	verbi	3702
ihmetyttää	verbi	3699
antautua	verbi	3693
vihata	verbi	3693
läpäistä	verbi	3671
patistaa	verbi	3670
vitsailla	verbi	3666
organisoida	verbi	3660
horjuttaa	verbi	3620
inspiroida	verbi	3620
motivoida	verbi	3618
seikkailla	verbi	3600
tuskailla	verbi	3596
piristää	verbi	3587
tehtailla	verbi	3580
päivittyä	verbi	3578
rasittaa	verbi	3576
mullistaa	verbi	3563
heijastaa	verbi	3558
suosittaa	verbi	3557
ojentaa	verbi	3548
aseistaa	verbi	3540
hiljentää	verbi	3539
aikaistaa	verbi	3537
ravistella	verbi	3533
oleskella	verbi	3529
rauhoitella	verbi	3529
taittua	verbi	3528
tyssätä	verbi	3517
kätkeä	verbi	3515
selostaa	verbi	3509
mieliä	verbi	3501
ommella	verbi	3489
aistia	verbi	3482
neuloa	verbi	3482
hämmentyä	verbi	3478
hellittää	verbi	3472
kuultaa	verbi	3465
partioida	verbi	3465
puhutella	verbi	3460
varastoida	verbi	3457
nollata	verbi	3450
taittaa	verbi	3445
laantua	verbi	3444
pilaantua	verbi	3439
viivästyttää	verbi	3437
nujertaa	verbi	3423
täräyttää	verbi	3420
kunnostautua	verbi	3418
riisua	verbi	3415
majoittaa	verbi	3413
päällystää	verbi	3400
sotia	verbi	3398
aloitella	verbi	3397
haalia	verbi	3388
lastata	verbi	3386
sulkia	verbi	3382
viestittää	verbi	3378
järjestyä	verbi	3358
ratsastaa	verbi	3353
selättää	verbi	3338
hiljetä	verbi	3330
sopeuttaa	verbi	3329
taantua	verbi	3328
kuvastaa	verbi	3324
räätälöidä	verbi	3322
kariutua	verbi	3320
värittää	verbi	3316
joustaa	verbi	3308
ripustaa	verbi	3307
raiskata	verbi	3301
tuplata	verbi	3300
astella	verbi	3298
pelastua	verbi	3294
ammentaa	verbi	3289
väitellä	verbi	3288
laiminlyödä	verbi	3280
kuohua	verbi	3277
viipyä	verbi	3268
asetella	verbi	3264
kiinnittyä	verbi	3263
riidellä	verbi	3263
unelmoida	verbi	3254
kouluttautua	verbi	3249
kuivata	verbi	3247
hoitua	verbi	3245
rajoittua	verbi	3242
soitella	verbi	3241
vaeltaa	verbi	3239
tuulla	verbi	3238
majoittua	verbi	3234
suoriutua	verbi	3227
lupailla	verbi	3216
yhdistellä	verbi	3215
myhäillä	verbi	3203
ruuhkauttaa	verbi	3202
peitellä	verbi	3200
kantautua	verbi	3198
omaksua	verbi	3181
herätellä	verbi	3177
kurkistaa	verbi	3172
bongata	verbi	3157
huveta	verbi	3155
viheltää	verbi	3145
koristaa	verbi	3144
aktivoida	verbi	3143
lohduttaa	verbi	3136
hämmästyttää	verbi	3121
levittäytyä	verbi	3119
vilkastua	verbi	3117
tukahduttaa	verbi	3111
välittyä	verbi	3111
pahentua	verbi	3110
tähdentää	verbi	3110
hävetä	verbi	3108
lomailla	verbi	3102
kyteä	verbi	3100
aseistautua	verbi	3096
sukia	verbi	3085
seistä	verbi	3084
selittyä	verbi	3082
oikaista	verbi	3078
sovitella	verbi	3074
vaurioittaa	verbi	3072
rynnätä	verbi	3071
selata	verbi	3069
yhtiöittää	verbi	3068
piristyä	verbi	3066
rullata	verbi	3066
umpeutua	verbi	3058
haista	verbi	3056
niittää	verbi	3052
urakoida	verbi	3052
huolia	verbi	3047
sekaantua	verbi	3045
revetä	verbi	3044
kuumentaa	verbi	3043
hiljentyä	verbi	3039
jättäytyä	verbi	3029
lietsoa	verbi	3028
oireilla	verbi	3026
vihjata	verbi	3021
tiukentua	verbi	3015
murehtia	verbi	3010
puolittaa	verbi	3000
hurmata	verbi	2995
siistiä	verbi	2993
edesauttaa	verbi	2980
tilastoida	verbi	2976
puntaroida	verbi	2974
tulostaa	verbi	2970
dominoida	verbi	2953
kuntoutua	verbi	2945
varttua	verbi	2940
alleviivata	verbi	2939
kummuta	verbi	2932
tyydyttää	verbi	2927
kohottaa	verbi	2920
koostaa	verbi	2915
ilahtua	verbi	2902
maistaa	verbi	2901
sahata	verbi	2895
suututtaa	verbi	2889
sivuta	verbi	2888
teloittaa	verbi	2880
asuttaa	verbi	2878
lanseerata	verbi	2876
paheksua	verbi	2874
puolittua	verbi	2873
hiertää	verbi	2870
sinnitellä	verbi	2856
äänittää	verbi	2853
ennallistaa	verbi	2852
lykkääntyä	verbi	2852
huonontua	verbi	2851
aurata	verbi	2840
paukkua	verbi	2839
levyttää	verbi	2837
lajitella	verbi	2834
valjastaa	verbi	2830
liputtaa	verbi	2828
huoata	verbi	2820
hyppiä	verbi	2818
turhauttaa	verbi	2812
hyllyttää	verbi*	2808
kastella	verbi	2806
sekoittua	verbi	2804
potkaista	verbi	2803
pohdiskella	verbi	2801
puolustautua	verbi	2797
kullata	verbi	2796
määräytyä	verbi	2794
esittäytyä	verbi	2792
innoittaa	verbi	2792
jyllätä	verbi	2791
tulittaa	verbi	2789
suuttua	verbi	2788
ruotia	verbi	2784
kotiutua	verbi	2782
salakuljettaa	verbi	2781
lyhetä	verbi	2779
majailla	verbi	2770
nukahtaa	verbi	2756
valaa	verbi	2756
ulkoilla	verbi	2752
kohentua	verbi	2751
räpätä	verbi*	2750
savuta	verbi	2748
värvätä	verbi	2748
jalkautua	verbi	2746
louhia	verbi	2744
romuttaa	verbi	2724
kuroa	verbi	2718
vedellä	verbi	2717
huudella	verbi	2709
vakiinnuttaa	verbi	2708
häätää	verbi	2705
sivuuttaa	verbi	2699
laillistaa	verbi	2697
rapistua	verbi	2697
tyhjetä	verbi	2687
kostaa	verbi	2684
sanella	verbi	2684
lohkoa	verbi	2683
motivoitua	verbi	2671
kuohuttaa	verbi	2665
tahkota	verbi	2665
loikata	verbi	2663
piirittää	verbi	2658
kopioida	verbi	2656
paneutua	verbi	2643
aktivoitua	verbi	2642
kylvää	verbi	2638
kytkeytyä	verbi	2635
maustaa	verbi	2634
säestää	verbi	2633
velloa	verbi	2632
säväyttää	verbi	2631
taltuttaa	verbi	2630
äityä	verbi	2630
koveta	verbi	2629
vuorotella	verbi	2626
minimoida	verbi	2625
valokuvata	verbi	2625
oivaltaa	verbi	2624
siunata	verbi	2617
hiota	verbi	2613
kiilata	verbi	2610
liikuttua	verbi	2610
piipahtaa	verbi	2610
keikkailla	verbi	2603
hinata	verbi	2593
merkata	verbi	2587
juuttua	verbi	2584
pilkkoa	verbi	2583
ruokailla	verbi	2581
tehota	verbi	2577
runnella	verbi	2573
kompensoida	verbi	2572
lähdettää	verbi	2571
jauhaa	verbi	2569
juoksuttaa	verbi	2567
rukoilla	verbi	2565
häikäistä	verbi	2557
taltioida	verbi	2551
laskuttaa	verbi	2545
sysätä	verbi	2544
raskia	verbi	2540
vainota	verbi	2540
yhtyä	verbi	2540
liioitella	verbi	2536
kaikua	verbi	2531
puuhata	verbi	2530
askarruttaa	verbi	2526
tartuttaa	verbi	2524
aidata	verbi	2518
kierrellä	verbi	2517
kieliä	verbi	2513
koheta	verbi	2513
kannatella	verbi	2510
leijua	verbi	2499
kahmia	verbi	2497
hieroa	verbi	2494
ajoittaa	verbi	2490
huokaista	verbi	2490
talvehtia	verbi	2490
liimata	verbi	2488
pidentyä	verbi	2484
syvetä	verbi	2482
värjätä	verbi	2478
pureutua	verbi	2475
ennättää	verbi	2474
jakaantua	verbi	2466
suunnistaa	verbi	2465
tarjoutua	verbi	2460
hymähtää	verbi	2455
evätä	verbi	2451
ikuistaa	verbi	2446
viritellä	verbi	2445
tipahtaa	verbi	2444
jännittyä	verbi	2443
uhrata	verbi	2443
vahtia	verbi	2442
toppuutella	verbi	2437
langeta	verbi	2425
viiletä	verbi	2423
pomppia	verbi	2422
kohuta	verbi	2415
kukoistaa	verbi	2411
päihtyä	verbi	2408
askarrella	verbi	2402
kuoriutua	verbi	2400
tuhlata	verbi	2391
pokata	verbi*	2382
hajauttaa	verbi	2380
aikaansaada	verbi	2375
tyrmistyä	verbi	2372
kiihottaa	verbi	2366
seilata	verbi	2366
säilöä	verbi	2365
säikähtää	verbi	2362
porrastaa	verbi	2360
väläytellä	verbi	2358
kärähtää	verbi	2357
pakastaa	verbi	2356
suitsia	verbi	2354
säästellä	verbi	2350
riistää	verbi	2343
perata	verbi	2341
satuttaa	verbi	2335
vyöryä	verbi	2331
haistaa	verbi	2320
varustautua	verbi	2318
yksityistää	verbi	2318
hääriä	verbi	2310
raastaa	verbi	2308
poissulkea	verbi	2303
liukua	verbi	2302
potea	verbi	2300
lauhtua	verbi	2296
elättää	verbi	2292
höllentää	verbi	2292
huokua	verbi	2288
tasaantua	verbi	2286
totutella	verbi	2286
putsata	verbi	2285
varoitella	verbi	2285
pohjustaa	verbi	2282
piilotella	verbi	2271
kummastella	verbi	2267
vahingoittua	verbi	2263
kaksinkertaistaa	verbi	2262
komeilla	verbi	2256
visioida	verbi	2246
nakertaa	verbi	2245
häämöttää	verbi	2239
saastuttaa	verbi	2235
saartaa	verbi	2224
parannella	verbi	2222
kadottaa	verbi	2221
epäröidä	verbi	2219
saatella	verbi	2218
pieniä	verbi	2217
erotella	verbi	2212
huvittaa	verbi	2209
lievittää	verbi	2209
riemuita	verbi	2209
paikantaa	verbi	2206
siintää	verbi	2205
uhmata	verbi	2188
boikotoida	verbi	2183
selkeyttää	verbi	2177
pestata	verbi	2173
syyllistää	verbi	2173
lämmitellä	verbi	2166
nauhoittaa	verbi	2165
raivostua	verbi	2165
ihastuttaa	verbi	2155
kutoa	verbi	2155
pidättäytyä	verbi	2155
mättää	verbi	2153
yllyttää	verbi	2153
porskuttaa	verbi	2147
kellottaa	verbi*	2141
turmella	verbi	2140
nakuttaa	verbi	2138
passittaa	verbi	2138
kostautua	verbi	2137
tiputtaa	verbi	2134
madaltaa	verbi	2133
säikäyttää	verbi	2132
kylmetä	verbi	2128
karttua	verbi	2127
maistella	verbi	2123
väsyttää	verbi	2121
herua	verbi	2120
kommunikoida	verbi	2120
koventaa	verbi	2119
suomentaa	verbi	2119
moninkertaistua	verbi	2114
lojua	verbi	2110
kannella	verbi	2109
fanittaa	verbi	2107
erehtyä	verbi	2102
veistää	verbi	2100
haihtua	verbi	2099
raueta	verbi	2098
kansainvälistyä	verbi	2093
rinnastaa	verbi	2088
hehkua	verbi	2081
kolminkertaistua	verbi	2080
takuta	verbi	2079
kärytä	verbi	2069
pelotella	verbi	2069
horjua	verbi	2062
vilistä	verbi	2062
tulehtua	verbi	2061
muotoutua	verbi	2058
diagnosoida	verbi	2055
hiipiä	verbi	2052
radikalisoitua	verbi	2052
tupakoida	verbi	2052
porata	verbi*	2051
pussittaa	verbi	2050
havainnollistaa	verbi	2049
totella	verbi	2046
suomia	verbi	2044
selitellä	verbi	2043
masentua	verbi	2032
muhia	verbi	2029
viehättää	verbi	2029
kiduttaa	verbi	2025
hyväksyttää	verbi	2006
hyvittää	verbi	2003
sanoittaa	verbi	2003
suudella	verbi	2001
siteerata	verbi	2000
itää	verbi	1998
etsintäkuuluttaa	verbi	1997
arvailla	verbi	1993
kaventua	verbi	1992
hirvittää	verbi	1991
laihduttaa	verbi	1990
pimetä	verbi	1990
periytyä	verbi	1983
myrkyttää	verbi	1982
perääntyä	verbi	1978
kehdata	verbi	1977
alistaa	verbi	1975
informoida	verbi	1972
kylpeä	verbi	1972
kelata	verbi	1970
kuumeta	verbi	1970
yksinkertaistaa	verbi	1968
virnistää	verbi	1967
todentaa	verbi	1961
himoita	verbi	1954
kiskaista	verbi	1952
taustoittaa	verbi	1952
huutokaupata	verbi	1950
lakkoilla	verbi	1948
viitsiä	verbi	1946
karttaa	verbi	1944
kohista	verbi	1944
sähköistää	verbi	1941
valitella	verbi	1940
meloa	verbi	1939
touhuta	verbi	1932
sanailla	verbi	1928
vilkkua	verbi	1928
hamuta	verbi	1927
mureta	verbi	1927
yhtenäistää	verbi	1926
pöydätä	verbi	1921
maalailla	verbi	1915
pursuta	verbi	1915
virkistää	verbi	1913
uumoilla	verbi	1910
peitota	verbi	1908
konsertoida	verbi	1906
laueta	verbi	1901
pilkata	verbi	1900
sisällyttää	verbi	1899
menetellä	verbi	1895
pompata	verbi	1894
hurahtaa	verbi	1892
rynniä	verbi	1890
alentua	verbi	1888
profiloitua	verbi	1885
latoa	verbi	1883
janota	verbi	1882
nipistää	verbi	1880
osallistaa	verbi	1880
muuntua	verbi	1876
eristäytyä	verbi	1875
verkostoitua	verbi	1875
hommata	verbi	1874
himota	verbi	1871
kastua	verbi	1869
paahtaa	verbi	1867
peilata	verbi*	1867
teipata	verbi	1866
tökkiä	verbi	1864
tuumata	verbi	1862
komentaa	verbi	1857
noteerata	verbi	1857
peluuttaa	verbi	1857
julistautua	verbi	1856
manata	verbi	1856
haikailla	verbi	1849
budjetoida	verbi	1847
huilata	verbi	1846
rynnistää	verbi	1846
provosoida	verbi	1845
rientää	verbi	1845
herkistyä	verbi	1842
viritä	verbi	1840
päivätä	verbi	1837
samaistua	verbi	1835
villitä	verbi	1835
tuoksua	verbi	1832
raapia	verbi	1831
keikkua	verbi	1829
petrata	verbi	1827
tunnistautua	verbi	1821
seuloa	verbi	1817
tupata	verbi	1816
naamioitua	verbi	1811
piiloutua	verbi	1810
tuunata	verbi	1809
eritellä	verbi	1808
taluttaa	verbi	1808
rikastua	verbi	1807
huonota	verbi	1805
taputtaa	verbi	1803
sykähdyttää	verbi	1801
napsia	verbi	1799
ratifioida	verbi	1798
sorvata	verbi	1798
sakottaa	verbi	1797
kirvoittaa	verbi	1792
ansioitua	verbi	1791
kasautua	verbi	1789
kiekkoilla	verbi	1789
lupautua	verbi	1787
huhuta	verbi	1786
varjella	verbi	1786
harventaa	verbi	1781
kiehua	verbi	1778
nopeutua	verbi	1772
tähytä	verbi	1771
huumata	verbi	1770
rehevöityä	verbi	1768
sulautua	verbi	1768
roihuta	verbi	1763
hätkähdyttää	verbi	1761
soutaa	verbi	1761
pelastautua	verbi	1760
dokumentoida	verbi	1759
tihkua	verbi	1757
ahdistua	verbi	1755
kuormittua	verbi	1755
saneerata	verbi	1754
hätyytellä	verbi	1752
kärjistää	verbi	1751
manipuloida	verbi	1747
riepotella	verbi	1740
kirkastaa	verbi	1736
kirkastua	verbi	1735
grillata	verbi	1734
kolahtaa	verbi	1734
hävettää	verbi	1731
venähtää	verbi	1731
hahmotella	verbi	1730
vaikuttua	verbi	1730
tepsiä	verbi	1727
tsempata	verbi	1723
tukeutua	verbi	1723
uskaltautua	verbi	1723
paukuttaa	verbi	1721
mitätöidä	verbi	1720
viilentää	verbi	1719
aliarvioida	verbi	1714
jututtaa	verbi	1713
imettää	verbi	1708
havainnoida	verbi	1703
valjeta	verbi	1703
häiriintyä	verbi	1702
kuivattaa	verbi	1699
vierähtää	verbi	1697
sadella	verbi	1693
lähennellä	verbi	1692
hellitä	verbi	1690
särkyä	verbi	1690
taivuttaa	verbi	1686
kerryttää	verbi	1677
kaahata	verbi	1672
liittoutua	verbi	1671
piitata	verbi	1668
pyyhkäistä	verbi	1660
kuskata	verbi	1659
laskeskella	verbi	1655
kuoria	verbi	1651
kastaa	verbi	1648
autoilla	verbi	1646
omistautua	verbi	1645
laihtua	verbi	1641
romahduttaa	verbi	1638
riivata	verbi	1637
liikutella	verbi	1636
kuihtua	verbi	1635
pyydystää	verbi	1631
tatuoida	verbi	1631
vammautua	verbi	1631
vaania	verbi	1628
vakuutella	verbi	1628
hyvästellä	verbi	1625
nesteyttää	verbi	1624
paiskia	verbi	1624
elävöittää	verbi	1620
niputtaa	verbi	1615
sävyttää	verbi	1613
sisustaa	verbi	1610
lipua	verbi	1609
ohjautua	verbi	1608
kokata	verbi	1606
tuohtua	verbi	1603
haavoittaa	verbi	1601
nuolla	verbi	1601
ristiä	verbi	1600
ulottaa	verbi	1599
jämähtää	verbi	1592
lämmitä	verbi	1592
mitoittaa	verbi	1590
listautua	verbi	1588
jäähdyttää	verbi	1586
halveta	verbi	1583
hipoa	verbi	1583
arveluttaa	verbi	1580
kartuttaa	verbi	1580
liukastua	verbi	1579
sonnustautua	verbi	1574
suitsuttaa	verbi	1574
ailahdella	verbi	1573
syventyä	verbi	1573
luisua	verbi	1569
tutkittaa	verbi	1568
kasaantua	verbi	1567
hurjastella	verbi	1566
virkata	verbi	1566
latautua	verbi	1561
helpota	verbi	1558
korkeakouluttaa	verbi	1551
helliä	verbi	1550
kuristaa	verbi	1550
töhriä	verbi	1550
istahtaa	verbi	1549
kaapia	verbi	1549
penätä	verbi	1547
tunnelmoida	verbi	1547
katsastaa	verbi	1545
hölmöillä	verbi	1543
muovata	verbi	1543
ontua	verbi	1542
halkoa	verbi	1535
adoptoida	verbi	1534
kelpuuttaa	verbi	1534
armahtaa	verbi	1530
suivaantua	verbi	1530
ajelehtia	verbi	1529
raivota	verbi	1529
yskiä	verbi	1529
pidätellä	verbi	1527
tasoittua	verbi	1527
piiskata	verbi	1526
vihtoa	verbi	1526
hurrata	verbi	1525
ravata	verbi	1524
pohjata	verbi	1522
vakauttaa	verbi*	1522
paketoida	verbi	1520
eläytyä	verbi	1518
kaivella	verbi	1518
kammeta	verbi	1516
lipsua	verbi	1515
hätkähtää	verbi	1514
tokaista	verbi	1514
lavastaa	verbi	1511
jyrähtää	verbi	1509
jäähtyä	verbi	1509
yksilöidä	verbi	1509
pyörtää	verbi	1507
rentouttaa	verbi	1506
tunnustella	verbi	1504
desinfioida	verbi	1502
myöhästellä	verbi	1500
seurustella	verbi	1496
tunkea	verbi	1495
päivitellä	verbi*	1494
kuuluttaa	verbi	1493
perehdyttää	verbi	1493
priorisoida	verbi	1488
matkia	verbi	1487
tyrehtyä	verbi	1487
uhota	verbi	1487
kokoustaa	verbi	1481
teurastaa	verbi	1481
vihjailla	verbi	1481
korjaantua	verbi	1479
täristä	verbi	1476
pulittaa	verbi	1474
omia	verbi	1473
kajota	verbi	1471
laahata	verbi	1470
lyhentyä	verbi	1470
kirittää	verbi	1469
luistaa	verbi	1469
viilettää	verbi	1468
jouduttaa	verbi	1467
kaunistella	verbi	1466
viilata	verbi	1466
viivyttää	verbi	1466
suolata	verbi	1465
hohtaa	verbi	1463
mokata	verbi	1461
avioitua	verbi	1460
kiitää	verbi	1458
sivaltaa	verbi	1455
hyytää	verbi	1451
rikkoontua	verbi	1449
täydentyä	verbi	1448
imeytyä	verbi	1445
raahata	verbi	1442
tentata	verbi	1442
leimahtaa	verbi	1441
puurtaa	verbi	1441
tituleerata	verbi	1441
uuvuttaa	verbi	1441
halvaantua	verbi	1437
tauota	verbi	1437
solvata	verbi	1436
eriytyä	verbi	1435
napsahtaa	verbi	1435
roskata	verbi	1434
vääristää	verbi	1434
aavistaa	verbi	1433
muuntaa	verbi	1433
paikallistaa	verbi	1431
kyytiä	verbi	1430
palttaa	verbi	1430
riipiä	verbi	1428
huipentaa	verbi	1426
nytkähtää	verbi	1424
lennellä	verbi	1419
venytellä	verbi	1419
kirjauttaa	verbi	1417
särkeä	verbi	1417
koventua	verbi	1413
tilittää	verbi	1413
halventaa	verbi	1412
taiteilla	verbi	1410
vastailla	verbi	1409
rämpiä	verbi	1407
livahtaa	verbi	1404
kietoutua	verbi	1403
matkailla	verbi	1402
silpoa	verbi	1402
herkutella	verbi	1401
irrottautua	verbi	1400
painella	verbi	1400
piisata	verbi	1399
kaupungistua	verbi	1398
loksahtaa	verbi	1397
henkiä	verbi	1393
kerjätä	verbi	1393
mitellä	verbi	1393
vesittää	verbi	1390
jumiutua	verbi	1387
nostella	verbi	1386
harhauttaa	verbi	1385
kaasutella	verbi	1384
lannistaa	verbi	1384
notkahtaa	verbi	1384
parjata	verbi	1384
lobata	verbi	1383
avittaa	verbi	1379
kirvellä	verbi	1377
vilkuttaa	verbi	1377
kompata	verbi	1375
kurkkia	verbi	1374
tutkailla	verbi	1374
kiipeillä	verbi	1373
nöyrtyä	verbi	1373
siirrellä	verbi	1370
valistaa	verbi	1369
rytmittää	verbi	1368
hitsata	verbi	1366
hikoilla	verbi	1365
haistella	verbi	1364
polkaista	verbi	1364
romuttua	verbi	1363
tyhjentyä	verbi	1361
lasketella	verbi	1359
pöllytä	verbi	1359
hahmottua	verbi	1358
puputtaa	verbi	1350
temmata	verbi	1350
mykistää	verbi	1342
parkkeerata	verbi	1342
syöstä	verbi	1336
lihoa	verbi	1333
ammuskella	verbi	1330
hetkauttaa	verbi	1330
häipyä	verbi	1330
ahdistella	verbi	1325
hoksata	verbi	1325
kahlata	verbi	1325
loihtia	verbi	1325
aukaista	verbi	1323
heijastella	verbi	1322
panssaroida	verbi	1322
normalisoitua	verbi	1321
piirtyä	verbi	1321
kismittää	verbi	1319
karistaa	verbi	1318
väärinkäyttää	verbi	1317
vaipua	verbi	1316
penkoa	verbi	1313
säännellä	verbi	1313
jäljitellä	verbi	1312
läpikäydä	verbi	1311
sisäistää	verbi	1310
käväistä	verbi	1304
kehkeytyä	verbi	1303
reissata	verbi	1300
punnertaa	verbi	1299
kipuilla	verbi	1297
lipsahtaa	verbi	1297
veloittaa	verbi	1297
viittoa	verbi	1297
lempiä	verbi	1294
korruptoitua	verbi	1292
kummitella	verbi	1291
lähentyä	verbi	1290
orastaa	verbi	1289
symboloida	verbi	1289
harjata	verbi	1288
kaikota	verbi	1288
stressaantua	verbi	1288
suoltaa	verbi	1283
televisioida	verbi	1283
pelästyä	verbi	1281
pehmentää	verbi	1280
pitkittää	verbi	1280
pimentää	verbi	1278
pätkiä	verbi	1278
pukata	verbi	1276
valahtaa	verbi	1274
tarrata	verbi	1273
puhella	verbi	1270
juurtua	verbi	1269
hautautua	verbi	1267
väheksyä	verbi	1264
myllätä	verbi	1263
automatisoida	verbi	1262
nautiskella	verbi	1261
ulkoiluttaa	verbi	1260
konsultoida	verbi	1258
vaientaa	verbi	1258
varttaa	verbi	1257
koukuta	verbi	1256
inhota	verbi	1255
kavaltaa	verbi	1255
kusta	verbi	1255
kauhoa	verbi	1253
kutea	verbi	1253
sensuroida	verbi	1252
häkeltyä	verbi	1251
suurentaa	verbi	1251
napauttaa	verbi	1246
rikastaa	verbi	1244
sotkeutua	verbi	1244
konkretisoitua	verbi	1243
silittää	verbi	1242
kauhistella	verbi	1241
leireillä	verbi	1241
tunnustautua	verbi	1240
kalastella	verbi	1238
lypsää	verbi	1238
rankata	verbi	1238
mukailla	verbi	1237
rohmuta	verbi	1235
sylkeä	verbi	1235
hämärtyä	verbi	1233
takkuilla	verbi	1231
alistua	verbi	1230
viiltää	verbi	1230
kompastua	verbi	1229
vakoilla	verbi	1228
kyntää	verbi	1227
epäilyttää	verbi	1226
syynätä	verbi	1226
monipuolistaa	verbi	1224
rehottaa	verbi	1222
uppoutua	verbi	1221
vääristyä	verbi	1221
heilutella	verbi	1218
kaupitella	verbi	1218
murjoa	verbi	1218
rapautua	verbi	1218
meikata	verbi	1217
kehaista	verbi	1212
oikoa	verbi	1212
ohjastaa	verbi	1211
ponnahtaa	verbi	1211
kiskoa	verbi	1210
hamstrata	verbi	1209
huuhdella	verbi	1208
ärsyyntyä	verbi	1207
ampaista	verbi	1205
sujuvoittaa	verbi	1204
niitata	verbi	1203
puuskahtaa	verbi	1198
kompuroida	verbi	1197
ohjailla	verbi	1196
ahmia	verbi	1195
huonontaa	verbi	1195
peseytyä	verbi	1195
hinnoitella	verbi	1192
säteillä	verbi	1192
munia	verbi	1191
ohjelmoida	verbi	1191
peittyä	verbi	1191
myötäillä	verbi	1188
ylimitoittaa	verbi	1188
järisyttää	verbi	1186
kirpaista	verbi	1183
myödä	verbi	1183
tehostua	verbi	1181
kauhistua	verbi	1178
leventää	verbi	1172
sähköistyä	verbi	1172
selailla	verbi	1165
jumittaa	verbi	1164
oksentaa	verbi	1163
leijailla	verbi	1162
liidellä	verbi	1161
pönkittää	verbi	1161
aikuistua	verbi	1158
kuvittaa	verbi	1157
pelkistää	verbi	1157
puhalluttaa	verbi	1156
haettaa	verbi	1155
sakata	verbi	1155
kohdentua	verbi	1154
paranee	verbi	1153
pullistella	verbi	1153
runnoa	verbi	1153
luennoida	verbi	1152
pitäytyä	verbi	1151
inspiroitua	verbi	1150
kummastuttaa	verbi	1150
kosketella	verbi	1149
kytätä	verbi	1149
vierastaa	verbi	1146
huojentua	verbi	1145
kuopata	verbi	1145
laskettaa	verbi	1145
valuttaa	verbi	1144
rakoilla	verbi	1143
jaella	verbi	1140
ponnistella	verbi	1140
villiintyä	verbi	1140
muurata	verbi	1139
roihahtaa	verbi	1139
intoutua	verbi	1137
kiteytyä	verbi	1137
hämätä	verbi	1134
keräillä	verbi	1132
kärvistellä	verbi	1131
jossitella	verbi	1130
veistellä	verbi	1130
naida	verbi	1127
blokata	verbi	1126
enteillä	verbi	1126
kilahtaa	verbi	1126
sykkiä	verbi	1126
suihkuttaa	verbi	1125
pimittää	verbi	1123
tekstittää	verbi	1123
mallintaa	verbi	1120
aprikoida	verbi	1118
nukuttaa	verbi	1118
sulatella	verbi	1117
seota	verbi	1116
vilkaista	verbi	1116
leikitellä	verbi	1115
nuijia	verbi	1115
taituroida	verbi	1114
näpäyttää	verbi	1113
tutustuttaa	verbi	1112
pakkautua	verbi	1111
risteillä	verbi	1110
suodattaa	verbi	1107
kajahtaa	verbi	1106
huitoa	verbi	1104
kiidättää	verbi	1101
entisöidä	verbi	1100
annostella	verbi	1099
koodata	verbi	1097
lamauttaa	verbi	1097
piileskellä	verbi	1097
kolkutella	verbi	1096
pähkäillä	verbi	1095
varmentaa	verbi	1095
vilahtaa	verbi	1095
masentaa	verbi	1093
rukata	verbi	1092
tuotteistaa	verbi	1092
täsmentyä	verbi	1092
ärtyä	verbi	1091
iskeytyä	verbi	1087
monipuolistua	verbi	1087
vankistaa	verbi	1086
padota	verbi	1085
raadella	verbi	1085
kiemurrella	verbi	1084
jumittua	verbi	1083
häkellyttää	verbi	1081
ripotella	verbi	1081
kaivertaa	verbi	1080
postittaa	verbi	1080
lahjoa	verbi	1078
aitoa	verbi	1077
hautoa	verbi	1077
livetä	verbi	1077
hymyilyttää	verbi	1076
muunnella	verbi	1076
raivostuttaa	verbi	1075
urkkia	verbi	1074
höystää	verbi	1073
improvisoida	verbi	1073
lääkitä	verbi	1073
hyydyttää	verbi	1071
kolata	verbi*	1065
matkustella	verbi	1063
naulata	verbi	1062
kiroilla	verbi	1060
pantata	verbi	1060
tallettaa	verbi	1060
ystävystyä	verbi	1060
pedata	verbi	1057
hermostuttaa	verbi	1055
pinkoa	verbi	1054
sitouttaa	verbi	1053
vaurastua	verbi	1053
ilmentää	verbi	1052
raikua	verbi	1052
uhkua	verbi	1051
paistatella	verbi	1049
runsastua	verbi	1049
setviä	verbi	1047
kauhistuttaa	verbi	1045
säännöstellä	verbi	1045
takertua	verbi	1045
rengastaa	verbi	1044
tekaista	verbi	1043
murentaa	verbi	1042
tuikata	verbi	1042
kaartaa	verbi	1041
häiriköidä	verbi	1040
ränsistyä	verbi	1039
bailata	verbi	1038
irtaantua	verbi	1036
integroida	verbi	1034
ankkuroida	verbi	1033
tuurata	verbi*	1032
ruopata	verbi	1031
tasapainoilla	verbi	1031
puolustella	verbi	1030
keinua	verbi	1029
lannistua	verbi	1028
ällistyttää	verbi	1026
kosiskella	verbi	1022
kaihtaa	verbi	1021
mustata	verbi	1020
pilkkiä	verbi	1020
haravoida	verbi	1018
kuhista	verbi	1018
niistää	verbi	1018
vääntyä	verbi	1018
eriarvoistua	verbi	1014
kohtuullistaa	verbi	1014
huuhtoutua	verbi	1011
kutkuttaa	verbi	1011
mukautua	verbi	1010
asustaa	verbi	1009
mullistua	verbi	1009
kurottaa	verbi	1007
järkkyä	verbi	1005
ujuttaa	verbi	1002
herpaantua	verbi	1001
lakaista	verbi	1001
aikatauluttaa	verbi	999
haukata	verbi	999
ruiskuttaa	verbi	999
ammottaa	verbi	998
tivata	verbi	996
sortaa	verbi	995
haljeta	verbi	994
väistellä	verbi	994
toimeenpanna	verbi	993
kevetä	verbi	992
suistaa	verbi	990
huudattaa	verbi	989
ynnätä	verbi	988
käskyttää	verbi	986
rahastaa	verbi	985
estyä	verbi	984
erääntyä	verbi	981
kuplia	verbi	980
leimautua	verbi	978
mietiskellä	verbi	978
hankkiutua	verbi	977
loikkia	verbi	977
takautua	verbi	977
kolhia	verbi	976
ihannoida	verbi	974
varmistella	verbi	973
kellistää	verbi	968
huuhtoa	verbi	967
tuskastua	verbi	967
heräillä	verbi	965
kolista	verbi	964
taustaa	verbi	964
vääristellä	verbi	964
harhailla	verbi	959
veivata	verbi	958
närkästyä	verbi	957
hemmotella	verbi	956
kuivaa	verbi	952
yhdenmukaistaa	verbi	950
madaltua	verbi	948
soljua	verbi	948
pyhittää	verbi	947
istuskella	verbi	946
raottaa	verbi	946
turvota	verbi	945
aikaistua	verbi	942
taivutella	verbi	941
ilmata	verbi	936
harveta	verbi	934
pureskella	verbi	933
tervehtää	verbi	933
liitää	verbi	932
tukehtua	verbi	932
mökkeillä	verbi	931
lamaantua	verbi	927
reunustaa	verbi	925
hokea	verbi	924
voimistaa	verbi	923
alueellistaa	verbi	922
kairata	verbi	922
kärkkyä	verbi	922
saarnata	verbi	922
levitellä	verbi	921
jumpata	verbi	920
vakinaistaa	verbi	919
onkia	verbi	917
häivyttää	verbi	916
retkeillä	verbi	915
savustaa	verbi	915
lahota	verbi	913
varustella	verbi	913
luettaa	verbi	911
asennoitua	verbi	910
missata	verbi	910
heilahtaa	verbi	909
myöntyä	verbi	909
tervehtyä	verbi	909
ryöpsähtää	verbi	908
otsikoida	verbi	907
voidella	verbi	906
kulminoitua	verbi	905
pyörtyä	verbi	904
puhista	verbi	903
kesyttää	verbi	902
herkistää	verbi	901
pamauttaa	verbi	899
toistella	verbi	898
paaluttaa	verbi	897
erottautua	verbi	896
osa-aikaistaa	verbi	896
kirjoitella	verbi	894
juonia	verbi	892
kaasuttaa	verbi	892
puhdistua	verbi	892
hälvetä	verbi	891
palella	verbi	891
puhkua	verbi	891
hätääntyä	verbi	889
ilmiantaa	verbi	887
sisuuntua	verbi	886
taputella	verbi	884
tukkeutua	verbi	884
lohkaista	verbi	883
ruostua	verbi	882
junnata	verbi	881
köyhtyä	verbi	881
mairitella	verbi	881
pyöräyttää	verbi	880
tyylitellä	verbi	880
kiiriä	verbi	879
rassata	verbi	879
eskaloitua	verbi	878
kapinoida	verbi	878
kiiruhtaa	verbi	877
hoivata	verbi	876
hankaloitua	verbi	874
liueta	verbi	874
riskeerata	verbi	874
kyynelehtiä	verbi	873
tuhkata	verbi	873
yleistää	verbi	870
kantaesittää	verbi	869
estellä	verbi	868
kaveta	verbi	868
kirmata	verbi	868
löysätä	verbi	868
pauhata	verbi	868
sujahtaa	verbi	868
skeitata	verbi	867
hälventää	verbi	866
rokata	verbi	866
makoilla	verbi	865
mieltyä	verbi	864
ropista	verbi	864
arvottaa	verbi	863
kikkailla	verbi	863
lumettaa	verbi	863
pääomittaa	verbi	862
pöyristyttää	verbi	862
seisahtua	verbi	861
avartaa	verbi	858
sairastuttaa	verbi	858
tarpoa	verbi	858
kirjoa	verbi	857
porhaltaa	verbi	857
realisoitua	verbi	857
rohjeta	verbi	857
hätiköidä	verbi	855
kavuta	verbi	854
koputtaa	verbi	854
kosia	verbi	853
kutistaa	verbi	853
jäätää	verbi	850
ahkeroida	verbi	848
imuroida	verbi	848
kanavoida	verbi	848
koluta	verbi	847
lehtiä	verbi	846
pyristellä	verbi	845
taintua	verbi	845
dramatisoida	verbi	843
eriyttää	verbi	843
näivettyä	verbi	843
notkua	verbi	840
töniä	verbi	840
viuhua	verbi	840
kipata	verbi	839
ojittaa	verbi	837
laukata	verbi	832
tempaista	verbi	832
tiuketa	verbi	832
vieraantua	verbi	832
nielaista	verbi	831
patistella	verbi	831
maksimoida	verbi	830
itkettää	verbi	829
punoa	verbi	829
hiekoittaa	verbi	828
nyrkkeillä	verbi	828
tällätä	verbi	828
laimentaa	verbi	825
myllertää	verbi	825
kadehtia	verbi	824
kiillottaa	verbi	824
mustamaalata	verbi	823
tsekata	verbi	823
veneillä	verbi	823
kolminkertaistaa	verbi	822
prässätä	verbi	822
synketä	verbi	820
luovia	verbi	819
ryvettyä	verbi	819
lievetä	verbi	818
rummuttaa	verbi	818
sivakoida	verbi	818
ehtyä	verbi	817
kypsentää	verbi	816
kisailla	verbi	815
pelailla	verbi	815
autioitua	verbi	812
koulia	verbi	812
kylmettyä	verbi	812
suvaita	verbi	812
videoida	verbi	812
puraista	verbi	807
ryypätä	verbi	807
muistua	verbi	806
simuloida	verbi	803
hakkeroida	verbi	802
virnuilla	verbi	802
ikävöidä	verbi	801
karista	verbi	801
kriminalisoida	verbi	801
sännätä	verbi	801
hirttää	verbi	800
karsastaa	verbi	800
teloa	verbi	799
ratsata	verbi	798
tanssittaa	verbi	796
elätellä	verbi	795
ryöpyttää	verbi	795
kohahduttaa	verbi	794
pulahtaa	verbi	794
rapauttaa	verbi	794
halkaista	verbi	793
musisoida	verbi	793
valveutua	verbi	793
huojentaa	verbi	792
puhkaista	verbi	792
rytistä	verbi	791
siementää	verbi	791
lapioida	verbi	789
samastua	verbi	788
törmäillä	verbi	788
huhkia	verbi	786
uittaa	verbi	786
viivytellä	verbi	784
editoida	verbi	783
kulottaa	verbi	783
paukutella	verbi	783
kuntoilla	verbi	779
leiriytyä	verbi	779
tarinoida	verbi	779
imaista	verbi	777
kurvata	verbi	777
noudatella	verbi	777
poukkoilla	verbi	777
sanoutua	verbi	776
uurastaa	verbi	776
lopahtaa	verbi	775
prosessoida	verbi	774
seisoskella	verbi	774
kurkata	verbi	773
survoa	verbi	773
polvistua	verbi	771
kalustaa	verbi	769
huudahtaa	verbi	768
jäävätä	verbi	766
lepuuttaa	verbi	765
rajautua	verbi	764
ryömiä	verbi	764
tönäistä	verbi	764
uinua	verbi	764
lumota	verbi	763
kohauttaa	verbi*	762
hajaantua	verbi	760
kavahtaa	verbi	760
monistaa	verbi	760
purskahtaa	verbi	760
elellä	verbi	759
syytellä	verbi	759
värjäytyä	verbi	759
johdatella	verbi	758
tulkata	verbi	757
viitoittaa	verbi	756
ylentää	verbi	756
erehdyttää	verbi	754
näppäillä	verbi	754
lähetellä	verbi	753
teollistua	verbi	753
hermoilla	verbi	752
pakoilla	verbi	751
pamahtaa	verbi	751
ponkaista	verbi	750
tähdittää	verbi	749
normalisoida	verbi	747
ryhmittyä	verbi	747
buuata	verbi	746
huojua	verbi	746
vaivautua	verbi	746
heilauttaa	verbi	745
lihottaa	verbi	745
vaimentaa	verbi	745
heittelehtiä	verbi	744
lenkkeillä	verbi	744
rahdata	verbi	744
rakennella	verbi	744
joutaa	verbi	743
mutkistua	verbi	743
naamioida	verbi	742
valvottaa	verbi	742
nimitellä	verbi	741
seurailla	verbi	741
tuhria	verbi	741
kumartaa	verbi	740
repäistä	verbi	740
teroittaa	verbi	740
pölyttää	verbi	739
höyrytä	verbi	738
jalostua	verbi	738
moukaroida	verbi	738
riistäytyä	verbi	738
vuodattaa	verbi	738
selkiyttää	verbi	736
junailla	verbi	735
polskia	verbi	735
helistä	verbi	734
sääliä	verbi*	734
moninkertaistaa	verbi	733
nelinkertaistua	verbi	733
paiskata	verbi	733
skannata	verbi	733
tekeytyä	verbi	731
palvoa	verbi	730
värkätä	verbi	730
huikata	verbi	729
hullaantua	verbi	729
kiinata	verbi	729
talkoilla	verbi	729
hiiltyä	verbi	728
korjailla	verbi	727
lepäillä	verbi	725
paimentaa	verbi	725
raikaa	verbi	724
sponsoroida	verbi	723
hengähtää	verbi	722
poltella	verbi	722
huvittua	verbi	721
vieroksua	verbi	721
tiskata	verbi	720
viilentyä	verbi	720
digitoida	verbi	719
sairastella	verbi	719
harpata	verbi	718
soluttautua	verbi	718
mutkistaa	verbi	717
ilmastaa	verbi	716
pörrätä	verbi	716
puhkoa	verbi	714
tuudittautua	verbi	714
virkistyä	verbi	714
salailla	verbi	712
lieventyä	verbi	711
maatua	verbi	711
rohkaistua	verbi	710
lainehtia	verbi	708
kalvaa	verbi	707
kontata	verbi	707
kaupallistaa	verbi	706
marssittaa	verbi	706
verhota	verbi	705
jyristä	verbi	700
vieriä	verbi	700
kaduttaa	verbi	699
kätkeytyä	verbi	699
paleltua	verbi	699
puutua	verbi	699
tuijotella	verbi	699
ryhdistäytyä	verbi	698
kirota	verbi	697
riitauttaa	verbi	696
vyöryttää	verbi	696
myöhästyttää	verbi	695
rypeä	verbi	695
tuikkia	verbi	695
kumartua	verbi	694
suurentua	verbi	694
taikoa	verbi	694
filmata	verbi	693
korkata	verbi	693
kurkottaa	verbi	693
tyrkyttää	verbi	693
virittäytyä	verbi	693
totuttaa	verbi	692
kummeksua	verbi	691
pahoittaa	verbi	690
piikitellä	verbi	690
ylivelkaantua	verbi	690
päntätä	verbi	689
valaistua	verbi	689
vatvoa	verbi	689
kahlita	verbi	688
tähyillä	verbi	688
hivellä	verbi	685
sulauttaa	verbi	685
kietoa	verbi	684
liikahtaa	verbi	684
pullottaa	verbi	684
juontua	verbi	683
värjääntyä	verbi	683
valistua	verbi	682
oleilla	verbi	680
sutia	verbi	680
talloa	verbi	680
häpeillä	verbi	679
intoilla	verbi	679
kriisiytyä	verbi	679
kiintyä	verbi	678
lannoittaa	verbi	678
restauroida	verbi	677
pilkistää	verbi	676
rikastuttaa	verbi	676
tervehdyttää	verbi	676
kiljua	verbi	675
eliminoida	verbi	674
optimoida	verbi	674
prostituoida	verbi	674
koukuttaa	verbi	672
koukata	verbi	671
haluttaa	verbi	670
haparoida	verbi	669
sparrata	verbi	668
modernisoida	verbi	667
irvailla	verbi	666
kuorruttaa	verbi	666
lusia	verbi	666
maittaa	verbi	666
putkahtaa	verbi	666
välkkyä	verbi	666
kompostoida	verbi	665
moikata	verbi	665
pehmetä	verbi	665
henkilöityä	verbi	664
paloitella	verbi	664
pesiytyä	verbi	663
soimata	verbi	663
tuumailla	verbi	663
likaantua	verbi	662
parveilla	verbi	662
golfata	verbi	661
kukistua	verbi	661
vierittää	verbi	660
halveksia	verbi	659
noukkia	verbi	659
nälkiintyä	verbi	658
luhistua	verbi	657
jaotella	verbi	656
shoppailla	verbi	656
masinoida	verbi	655
hoputtaa	verbi	654
halia	verbi	653
kuulostella	verbi	653
väijyä	verbi	652
pelästyttää	verbi	651
keritä	verbi*	650
seljetä	verbi	650
suostutella	verbi	650
hukuttaa	verbi	649
juoksennella	verbi	649
kangerrella	verbi	649
voimistella	verbi	649
himmentää	verbi	648
aaltoilla	verbi	647
ahertaa	verbi	647
mopoilla	verbi	647
sekoilla	verbi	647
raitistua	verbi	646
terävöittää	verbi	645
ruoskia	verbi	644
bilettää	verbi	643
tylsistyä	verbi	642
udella	verbi	642
popsia	verbi	641
täsmätä	verbi	641
väsähtää	verbi	641
integroitua	verbi	640
korvamerkitä	verbi	640
karvata	verbi	639
kiiltää	verbi	639
tulistua	verbi	639
harmaantua	verbi	636
pöllyttää	verbi	636
hilata	verbi	635
kirkua	verbi	635
pirstaloitua	verbi	635
luodata	verbi	634
seisauttaa	verbi	633
kipeytyä	verbi	632
lohjeta	verbi	632
ahtaa	verbi	630
kerjetä	verbi	630
kylmätä	verbi	629
ärähtää	verbi	629
tyrmistyttää	verbi	626
etääntyä	verbi	625
kyyditä	verbi	625
linkittää	verbi	625
liukastella	verbi	625
leiskauttaa	verbi	624
nakata	verbi	624
ääntää	verbi	621
keilata	verbi	620
linnoittautua	verbi	620
luonnostella	verbi	620
patoutua	verbi	620
raataa	verbi	619
tilkitä	verbi	619
lamaannuttaa	verbi	618
tuhahtaa	verbi	618
harmistua	verbi	615
kyllästyttää	verbi	615
sättiä	verbi	615
vakavoitua	verbi	615
ulvoa	verbi	611
kiukutella	verbi	610
haaroa	verbi	609
kuumentua	verbi	609
imitoida	verbi	607
häärätä	verbi	606
muuntautua	verbi	606
pinnoittaa	verbi	606
vieraannuttaa	verbi	606
entää	verbi	605
kaivautua	verbi	605
kyllästää	verbi	605
löylyttää	verbi	605
vilahdella	verbi	602
hieraista	verbi	600
loisia	verbi	600
pulputa	verbi	600
surettaa	verbi	600
liietä	verbi	599
painiskella	verbi	599
selkiytyä	verbi	599
hämärtää	verbi	598
huristella	verbi	596
kiikuttaa	verbi	595
käpertyä	verbi	595
pistäytyä	verbi	595
pyyhältää	verbi	595
ulosmitata	verbi	595
surffata	verbi	594
temppuilla	verbi	594
shokeerata	verbi	593
höylätä	verbi	592
juottaa	verbi	592
uhitella	verbi	591
sujauttaa	verbi	590
vilkuilla	verbi	590
kehystää	verbi	589
repeytyä	verbi	588
pehmittää	verbi	587
taivaltaa	verbi	587
ahtautua	verbi	586
surkutella	verbi	586
syytää	verbi	585
suureta	verbi	584
tärvellä	verbi	584
lävistää	verbi	582
lähentää	verbi	581
pallotella	verbi	581
osoitella	verbi	580
valmentautua	verbi	580
hoidella	verbi	579
juuria	verbi	579
äimistellä	verbi	579
rapsahtaa	verbi	578
työntyä	verbi	578
halventua	verbi	577
hiillostaa	verbi	577
käännellä	verbi	577
pölytä	verbi	577
ruuvata	verbi	577
flopata	verbi	576
korista	verbi	576
huokailla	verbi	575
donkata	verbi	574
passata	verbi*	574
välähtää	verbi	574
googlata	verbi	573
roiskua	verbi	572
tonkia	verbi	572
jähmettyä	verbi	571
kostua	verbi	570
hengästyä	verbi	569
vioittua	verbi	569
hätistellä	verbi	568
pujottaa	verbi	568
tummua	verbi	568
ehostaa	verbi	567
ounastella	verbi	567
kurvailla	verbi	566
hidastella	verbi	565
kuumottaa	verbi*	565
tuhlailla	verbi	565
virallistaa	verbi	563
kalveta	verbi	562
vikaantua	verbi	562
ällistyä	verbi	562
kiirehtää	verbi	561
murentua	verbi	560
uhrautua	verbi	560
levähtää	verbi*	559
nikkaroida	verbi	559
maattaa	verbi	558
napsauttaa	verbi	558
pilkottaa	verbi	558
mädätä	verbi	557
kutsuttaa	verbi	556
tapailla	verbi	556
liekehtiä	verbi	555
luutia	verbi	555
numeroida	verbi	555
panikoida	verbi	555
halailla	verbi	554
kyykyttää	verbi	554
luikerrella	verbi	554
mellakoida	verbi	554
tikittää	verbi	554
hioutua	verbi	553
aliarvostaa	verbi	552
närästää	verbi	551
oirehtia	verbi	551
arastella	verbi	550
tahrata	verbi	550
tärpätä	verbi	550
rapsuttaa	verbi	549
sählätä	verbi	549
kypsyttää	verbi	548
lujittaa	verbi	548
sumentaa	verbi	547
myrskytä	verbi	546
putoilla	verbi	546
ylikuormittua	verbi	546
lakittaa	verbi	545
muovautua	verbi	545
tuputtaa	verbi	545
buukata	verbi	544
kuvantaa	verbi	544
kärrätä	verbi	544
nuuskata	verbi	544
haukkoa	verbi	541
hauskuuttaa	verbi	541
lainoittaa	verbi	541
testamentata	verbi	540
elehtiä	verbi	539
huidella	verbi	539
pisteittää	verbi	539
päästellä	verbi	539
vilkastuttaa	verbi	539
kidnapata	verbi	538
teeskennellä	verbi	538
harjaantua	verbi	537
laskelmoida	verbi	537
tärähtää	verbi	537
tökätä	verbi	536
herjata	verbi	535
nitistää	verbi	535
tohtia	verbi	535
hötkyillä	verbi	534
puuhastella	verbi	534
tuupata	verbi	534
nojautua	verbi	533
paineistaa	verbi	533
syötellä	verbi	533
vertautua	verbi	531
kansoittaa	verbi	530
pyryttää	verbi	530
kumarrella	verbi	529
ällöttää	verbi	529
asustella	verbi	528
kansallistaa	verbi	528
paikkailla	verbi	528
riemastuttaa	verbi	528
organisoitua	verbi	527
polarisoitua	verbi	527
rimpuilla	verbi	527
vuorata	verbi	527
eriarvoistaa	verbi	526
paiskoa	verbi	526
uiskennella	verbi	526
vihertää	verbi	525
mahduttaa	verbi	524
ryydittää	verbi	524
tyrehdyttää	verbi	524
heilahdella	verbi	523
pujotella	verbi	523
pyydellä	verbi	523
silitellä	verbi	523
amputoida	verbi	522
taitella	verbi	521
tupsahtaa	verbi	521
jäsentää	verbi	520
nivoutua	verbi	520
kaunistaa	verbi	519
nököttää	verbi	519
rysähtää	verbi	519
syöpyä	verbi	519
viillellä	verbi	519
emännöidä	verbi	518
kaartua	verbi	518
pistellä	verbi	518
ryövätä	verbi	517
älähtää	verbi	516
sälyttää	verbi	515
haalistua	verbi	514
rasvata	verbi	514
riemastua	verbi	514
asettautua	verbi	513
paisuttaa	verbi	513
puuduttaa	verbi	513
nyökytellä	verbi	512
tupruttaa	verbi	512
virtsata	verbi	512
uskotella	verbi	511
humaltua	verbi	510
kivittää	verbi	510
maahantuoda	verbi	510
rymistellä	verbi	510
viskata	verbi	510
nyppiä	verbi	509
flirttailla	verbi	507
imeyttää	verbi	506
kampittaa	verbi	506
mollata	verbi	505
tampata	verbi*	505
järistä	verbi	504
karhuta	verbi	504
kiertyä	verbi	504
ilakoida	verbi	503
mutkitella	verbi	503
paastota	verbi	502
sinkoilla	verbi	502
säkenöidä	verbi	502
vuolla	verbi	502
huitaista	verbi	501
ylikuumeta	verbi	501
rappeutua	verbi	500
havahduttaa	verbi	499
pinota	verbi	498
taktikoida	verbi	498
näivettää	verbi	497
politisoitua	verbi	497
porista	verbi	497
vaivaantua	verbi	497
hiihdellä	verbi	496
sertifioida	verbi	496
syleillä	verbi	496
tyyntyä	verbi	496
hitsautua	verbi	494
liennyttää	verbi	494
höllätä	verbi	493
syövyttää	verbi	493
hapuilla	verbi	492
kukittaa	verbi	492
käyskennellä	verbi	492
lyyhistyä	verbi	492
lätkäistä	verbi	492
revitellä	verbi	491
suoristaa	verbi	491
talttua	verbi	491
tuikkaa	verbi	491
arkailla	verbi	490
harhautua	verbi	490
imarrella	verbi	490
kyläillä	verbi	490
typistää	verbi	490
deittailla	verbi	489
pisteyttää	verbi	489
ukkostaa	verbi	489
mukauttaa	verbi	488
myötävaikuttaa	verbi	488
piristä	verbi	488
heikota	verbi	487
hersyä	verbi	487
ryskyä	verbi	487
karjua	verbi	486
tahdittaa	verbi	486
pyssyttää	verbi	485
riehaantua	verbi	485
sapettaa	verbi	484
homehtua	verbi	483
katkeilla	verbi	483
merkittää	verbi	483
naputella	verbi	482
ristetä	verbi	482
sinkoutua	verbi	482
virua	verbi	482
asfaltoida	verbi	481
erkaantua	verbi	480
mittailla	verbi	480
todistella	verbi	480
singahtaa	verbi	479
tuupertua	verbi	479
liata	verbi	478
oieta	verbi	478
hienontaa	verbi	477
kaihertaa	verbi	477
printata	verbi	477
lässähtää	verbi	476
rapsutella	verbi	476
rökittää	verbi	476
töytäistä	verbi	476
virpoa	verbi	476
kilpistyä	verbi	475
puuhailla	verbi	475
räväyttää	verbi	475
muistutella	verbi	474
rutistaa	verbi	474
halvaannuttaa	verbi	472
taimia	verbi	472
jaksottaa	verbi	471
kiikaroida	verbi	471
luonnistua	verbi	471
jysäyttää	verbi	470
rustata	verbi	470
tenttiä	verbi	470
vatkata	verbi	470
häpäistä	verbi	469
juopua	verbi	469
keretä	verbi	469
korvautua	verbi	469
kömpiä	verbi	469
pölyttyä	verbi	469
sokeutua	verbi	469
hassutella	verbi	468
laimeta	verbi	467
synkentää	verbi	467
kitua	verbi	466
kuiskata	verbi	466
latistaa	verbi	466
nojailla	verbi	466
aukoa	verbi	464
enetä	verbi	464
silmäillä	verbi	464
heltyä	verbi	463
profiloida	verbi	462
salakuunnella	verbi	462
hengästyttää	verbi	460
kutkuta	verbi	460
madella	verbi	460
sukupuolittua	verbi	460
nytkiä	verbi	458
hivuttautua	verbi	457
kahvitella	verbi	457
veikkailla	verbi	456
kouria	verbi	455
mässäillä	verbi	455
kurjistaa	verbi	454
liftata	verbi	454
sumuttaa	verbi	454
pirstoutua	verbi	452
provosoitua	verbi	452
pulpahtaa	verbi	452
vesittyä	verbi	452
hiiskua	verbi	451
tarjeta	verbi	451
hörpätä	verbi	450
ladella	verbi	450
marjastaa	verbi	450
tykästyä	verbi	450
nykiä	verbi	449
vilvoitella	verbi	449
pelleillä	verbi	448
trimmata	verbi	447
huhuilla	verbi	446
inventoida	verbi	446
sivellä	verbi	446
erittää	verbi	445
netota	verbi	444
parsia	verbi	444
tuuletella	verbi	444
typistyä	verbi	444
nääntyä	verbi	442
patentoida	verbi	442
sooloilla	verbi	442
alittua	verbi	440
konkretisoida	verbi	440
kovettua	verbi	440
mullata	verbi	440
turtua	verbi	440
tallata	verbi	439
tungeksia	verbi	439
joogata	verbi	438
kynsiä	verbi	438
laulattaa	verbi	438
märehtiä	verbi	438
jutustella	verbi	437
lopetella	verbi	436
marjoa	verbi	436
nolata	verbi	435
rutinoitua	verbi	435
räplätä	verbi	435
sulloa	verbi	435
erittyä	verbi	434
tepastella	verbi	434
koputella	verbi	433
käräyttää	verbi	433
ravistaa	verbi	433
hangata	verbi	432
huolitella	verbi	432
kyhätä	verbi	432
juurruttaa	verbi	431
miksata	verbi	431
nykäistä	verbi	430
vaellella	verbi	430
arkipäiväistyä	verbi	429
mahdollistua	verbi	429
kilistä	verbi	428
meritoitua	verbi	428
usuttaa	verbi	428
vilauttaa	verbi	428
ylettyä	verbi	428
horjahtaa	verbi	427
jalkauttaa	verbi	427
kilvoitella	verbi	427
kimallella	verbi	427
irrotella	verbi	426
karahtaa	verbi	426
kirjelmöidä	verbi	426
realisoida	verbi	426
tainnuttaa	verbi	426
tulouttaa	verbi	426
evästää	verbi	425
hylkiä	verbi	424
mittauttaa	verbi	423
pudotella	verbi	423
veisata	verbi	423
huimata	verbi	422
lennähtää	verbi	422
hätäillä	verbi	421
nuorentua	verbi	421
nuuhkia	verbi	421
rysäyttää	verbi	421
arkistoida	verbi	420
salamoida	verbi	420
vavisuttaa	verbi	420
haiskahtaa	verbi	419
pöyhiä	verbi	419
jyrsiä	verbi	418
vauhdittua	verbi	418
ehdotella	verbi	416
hihkua	verbi	416
rupatella	verbi	416
nyökätä	verbi	415
tylyttää	verbi	415
kehrätä	verbi	414
löystyä	verbi	414
pyöristää	verbi	414
hauduttaa	verbi	413
paistua	verbi	413
nykyaikaistaa	verbi	412
mätkäistä	verbi	411
palailla	verbi	411
puhallella	verbi	411
rapata	verbi*	411
jysähtää	verbi	410
myöhentää	verbi	410
nylkeä	verbi	410
siunaantua	verbi	410
teilata	verbi	410
kovistella	verbi	409
laivata	verbi	409
nokkia	verbi	409
raaputtaa	verbi	409
köllötellä	verbi	408
piikittää	verbi	408
radioida	verbi	407
sementoida	verbi	407
läikkyä	verbi	406
vetäistä	verbi	406
haarukoida	verbi	405
kurjistua	verbi	405
savuttaa	verbi	405
kipparoida	verbi	404
kammata	verbi	403
karvoa	verbi	403
tähystää	verbi	403
skarpata	verbi	402
suoria	verbi	402
kesyyntyä	verbi	401
korjauttaa	verbi	401
makustella	verbi	401
närkästyttää	verbi	401
hosua	verbi	400
rouhia	verbi	400
saksia	verbi	400
kolistella	verbi	399
singota	verbi	399
ammuttaa	verbi	398
kopata	verbi	398
pisiä	verbi	398
maksattaa	verbi	396
turistaa	verbi	396
värjötellä	verbi	396
putata	verbi	395
keventyä	verbi	394
purnata	verbi	394
pyörähdellä	verbi	393
liottaa	verbi	392
ajattaa	verbi	391
kehiä	verbi	391
kuormata	verbi	391
patikoida	verbi	391
tuta	verbi	391
järkeillä	verbi	390
kellastua	verbi	390
sabotoida	verbi	389
kyydittää	verbi	388
nolottaa	verbi	388
rehevöittää	verbi	388
marinoida	verbi	387
tarhata	verbi	387
pölistä	verbi*	386
toitottaa	verbi	386
yskähdellä	verbi	386
asemoida	verbi	385
maallistua	verbi	384
otaksua	verbi	383
törttöillä	verbi	383
signeerata	verbi	381
svengata	verbi	381
tahria	verbi	380
ylpeillä	verbi	380
lyöttäytyä	verbi	379
silputa	verbi	379
terästää	verbi	379
solahtaa	verbi	377
humista	verbi	376
iskostua	verbi	376
meluta	verbi	376
värähtää	verbi	376
hautua	verbi	374
hyljeksiä	verbi	374
kimaltaa	verbi	374
mestata	verbi	374
tutkituttaa	verbi	374
eheyttää	verbi	372
ulostaa	verbi	372
lyöttyä	verbi	371
nivoa	verbi	371
nuuskia	verbi	371
virota	verbi	371
alisuorittaa	verbi	370
halkeilla	verbi	370
anella	verbi	369
animoida	verbi	369
jäytää	verbi	369
kertoilla	verbi	369
lilliä	verbi	369
raahautua	verbi	369
rapista	verbi	369
sivistää	verbi	369
vihkiytyä	verbi	369
irvistää	verbi	368
kuljeskella	verbi	368
myllyttää	verbi	368
petata	verbi	368
suihkuta	verbi	368
kylvettää	verbi	367
lillua	verbi	367
pakastua	verbi	367
sirotella	verbi	367
tyynnytellä	verbi	367
korreloida	verbi	366
tutua	verbi	366
letkauttaa	verbi	365
tutista	verbi	365
pärähtää	verbi	364
jatkojalostaa	verbi	363
kallistaa	verbi*	363
loukuttaa	verbi	363
napostella	verbi	363
passivoitua	verbi	363
tarkistuttaa	verbi	363
vedättää	verbi	363
lukkiutua	verbi	362
viskoa	verbi	362
breikata	verbi	361
kieriä	verbi	361
kokkailla	verbi	361
sienestää	verbi	361
suomettua	verbi	361
eritä	verbi	360
haaskata	verbi	360
nöyristellä	verbi	360
oudoksua	verbi	360
porottaa	verbi	360
rastia	verbi	359
öljytä	verbi	359
aavistella	verbi	358
välineellistää	verbi	358
demilitarisoida	verbi	357
hellyttää	verbi	357
mädäntyä	verbi	357
reikiintyä	verbi	356
teititellä	verbi	356
terrorisoida	verbi	356
hulmuta	verbi	355
sinetöityä	verbi	355
digitalisoida	verbi	354
selvityttää	verbi	354
vettyä	verbi	354
kaarrella	verbi	353
mustua	verbi	353
roskaantua	verbi	353
yhdentyä	verbi	353
haurastua	verbi	352
loppusijoittaa	verbi	352
ujostella	verbi	351
hinkua	verbi	350
lipota	verbi	350
natista	verbi	350
sepittää	verbi	350
pinttyä	verbi	349
kompastella	verbi	348
räiskyä	verbi	348
sokaista	verbi	348
aterioida	verbi	347
kloorata	verbi	347
säihkyä	verbi	347
torpata	verbi	347
kimmeltää	verbi	346
kutittaa	verbi	346
pissata	verbi	346
raunioitua	verbi	346
murskaantua	verbi	345
kaipailla	verbi	344
varhentaa	verbi	344
aivastaa	verbi	343
etäännyttää	verbi	343
kimpaantua	verbi	343
konservoida	verbi	343
sikailla	verbi	343
kilauttaa	verbi	342
kostuttaa	verbi	342
pariutua	verbi	342
riitautua	verbi	342
verkottua	verbi	342
kuvottaa	verbi	341
murjaista	verbi	341
riitaantua	verbi	341
runoilla	verbi	341
selitä	verbi	341
lasittaa	verbi	340
oheta	verbi	340
pinnistellä	verbi	340
hinkata	verbi	339
holhota	verbi	339
hölkätä	verbi	339
kajauttaa	verbi	339
lumoutua	verbi	339
ruuhkata	verbi	339
rönsyillä	verbi	339
vaimeta	verbi	339
nieleskellä	verbi	338
vapista	verbi	338
mukista	verbi	337
harventua	verbi	336
musertaa	verbi	336
tikata	verbi	335
vinkua	verbi	335
kanavoitua	verbi	334
leiskua	verbi	334
paritella	verbi	334
vietellä	verbi	334
pakkolunastaa	verbi	333
uuttaa	verbi	333
ylikuumentua	verbi	333
ylireagoida	verbi	333
rasittua	verbi	332
kinastella	verbi	331
lepattaa	verbi	331
muokkautua	verbi	331
törröttää	verbi	331
hätkäyttää	verbi	330
hörppiä	verbi	330
kotkata	verbi	330
liikuskella	verbi	330
ohitella	verbi	330
pusertaa	verbi	330
pussata	verbi	330
hölmistyä	verbi	329
jyvittää	verbi	329
kehuskella	verbi	329
luetteloida	verbi	329
ajastaa	verbi	327
ehättää	verbi	327
himmetä	verbi	327
kansainvälistää	verbi	327
tympääntyä	verbi	327
voivotella	verbi	327
haltioitua	verbi	326
höyrystyä	verbi	326
kinata	verbi	326
oksettaa	verbi	326
roiskia	verbi	326
rääkätä	verbi	326
selkeytyä	verbi	326
sojottaa	verbi	326
tyriä	verbi	326
väsätä	verbi	326
ankkuroitua	verbi	325
kolkuttaa	verbi	325
pierrä	verbi	325
raiteilla	verbi	325
sohia	verbi	325
karkailla	verbi	324
kuivahtaa	verbi	324
myötäelää	verbi	324
puhkia	verbi	324
resonoida	verbi	324
runtata	verbi	324
samentua	verbi	324
hirvitä	verbi	323
siivilöidä	verbi	323
mellastaa	verbi	322
möyhentää	verbi	322
natsata	verbi	322
räjähdellä	verbi	322
varastoitua	verbi	322
aateloida	verbi	321
hypistellä	verbi	321
polveilla	verbi	321
raksuttaa	verbi	321
sommitella	verbi	321
tarrautua	verbi	321
viisastua	verbi	321
joiata	verbi	320
kirjailla	verbi	320
reputtaa	verbi	319
yliarvioida	verbi	319
kovettaa	verbi	318
argumentoida	verbi	317
kertautua	verbi	317
synkentyä	verbi	317
takellella	verbi	317
metsittää	verbi	316
piipata	verbi*	316
rynnäköidä	verbi	316
alkoholisoitua	verbi	315
googlettaa	verbi	315
herkistellä	verbi	315
jammailla	verbi	315
lingota	verbi	315
maanitella	verbi	315
sukkuloida	verbi	315
versoa	verbi	315
keikahtaa	verbi	314
lymyillä	verbi	314
nilkuttaa	verbi	313
aikailla	verbi	312
haaksirikkoutua	verbi	312
nuohota	verbi	312
seisottaa	verbi	312
ruskettua	verbi	311
silotella	verbi	311
vihastuttaa	verbi	311
alijäähtyä	verbi	310
harvinaistua	verbi	310
hyllyä	verbi	310
ketjuttaa	verbi	310
siistiytyä	verbi	310
diskata	verbi	309
kaahailla	verbi	309
räyhätä	verbi	309
uneksia	verbi	309
hykerrellä	verbi	308
höllentyä	verbi	308
ilmoitella	verbi	308
loimuta	verbi	308
lokeroida	verbi	308
psyykata	verbi	308
harata	verbi	307
juolahtaa	verbi	307
piirrellä	verbi	307
tekstata	verbi	307
korveta	verbi	306
lotota	verbi	306
lukkaroida	verbi	306
hurmioitua	verbi	305
kiukuttaa	verbi	305
muutella	verbi	305
puristua	verbi	305
verrytellä	verbi	305
juopotella	verbi	304
kumista	verbi	303
punoittaa	verbi	302
etoa	verbi	301
köyhdyttää	verbi	301
pahastua	verbi	301
roikottaa	verbi	301
hengata	verbi	300
huovuttaa	verbi	300
härnätä	verbi	300
rehkiä	verbi	300
verhoutua	verbi	300
karmia	verbi	299
lueskella	verbi	299
läjittää	verbi	299
nyrhiä	verbi	299
reklamoida	verbi	299
riutua	verbi	299
totuttautua	verbi	299
visualisoida	verbi	299
haksahtaa	verbi	298
kurkistella	verbi	298
nahistella	verbi	298
peukaloida	verbi	298
viipaloida	verbi	298
piestä	verbi	297
tupruta	verbi	297
pieksää	verbi	296
puettaa	verbi	296
tylsyttää	verbi	296
inhimillistää	verbi	295
iskostaa	verbi	295
levetä	verbi	295
pötkiä	verbi	295
istuutua	verbi	294
jännätä	verbi	294
kihelmöidä	verbi	294
poistattaa	verbi	294
ummistaa	verbi	294
hipaista	verbi	293
hurauttaa	verbi	293
kääriytyä	verbi	293
mykistyä	verbi	293
tutkiskella	verbi	293
möyriä	verbi	292
pilailla	verbi	292
hohkata	verbi	291
höykyttää	verbi	291
painattaa	verbi	291
taapertaa	verbi	291
tiirailla	verbi	291
kypsytellä	verbi	290
liuottaa	verbi	290
naittaa	verbi	290
pyrähtää	verbi	290
telakoitua	verbi	290
töydätä	verbi	290
haukotella	verbi	289
kivetä	verbi	289
luutua	verbi	289
pyyhkiytyä	verbi	289
telttailla	verbi	289
törsätä	verbi	289
halveksua	verbi	288
jengiytyä	verbi	288
mobilisoida	verbi	288
näännyttää	verbi	288
sadatella	verbi	288
somistaa	verbi	288
synkistää	verbi	288
tuskastuttaa	verbi	288
vaahdota	verbi	288
äännellä	verbi	288
jyskyttää	verbi	287
jäljestää	verbi	287
kellahtaa	verbi	287
kiehauttaa	verbi	287
moottoroida	verbi	287
harppoa	verbi	286
mylviä	verbi	286
narahtaa	verbi	286
järkeistää	verbi	285
kipittää	verbi	285
lounastaa	verbi	285
roudata	verbi	285
ahnehtia	verbi	284
katkeroitua	verbi	284
kiillellä	verbi	284
monimutkaistua	verbi	284
repeillä	verbi	284
kuohahtaa	verbi	283
lie	verbi	283
nujakoida	verbi	283
tipahdella	verbi	283
vihmoa	verbi	283
fuusioitua	verbi	282
parahtaa	verbi	282
pysyttää	verbi	282
hajautua	verbi	281
ilkkua	verbi	281
kangistua	verbi	281
narrata	verbi	281
stimuloida	verbi	281
turruttaa	verbi	281
hoidattaa	verbi	280
ristiinnaulita	verbi	280
tuulettua	verbi	280
nuorentaa	verbi	279
reistailla	verbi	279
rumentaa	verbi	279
steriloida	verbi	278
arvuutella	verbi	277
etsiytyä	verbi	277
lymytä	verbi	277
parodioida	verbi	277
sekoitella	verbi	277
vieroittaa	verbi	277
häilyä	verbi	276
raaistua	verbi	276
repsahtaa	verbi	276
temmeltää	verbi	276
esineellistää	verbi	275
kutista	verbi	275
laistaa	verbi	275
siitä	verbi	275
jeesata	verbi	274
kimmota	verbi	274
kohennella	verbi	274
lanata	verbi	274
lipsauttaa	verbi	274
raaskia	verbi	274
rinnastua	verbi	274
töpeksiä	verbi	274
velmuilla	verbi	274
dumpata	verbi	273
laittautua	verbi	273
orjuuttaa	verbi	273
tauottaa	verbi	273
värittyä	verbi	273
rampata	verbi	272
rusikoida	verbi	272
teetättää	verbi	272
luiskahtaa	verbi	271
tihentää	verbi	271
haihduttaa	verbi	270
kieppua	verbi	270
museoida	verbi	270
väreillä	verbi	270
ryhmitellä	verbi	269
manailla	verbi	268
paksuuntua	verbi	268
väljentää	verbi	268
hyräillä	verbi	267
koeajaa	verbi	267
nelinkertaistaa	verbi	267
pullistua	verbi	267
pysäytellä	verbi	267
yhteyttää	verbi	267
näprätä	verbi	266
raapaista	verbi	266
kerrostua	verbi	265
pullahtaa	verbi	265
kakata	verbi	264
kivettyä	verbi	264
passivoida	verbi	264
viehättyä	verbi	264
vinoutua	verbi	264
värähdellä	verbi	264
jylistä	verbi	263
keikuttaa	verbi	263
leikkauttaa	verbi	263
muovittaa	verbi	263
naputtaa	verbi	263
pujahtaa	verbi	263
alimitoittaa	verbi	262
ohentaa	verbi	262
vilistää	verbi	262
kehoittaa	verbi	261
ryöpytä	verbi	261
tyhjätä	verbi	261
täystyöllistää	verbi	261
julkilausua	verbi	260
kaluta	verbi	260
kroonistua	verbi	260
makeuttaa	verbi	260
mököttää	verbi	260
loikoilla	verbi	259
tummentaa	verbi	259
valkaista	verbi	259
virkistäytyä	verbi	259
digata	verbi	258
fiilistellä	verbi	258
hirvetä	verbi	258
kipsata	verbi	258
korjautua	verbi	258
luukuttaa	verbi	258
porautua	verbi	258
kaitsea	verbi	257
kukkua	verbi	257
murskautua	verbi	257
nuhdella	verbi	257
ostella	verbi	257
puolata	verbi	257
terästäytyä	verbi	257
tumpata	verbi	257
hyssytellä	verbi	256
kampata	verbi	256
pimentyä	verbi	256
synkistellä	verbi	256
hajasijoittaa	verbi	255
kyykistyä	verbi	255
tuohia	verbi	255
älytä	verbi	255
hirttäytyä	verbi	253
kuolettaa	verbi	253
leikellä	verbi	253
lintsata	verbi	253
moderoida	verbi	253
verhoilla	verbi	253
vihoitella	verbi	253
hytistä	verbi	252
kiusaantua	verbi	252
kuorsata	verbi	252
liikehtiä	verbi	252
loiventaa	verbi	252
saumata	verbi	252
haistatella	verbi	251
nakutella	verbi	251
purkittaa	verbi	251
ravita	verbi	251
siemailla	verbi	250
surista	verbi	250
torkkua	verbi	250
tukahtua	verbi	250
haroa	verbi	249
jäähdytellä	verbi	249
kiikastaa	verbi	249
kilistellä	verbi	249
leikittää	verbi	249
etsiskellä	verbi	248
höpöttää	verbi	248
onnistaa	verbi	248
suksia	verbi	248
tyydyttyä	verbi	248
eristyä	verbi	247
huomautella	verbi	247
kikattaa	verbi	247
ohentua	verbi	247
surffailla	verbi	247
kaivattaa	verbi	246
rävähtää	verbi	246
surkastua	verbi	246
vaistota	verbi	246
körötellä	verbi	245
hälyyttää	verbi	243
keikauttaa	verbi	243
ripittää	verbi	243
hiippailla	verbi	242
puksuttaa	verbi	242
keitellä	verbi	241
läträtä	verbi	241
tuivertaa	verbi	241
innovoida	verbi	240
meditoida	verbi	240
nyhtää	verbi	240
politisoida	verbi	240
pureksia	verbi	240
hypähtää	verbi	239
kaljuuntua	verbi	239
kouraista	verbi	239
neutraloida	verbi	239
putkahdella	verbi	239
haahuilla	verbi	238
huikaista	verbi	238
huovata	verbi	238
lienee	verbi	238
navigoida	verbi	238
pillastua	verbi	238
raapustaa	verbi	238
riimitellä	verbi	238
tukistaa	verbi	238
murista	verbi	237
kloonata	verbi	236
oikutella	verbi	236
hyristä	verbi	235
hätistää	verbi	235
lisensoida	verbi	235
lävähtää	verbi	235
rojahtaa	verbi	235
romantisoida	verbi	234
tiputella	verbi	234
vikistä	verbi	234
hivuttaa	verbi	233
kahakoida	verbi	233
paisutella	verbi	233
panetella	verbi	233
paukahtaa	verbi	233
peesata	verbi	233
pysähdellä	verbi	233
saksata	verbi	233
sijaistaa	verbi	233
sukeutua	verbi	233
tervata	verbi	233
torua	verbi	233
tukehduttaa	verbi	233
vinksahtaa	verbi	233
virittyä	verbi	233
demonstroida	verbi	232
puuroutua	verbi	232
viipyillä	verbi	232
kammota	verbi	231
kirvota	verbi	231
puristella	verbi	231
teljetä	verbi	231
väännellä	verbi	231
filosofoida	verbi	230
naarmuttaa	verbi	230
retkahtaa	verbi	230
tallustella	verbi	230
tintata	verbi	230
komistaa	verbi	229
kököttää	verbi	229
varastella	verbi	229
rötöstellä	verbi	228
urautua	verbi	228
verestää	verbi	228
vilustua	verbi	228
ylikuormittaa	verbi	228
anniskella	verbi	227
delegoida	verbi	227
hapettua	verbi	227
kelkkailla	verbi	227
kituuttaa	verbi	227
laiduntaa	verbi	227
sirpaloitua	verbi	227
yhtenäistyä	verbi	227
huolita	verbi	226
pinkaista	verbi	226
pirstoa	verbi	226
sorsia	verbi	226
tempoilla	verbi	226
hapertua	verbi	225
liukastaa	verbi	225
maisemoida	verbi	225
moralisoida	verbi	225
laiskotella	verbi	224
läpsiä	verbi	224
naarata	verbi	224
suhata	verbi	224
lehahtaa	verbi	223
miinoittaa	verbi	223
päihdyttää	verbi	223
suostuttaa	verbi	223
hiostaa	verbi	222
hullutella	verbi	222
munata	verbi	222
personoida	verbi	222
tukityöllistää	verbi	222
äimistyä	verbi	222
jäykistyä	verbi	221
paasata	verbi	221
pursua	verbi	221
raikastaa	verbi	221
ruhjoa	verbi	221
surrata	verbi	221
jankata	verbi	220
kolottaa	verbi	220
puistattaa	verbi	220
rähistä	verbi	220
vasoa	verbi	220
väristä	verbi	220
lykkiä	verbi	219
nyhjätä	verbi	219
rampauttaa	verbi	219
sokeroida	verbi	219
taivastella	verbi	219
tiukata	verbi	219
vihittää	verbi	219
kihistä	verbi	218
kursia	verbi	218
limittyä	verbi	218
makuuttaa	verbi	218
maskeerata	verbi	218
säikyttää	verbi	218
säätiöidä	verbi	218
inttää	verbi	217
keinuttaa	verbi	217
kumoutua	verbi	217
pyykätä	verbi	217
päristä	verbi	217
koheltaa	verbi	216
korventaa	verbi	216
kumpuilla	verbi	216
rappeuttaa	verbi	216
vastustella	verbi	216
lientyä	verbi	215
loksahdella	verbi	215
metelöidä	verbi	215
pussailla	verbi	215
risteytyä	verbi	215
ilmentyä	verbi	214
kammoksua	verbi	214
kollata	verbi	214
läpivalaista	verbi	214
orientoitua	verbi	214
tallautua	verbi	214
virkkaa	verbi	214
ylenkatsoa	verbi	214
linkata	verbi*	213
nuolaista	verbi	213
ryvettää	verbi	213
sanktioida	verbi	213
konstailla	verbi	212
laventaa	verbi	212
lusikoida	verbi	212
painautua	verbi	212
kahmaista	verbi	211
kihlautua	verbi	211
kolauttaa	verbi	211
kopauttaa	verbi	211
kuiskia	verbi	211
kuvauttaa	verbi	211
riipaista	verbi	211
riisuutua	verbi	211
vihellellä	verbi	211
deaktivoida	verbi	210
hoilata	verbi	210
huvitella	verbi	210
hyrrätä	verbi	210
häväistä	verbi	210
karauttaa	verbi	210
kolhaista	verbi	210
naljailla	verbi	210
piileksiä	verbi	210
puikkelehtia	verbi	210
samoilla	verbi	210
aatella	verbi	209
kumuloitua	verbi	209
linnoittaa	verbi	209
skoolata	verbi	209
dementoitua	verbi	208
identifioitua	verbi	208
jemmata	verbi	208
kieputtaa	verbi	208
lamata	verbi	208
lauleskella	verbi	208
palloilla	verbi	208
särähtää	verbi	208
ummehtua	verbi	208
valella	verbi	208
järsiä	verbi	207
kiilua	verbi	207
kinostua	verbi	207
kovertaa	verbi	207
pätevöityä	verbi	207
rykäistä	verbi	207
spiikata	verbi	207
tislata	verbi	207
hekumoida	verbi	206
laimentua	verbi	206
repsottaa	verbi	206
aivopestä	verbi	205
hapettaa	verbi	205
heivata	verbi	205
kiehahtaa	verbi	205
pudistella	verbi	205
ruuhkaantua	verbi	205
tuuppia	verbi	205
varioida	verbi	205
vituttaa	verbi	205
hedelmöittyä	verbi	204
heristää	verbi	204
karaistua	verbi	204
kestitä	verbi	204
koekäyttää	verbi	204
koreilla	verbi	204
kuokkia	verbi	204
mätkätä	verbi	204
narista	verbi	204
nokittaa	verbi	204
oleksia	verbi	204
pilkahdella	verbi	204
pölliä	verbi	204
rakastella	verbi	204
askeltaa	verbi	203
hyöriä	verbi	203
paiskautua	verbi	203
päräyttää	verbi	203
vavista	verbi	203
juntata	verbi*	202
jäykistää	verbi	202
kiihottua	verbi	202
sotkeentua	verbi	202
tempautua	verbi	202
hyökkäillä	verbi	201
kävelyttää	verbi	201
alisuoriutua	verbi	200
haarautua	verbi	200
hengailla	verbi	200
identifioida	verbi	200
musertua	verbi	200
pehmentyä	verbi	200
pehmustaa	verbi	200
pudottautua	verbi	200
sohaista	verbi	200
tihentyä	verbi	200
hypnotisoida	verbi	199
jäsennellä	verbi	199
lappaa	verbi	199
vinoilla	verbi	199
kierähtää	verbi	198
meistää	verbi	198
oksennella	verbi	198
orkestroida	verbi	198
suhista	verbi	198
erakoitua	verbi	197
lausahtaa	verbi	197
puomittaa	verbi	197
pursuilla	verbi	197
rellestää	verbi	197
sammaloitua	verbi	197
talsia	verbi	197
kyyristyä	verbi	196
lekotella	verbi	196
vaahdottaa	verbi	196
velkoa	verbi	196
hihkaista	verbi	195
räpsyä	verbi	195
sukellella	verbi	195
jyskää	verbi	194
raakata	verbi*	194
sylkäistä	verbi	194
kolhiintua	verbi	193
kopsaa	verbi	193
virtaviivaistaa	verbi	193
hypellä	verbi	192
iätä	verbi	192
kipaista	verbi	192
puunata	verbi	192
samota	verbi	192
eheytyä	verbi	191
hedelmöittää	verbi	191
hurista	verbi	191
kipinöidä	verbi	191
läväyttää	verbi	191
murjottaa	verbi	191
ryöstäytyä	verbi	191
toeta	verbi	191
ketuttaa	verbi	190
kurkotella	verbi	190
kynäillä	verbi	190
läksyttää	verbi	190
metsittyä	verbi	190
parittaa	verbi	190
saunottaa	verbi	190
tulehduttaa	verbi	190
räpsiä	verbi	189
tihetä	verbi	189
ukkoutua	verbi	189
dubata	verbi	188
kastautua	verbi	188
kaunistua	verbi	188
kaupallistua	verbi	188
noitua	verbi	188
poksahtaa	verbi	188
routia	verbi	188
sointua	verbi	188
vilkutella	verbi	188
pakahtua	verbi	187
paukauttaa	verbi	187
epämuodostua	verbi	186
harjoituttaa	verbi	186
harmonisoida	verbi	186
jorata	verbi	186
nyrjähtää	verbi	186
näpistää	verbi	186
pilkahtaa	verbi	186
risteyttää	verbi	186
rämettää	verbi	186
satunnaistaa	verbi	186
ujuttautua	verbi	186
hapattaa	verbi	185
houria	verbi	185
yhyttää	verbi	185
brändätä	verbi	184
huumaantua	verbi	184
jaloitella	verbi	184
jyrketä	verbi	184
kulahtaa	verbi*	184
kurotella	verbi	184
liipata	verbi	184
nyökkäillä	verbi	184
pinnistää	verbi	184
puuskuttaa	verbi	184
synkata	verbi	184
säkittää	verbi	184
vihertyä	verbi	184
autioittaa	verbi	183
kutitella	verbi	183
muovailla	verbi	183
reitittää	verbi	183
tympiä	verbi	183
vihastua	verbi	183
ympärileikata	verbi	183
asennuttaa	verbi	182
jäsentyä	verbi	182
kepittää	verbi	182
kyniä	verbi	182
muumioitua	verbi	182
hyväillä	verbi	181
kartella	verbi	181
kuopia	verbi	181
letittää	verbi	181
levittyä	verbi	181
romauttaa	verbi	181
vipata	verbi*	181
hidastuttaa	verbi	180
hienota	verbi	180
kimpoilla	verbi	180
klaarata	verbi	180
möhliä	verbi	180
pyöristyä	verbi	180
sinutella	verbi	180
suihkia	verbi	180
kuvastua	verbi	179
makailla	verbi	179
mädättää	verbi	179
pihistellä	verbi	179
pitkästyä	verbi	179
pulpahdella	verbi	179
viikata	verbi	179
ängetä	verbi	179
hortoilla	verbi	178
hullaannuttaa	verbi	178
kosteuttaa	verbi	178
kuljetella	verbi	178
vitkutella	verbi	178
yletä	verbi	178
pulikoida	verbi	177
tuutata	verbi*	177
vakautua	verbi	177
vanhentaa	verbi	177
viljeltyä	verbi	177
äänieristää	verbi	177
demokratisoitua	verbi	176
räpiköidä	verbi	176
sarastaa	verbi	176
sijata	verbi	176
esitelmöidä	verbi	175
jahkailla	verbi	175
liimautua	verbi	175
nalkuttaa	verbi	175
paatua	verbi	175
rekonstruoida	verbi	175
rienata	verbi	175
ruskistaa	verbi	175
varista	verbi	175
ylipuhua	verbi	175
höynäyttää	verbi	174
paikantua	verbi	174
sivistyä	verbi	174
telmiä	verbi	174
kalistella	verbi	173
maksella	verbi	173
purkaantua	verbi	173
pölähtää	verbi	173
syyhytä	verbi	173
hienosäätää	verbi	172
laputtaa	verbi*	172
pöristä	verbi	172
soudella	verbi	172
tapetoida	verbi	172
tiristä	verbi	172
täplittää	verbi	172
vertyä	verbi	172
vetkutella	verbi	172
ympyröidä	verbi	172
inhottaa	verbi	171
kalskahtaa	verbi	171
luokittaa	verbi	171
oksia	verbi	171
punertaa	verbi	171
samentaa	verbi	171
tömähtää	verbi	171
ympätä	verbi	171
hyysätä	verbi	170
joustavoittaa	verbi	170
kahista	verbi	170
meuhkata	verbi	170
pidättyä	verbi	170
pänniä	verbi	170
suotaa	verbi	170
synkistyä	verbi	170
turmeltua	verbi	170
hekotella	verbi	169
huurtua	verbi	169
hätyyttää	verbi	169
juonitella	verbi	169
kiepauttaa	verbi	169
kitistä	verbi	169
resursoida	verbi	169
sauvoa	verbi	169
solista	verbi	169
kiristellä	verbi	168
kuihduttaa	verbi	168
politikoida	verbi	168
polveutua	verbi	168
torpedoida	verbi	168
kuullottaa	verbi	167
lukittautua	verbi	167
nuokkua	verbi	167
pestautua	verbi	167
pihistä	verbi	167
pyörryttää	verbi	167
toikkaroida	verbi	167
tärisyttää	verbi	167
vaalentaa	verbi	167
valmistuttaa	verbi	167
viittilöidä	verbi	167
vipattaa	verbi	167
yksinkertaistua	verbi	167
kieroutua	verbi	166
kuiskutella	verbi	166
lynkata	verbi	166
nuortua	verbi	166
pompottaa	verbi	166
pärskiä	verbi	166
retuuttaa	verbi	166
betonoida	verbi	165
leikkautua	verbi	165
siivilöityä	verbi	165
tasapainottua	verbi	165
hassuttaa	verbi	164
hurmaantua	verbi	164
jytistä	verbi	164
larpata	verbi	164
pihistää	verbi	164
pinnata	verbi	164
tummeta	verbi	164
tunteilla	verbi	164
vauhkoontua	verbi	164
vipeltää	verbi	164
horrostaa	verbi	163
kiikkua	verbi	163
kohahtaa	verbi	163
leimuta	verbi	163
näykkiä	verbi	163
pastöroida	verbi	163
tahriintua	verbi	163
kajastaa	verbi	162
lässyttää	verbi	162
murahtaa	verbi	162
paijata	verbi	162
pompahtaa	verbi	162
pröystäillä	verbi	162
tarkastuttaa	verbi	162
uurtaa	verbi	162
vannottaa	verbi	162
ärjyä	verbi	162
avartua	verbi	161
hassata	verbi	161
keihästää	verbi	161
riepoa	verbi	161
suomalaistua	verbi	161
vispata	verbi	161
ivata	verbi	160
vaata	verbi	160
vaatettaa	verbi	160
vioittaa	verbi	160
yksipuolistua	verbi	160
happamoitua	verbi	159
kangistaa	verbi	159
kaveerata	verbi	159
keplotella	verbi	159
kiintiöidä	verbi	159
kiivastua	verbi	159
killua	verbi	159
laitella	verbi	159
latistua	verbi	159
paalata	verbi	159
räpsähtää	verbi	159
vahata	verbi	159
vammauttaa	verbi	159
virnistellä	verbi	159
höyryttää	verbi	158
irvistellä	verbi	158
kiekua	verbi	158
kummata	verbi	158
lakoontua	verbi	158
mataa	verbi	158
nälviä	verbi	158
rällätä	verbi	158
sumeta	verbi	158
yliarvostaa	verbi	158
globalisoitua	verbi	157
hymähdellä	verbi	157
käräjöidä	verbi	157
lipoa	verbi	157
nolostua	verbi	157
parturoida	verbi	157
sipaista	verbi	157
tunaroida	verbi	157
viistää	verbi	157
hykerryttää	verbi	156
hörähtää	verbi	156
kiukustua	verbi	156
laata	verbi	156
pursottaa	verbi	156
reivata	verbi	156
karaista	verbi*	155
mönkiä	verbi	155
törmäyttää	verbi	155
vasaroida	verbi	155
hienostua	verbi	154
riepottaa	verbi	154
vankistua	verbi	154
vihloa	verbi	154
hakettaa	verbi	153
kähveltää	verbi	153
laahustaa	verbi	153
laukkoa	verbi	153
laulella	verbi	153
liettyä	verbi	153
lievittyä	verbi	153
lystätä	verbi	153
odotuttaa	verbi	153
räksyttää	verbi	153
tassutella	verbi	153
tuleentua	verbi	153
hoiperrella	verbi	152
kuivatella	verbi	152
luurata	verbi	152
miekkailla	verbi	152
suodattua	verbi	152
säntäillä	verbi	152
tuhista	verbi	152
tuplaantua	verbi	152
tärppiä	verbi	152
änkyttää	verbi	152
kyyhöttää	verbi	151
mätkiä	verbi	151
popularisoida	verbi	151
rullailla	verbi	151
tapittaa	verbi	151
vahventaa	verbi	151
huilia	verbi	150
kitkutella	verbi	150
lepytellä	verbi	150
litistää	verbi	150
nuotata	verbi	150
rallatella	verbi	150
räiskiä	verbi	150
syntesoida	verbi	150
vaivuttaa	verbi	150
zoomata	verbi	150
irviä	verbi	149
kotouttaa	verbi	149
lätkiä	verbi	149
napsua	verbi	149
radikalisoida	verbi	149
autella	verbi	148
kakkia	verbi	148
marinoitua	verbi	148
neutralisoida	verbi	148
siittää	verbi	148
skaalata	verbi	148
tyrkätä	verbi	148
aavikoitua	verbi	147
etuilla	verbi	147
huiputtaa	verbi*	147
huristaa	verbi	147
inistä	verbi	147
loitota	verbi	147
raudoittaa	verbi	147
suitsea	verbi	147
vihjaista	verbi	147
vyyhtiä	verbi	147
dokata	verbi	146
haastella	verbi	146
hihitellä	verbi	146
kalkita	verbi	146
kuvioida	verbi	146
pötköttää	verbi	146
rahastoida	verbi	146
ravustaa	verbi	146
rouskuttaa	verbi	146
tyynnyttää	verbi	146
välkehtiä	verbi	146
astuttaa	verbi	145
hapottaa	verbi	145
kyräillä	verbi	145
laatoittaa	verbi	145
naukua	verbi	145
sekvensoida	verbi	145
säheltää	verbi	145
tirkistellä	verbi	145
turvottaa	verbi	145
uistella	verbi	145
ulota	verbi	145
allergisoida	verbi	144
kainostella	verbi	144
lämätä	verbi	144
mutista	verbi	144
projisoida	verbi	144
sanallistaa	verbi	144
säikytellä	verbi	144
viivästää	verbi	144
värväytyä	verbi	144
herjetä	verbi	143
hillua	verbi	143
höltyä	verbi	143
jyrkentyä	verbi	143
laitostua	verbi	143
monimutkaistaa	verbi	143
määräillä	verbi	143
nirsoilla	verbi	143
pälyillä	verbi	143
sorkkia	verbi	143
soseuttaa	verbi	143
spinnata	verbi	143
töötätä	verbi*	143
vaaleta	verbi	143
verkottaa	verbi	143
viittoilla	verbi	143
lohkeilla	verbi	142
pingottaa	verbi	142
pyllistää	verbi	142
referoida	verbi	142
hekottaa	verbi	141
helähtää	verbi	141
kastroida	verbi	141
luntata	verbi	141
mätkähtää	verbi	141
parkua	verbi	141
piipittää	verbi	141
puhkaa	verbi	141
pöllähtää	verbi	141
riuhtoa	verbi	141
sähistä	verbi	141
tasapäistää	verbi	141
vilautella	verbi	141
jallittaa	verbi	140
kakoa	verbi	140
neulata	verbi	140
rapsia	verbi	140
automatisoitua	verbi	139
hotkia	verbi	139
ilostuttaa	verbi	139
kalibroida	verbi	139
kasketa	verbi	139
kiusoitella	verbi	139
liihotella	verbi	139
mehustaa	verbi	139
mutustella	verbi	139
pakahduttaa	verbi	139
peuhata	verbi	139
pihdata	verbi	139
raunioittaa	verbi	139
risoa	verbi	139
ruikuttaa	verbi	139
sukuloida	verbi	139
säpsähtää	verbi	139
säälittää	verbi	139
urjeta	verbi	139
doupata	verbi	138
duunata	verbi	138
kopsahtaa	verbi	138
koteloitua	verbi	138
kuohuta	verbi	138
kupata	verbi	138
kysäistä	verbi	138
lysähtää	verbi	138
plagioida	verbi	138
riuhtaista	verbi	138
sihistä	verbi	138
erilaistua	verbi	137
komistua	verbi	137
nitoa	verbi	137
sumplia	verbi	137
sädehtiä	verbi	137
valpastua	verbi	137
asemakaavoittaa	verbi	136
haurastuttaa	verbi	136
lohduttautua	verbi	136
saostaa	verbi	136
tasa-arvoistaa	verbi	136
tiuskia	verbi	136
tuoksahtaa	verbi	136
kääntyillä	verbi	135
lomittua	verbi	135
luikkia	verbi	135
patsastella	verbi	135
puhdistautua	verbi	135
tingata	verbi	135
tursuta	verbi	135
vaappua	verbi	135
aivastella	verbi	134
fuusioida	verbi	134
hutiloida	verbi	134
jumiuttaa	verbi	134
kanniskella	verbi	134
retostella	verbi	134
sauhuta	verbi	134
simahtaa	verbi	134
taannehtia	verbi	134
voimaannuttaa	verbi	134
ilmastoida	verbi	133
imeskellä	verbi	133
jankuttaa	verbi	133
kinuta	verbi	133
laminoida	verbi	133
läähättää	verbi	133
niiata	verbi	133
suhahtaa	verbi	133
sutata	verbi	133
tuhraantua	verbi	133
demonisoida	verbi	132
hälventyä	verbi	132
illastaa	verbi	132
kaapeloida	verbi	132
lahdata	verbi	132
lainailla	verbi	132
löyhentää	verbi	132
ahdata	verbi	131
fokusoida	verbi	131
huollattaa	verbi	131
kelluttaa	verbi	131
liihottaa	verbi	131
löysentää	verbi	131
pakertaa	verbi	131
räpäyttää	verbi	131
symbolisoida	verbi	131
terävöityä	verbi	131
kusettaa	verbi	130
kyykkiä	verbi	130
litistyä	verbi	130
nyplätä	verbi	130
pärjäillä	verbi	130
synkronoida	verbi	130
höyrystää	verbi	129
ketjuuntua	verbi	129
kieriskellä	verbi	129
kurssittaa	verbi	129
lahottaa	verbi	129
lujittua	verbi	129
maastoutua	verbi	129
ryntäillä	verbi	129
tympäistä	verbi	129
elokuvata	verbi	128
impata	verbi	128
juoruilla	verbi	128
jähmettää	verbi	128
kuolata	verbi	128
liehuttaa	verbi	128
lumittaa	verbi	128
silottaa	verbi	128
suoristua	verbi	128
ärhennellä	verbi	128
kopistella	verbi	127
rypistää	verbi	127
sumeilla	verbi	127
keriä	verbi	126
leikkaantua	verbi	126
sipata	verbi	126
ylisuorittaa	verbi	126
devalvoida	verbi	125
hutkia	verbi	125
jäljentää	verbi	125
maadoittaa	verbi	125
maustua	verbi	125
mielistellä	verbi	125
peräytyä	verbi	125
pultata	verbi	125
pyllähtää	verbi	125
säröillä	verbi	125
yskittää	verbi	125
huohottaa	verbi	124
hytkyä	verbi	124
kammottaa	verbi	124
kyttäillä	verbi	124
naksahtaa	verbi	124
piehtaroida	verbi	124
polarisoida	verbi	124
sauhutella	verbi	124
ennustella	verbi	123
haavia	verbi	123
hujahtaa	verbi	123
nikotella	verbi	123
tiristää	verbi	123
vohkia	verbi	123
hievahtaa	verbi	122
hilseillä	verbi	122
jököttää	verbi	122
kuurata	verbi	122
masturboida	verbi	122
naarmuuntua	verbi	122
nukahdella	verbi	122
pudistaa	verbi	122
spreijata	verbi	122
varsoa	verbi	122
ensiesittää	verbi	121
kertaantua	verbi	121
kouliintua	verbi	121
kuutioida	verbi	121
liota	verbi	121
möllöttää	verbi	121
naulita	verbi	121
otattaa	verbi	121
paapoa	verbi	121
tahdistaa	verbi	121
tuiskuttaa	verbi	121
ylettää	verbi	121
asvaltoida	verbi	120
janottaa	verbi	120
oudoksuttaa	verbi	120
pukahtaa	verbi	120
punastua	verbi	120
pöllämystyä	verbi	120
ryystää	verbi	120
vavahduttaa	verbi	120
viivähtää	verbi	120
auktorisoida	verbi	119
kaulata	verbi	119
loiveta	verbi	119
luikahtaa	verbi	119
peilautua	verbi	119
pilotoida	verbi	119
pulkkailla	verbi	119
pökertyä	verbi	119
rasvoittua	verbi	119
rypistyä	verbi	119
rätistä	verbi	119
vängätä	verbi	119
chatata	verbi	118
henkilöidä	verbi	118
karrikoida	verbi	118
nurista	verbi	118
ojentua	verbi	118
pulputtaa	verbi	118
rosvota	verbi	118
sumputtaa	verbi	118
unohdella	verbi	118
akkreditoida	verbi	117
koukistaa	verbi	117
kännätä	verbi	117
loksauttaa	verbi	117
marista	verbi	117
muiluttaa	verbi	117
niuketa	verbi	117
somettaa	verbi	117
standardoida	verbi	117
ajantasaistaa	verbi	116
aristella	verbi	116
hunnuttaa	verbi	116
kihlata	verbi	116
kirmailla	verbi	116
kouristella	verbi	116
lautailla	verbi	116
linkuttaa	verbi	116
lisäillä	verbi	116
lotrata	verbi	116
maalauttaa	verbi	116
petkuttaa	verbi	116
revähtää	verbi	116
turkistaa	verbi	116
töpätä	verbi	116
visertää	verbi	116
välähdellä	verbi	116
friteerata	verbi	115
humahtaa	verbi	115
kaiuttaa	verbi	115
kinostaa	verbi	115
loimottaa	verbi	115
myöhentyä	verbi	115
pelmahtaa	verbi	115
syväjäädyttää	verbi	115
vakioida	verbi	115
vandalisoida	verbi	115
ilmeillä	verbi	114
naisistua	verbi	114
troolata	verbi	114
äkkirikastua	verbi	114
generoida	verbi	113
ilmailla	verbi	113
jupista	verbi	113
koristautua	verbi	113
liukastuttaa	verbi	113
moninaistua	verbi	113
nuutua	verbi	113
näperrellä	verbi	113
ruskaa	verbi	113
vaikeroida	verbi	113
yhdetä	verbi	113
ajanmukaistaa	verbi	112
demokratisoida	verbi	112
leukailla	verbi	112
saeta	verbi	112
suomalaistaa	verbi	112
tallustaa	verbi	112
tasoitella	verbi	112
teemoittaa	verbi	112
harjaannuttaa	verbi	111
henkäistä	verbi	111
jauhautua	verbi	111
juoruta	verbi	111
kitata	verbi	111
laota	verbi	111
massata	verbi	111
mopata	verbi	111
nakella	verbi	111
pullauttaa	verbi	111
rempata	verbi*	111
tömistä	verbi	111
arvioittaa	verbi	110
fileoida	verbi	110
hajustaa	verbi	110
höpistä	verbi	110
napsaista	verbi	110
ryöpätä	verbi	110
rähinöidä	verbi	110
tulvahtaa	verbi	110
tuprutella	verbi	110
täytellä	verbi	110
uskoutua	verbi	110
hangoitella	verbi	109
hälistä	verbi	109
indikoida	verbi	109
kujeilla	verbi	109
motittaa	verbi	109
narskua	verbi	109
ruttaantua	verbi	109
ryhmittäytyä	verbi	109
rähjätä	verbi	109
suhteutua	verbi	109
suurennella	verbi	109
äkätä	verbi	109
addiktoida	verbi	108
kailottaa	verbi	108
kaulita	verbi	108
kyhjöttää	verbi	108
lorauttaa	verbi	108
muljahtaa	verbi	108
mussuttaa	verbi	108
nyrjäyttää	verbi	108
ryhmittää	verbi	108
rykiä	verbi	108
saostua	verbi	108
sliipata	verbi	108
subventoida	verbi	108
sämplätä	verbi	108
sätkiä	verbi	108
uusintaa	verbi	108
viuhahtaa	verbi	108
laiskistua	verbi	107
liekittää	verbi	107
pakkosyöttää	verbi	107
remuta	verbi	107
räpytellä	verbi	107
sivuttaa	verbi	107
vavahdella	verbi	107
ehdollistaa	verbi	106
kursailla	verbi	106
peukuttaa	verbi	106
salvata	verbi	106
uppopaistaa	verbi	106
eskaloida	verbi	105
hetkahtaa	verbi	105
hyppyyttää	verbi	105
kaulailla	verbi	105
kutkutella	verbi	105
kärventää	verbi	105
leppyä	verbi	105
lumilautailla	verbi	105
läpsytellä	verbi	105
monimuotoistua	verbi	105
möykätä	verbi	105
raakkua	verbi	105
sosiaalistaa	verbi	105
spurtata	verbi	105
vahdata	verbi	105
ääntyä	verbi	105
artikuloida	verbi	104
jynssätä	verbi	104
karmaista	verbi	104
käytellä	verbi	104
liudentua	verbi	104
menota	verbi	104
mukiloida	verbi	104
palvata	verbi	104
pimahtaa	verbi	104
ruskistua	verbi	104
räpeltää	verbi	104
tuudittaa	verbi	104
vinguttaa	verbi	104
kaareutua	verbi	103
maiskutella	verbi	103
pelkistyä	verbi	103
pesettää	verbi	103
piiputtaa	verbi	103
selkiintyä	verbi	103
tykyttää	verbi	103
haistattaa	verbi	102
hurjistua	verbi	102
järkätä	verbi	102
kätilöidä	verbi	102
köyttää	verbi	102
lotkauttaa	verbi	102
monitoroida	verbi	102
morjestaa	verbi	102
nipistellä	verbi	102
pissiä	verbi	102
teknistyä	verbi	102
vaimentua	verbi	102
hapata	verbi	101
hiottaa	verbi*	101
karkaista	verbi	101
lakastua	verbi	101
läikähtää	verbi	101
lämpökäsitellä	verbi	101
narauttaa	verbi	101
näpistellä	verbi	101
raskauttaa	verbi	101
rastittaa	verbi	101
kammoa	verbi	100
kilkattaa	verbi	100
lipittää	verbi	100
livistää	verbi	100
mällätä	verbi	100
pirskahdella	verbi	100
potuttaa	verbi	100
rispaantua	verbi	100
veljeillä	verbi	100
viskellä	verbi	100
aristaa	verbi	99
huseerata	verbi	99
keskiluokkaistua	verbi	99
kursivoida	verbi	99
määkiä	verbi	99
pummata	verbi	99
puvustaa	verbi	99
rymytä	verbi	99
rääkyä	verbi	99
tasa-arvoistua	verbi	99
vaiheistaa	verbi	99
viekoitella	verbi	99
hiffata	verbi	98
idättää	verbi	98
kapsahtaa	verbi	98
lorista	verbi	98
läimäyttää	verbi	98
nuotittaa	verbi	98
näpelöidä	verbi	98
pelittää	verbi	98
poreilla	verbi	98
reilata	verbi	98
torkahtaa	verbi	98
turista	verbi	98
hössöttää	verbi	97
ironisoida	verbi	97
jaaritella	verbi	97
kajottaa	verbi	97
modernisoitua	verbi	97
nipottaa	verbi	97
reflektoida	verbi	97
silitä	verbi	97
vivahtaa	verbi	97
helmeillä	verbi	96
hyväksikäyttää	verbi	96
innoittua	verbi	96
kimmastua	verbi	96
kulmata	verbi	96
kääräistä	verbi	96
liehitellä	verbi	96
lihota	verbi	96
palelluttaa	verbi	96
paleltaa	verbi	96
ruhjoutua	verbi	96
sokaistua	verbi	96
viisastella	verbi	96
ällistellä	verbi	96
heristellä	verbi	95
internoida	verbi	95
kähmiä	verbi	95
lepsuilla	verbi	95
mesota	verbi	95
raamittaa	verbi	95
suikaloida	verbi	95
sujutella	verbi	95
tapattaa	verbi	95
tipauttaa	verbi	95
tylsistyttää	verbi	95
esikäsitellä	verbi	94
funtsia	verbi	94
hölletä	verbi	94
jätättää	verbi	94
kellertää	verbi	94
muonittaa	verbi	94
nolostuttaa	verbi	94
paahtua	verbi	94
riekkua	verbi	94
ropsia	verbi	94
rullaluistella	verbi	94
siivuttaa	verbi	94
vääntäytyä	verbi	94
fermentoida	verbi	93
huiskia	verbi	93
kärttää	verbi	93
köhiä	verbi	93
pakkaantua	verbi	93
pilkkoutua	verbi	93
punastella	verbi	93
sutaista	verbi	93
vainuta	verbi	93
väpättää	verbi	93
abortoida	verbi	92
bodata	verbi	92
elämöidä	verbi	92
hipelöidä	verbi	92
jurppia	verbi	92
kukkoilla	verbi	92
liisata	verbi	92
liruttaa	verbi	92
läiskiä	verbi	92
märkiä	verbi	92
prepata	verbi	92
roimia	verbi	92
räkiä	verbi	92
seuloutua	verbi	92
fuskata	verbi	91
havista	verbi	91
hienostella	verbi	91
kategorisoida	verbi	91
mekanisoida	verbi	91
nimikoida	verbi	91
pilvistyä	verbi	91
pyörtyillä	verbi	91
simputtaa	verbi	91
tietä	verbi	91
toivotella	verbi	91
tummentua	verbi	91
ujeltaa	verbi	91
vilvoittaa	verbi	91
arpeutua	verbi	90
hennoa	verbi	90
hikoiluttaa	verbi	90
hoippua	verbi	90
jumaloida	verbi	90
kaupunkilaistua	verbi	90
kengittää	verbi	90
kimmahtaa	verbi	90
koneellistua	verbi	90
koplata	verbi	90
liikauttaa	verbi	90
lohdutella	verbi	90
ripustautua	verbi	90
venäläistää	verbi	90
hämääntyä	verbi	89
kahlehtia	verbi	89
kaita	verbi	89
kaulia	verbi	89
kerskua	verbi	89
kärventyä	verbi	89
revittää	verbi	89
sinkauttaa	verbi	89
työnnellä	verbi	89
velkaannuttaa	verbi	89
venkoilla	verbi	89
ajeluttaa	verbi	88
ilmakuivata	verbi	88
joikata	verbi	88
kesiä	verbi	88
kilahdella	verbi	88
kuikuilla	verbi	88
langata	verbi	88
maleksia	verbi	88
mankeloida	verbi	88
piereskellä	verbi	88
pirahtaa	verbi	88
ruksata	verbi	88
allergisoitua	verbi	87
ilotella	verbi	87
julkituoda	verbi	87
keinotella	verbi	87
keski-ikäistyä	verbi	87
könytä	verbi	87
leuhkia	verbi	87
leveillä	verbi	87
mahtailla	verbi	87
mutatoitua	verbi	87
nahistua	verbi	87
normittaa	verbi	87
osittaa	verbi	87
pällistellä	verbi	87
ronkkia	verbi	87
stripata	verbi	87
suruliputtaa	verbi	87
töppäillä	verbi	87
vartoa	verbi	87
viheriöidä	verbi	87
autoistua	verbi	86
haihatella	verbi	86
himmentyä	verbi	86
hipsiä	verbi	86
kakuttaa	verbi	86
komennella	verbi	86
kopista	verbi	86
lämpöeristää	verbi	86
löyhkätä	verbi	86
muokkaantua	verbi	86
puijata	verbi	86
pulista	verbi	86
puoliintua	verbi	86
rettelöidä	verbi	86
sontia	verbi	86
toisintaa	verbi	86
huojuttaa	verbi	85
kopeloida	verbi	85
kurnia	verbi	85
kuuroutua	verbi	85
leipääntyä	verbi	85
listiä	verbi	85
molskahtaa	verbi	85
mystifioida	verbi	85
rehvastella	verbi	85
striimata	verbi	85
supista	verbi	85
tömistellä	verbi	85
viuhtoa	verbi	85
haeskella	verbi	84
hairahtua	verbi	84
karhentaa	verbi	84
kuljeksia	verbi	84
kylmentää	verbi	84
loata	verbi	84
lykkäytyä	verbi	84
löhötä	verbi	84
nuoreta	verbi	84
piikata	verbi	84
pärskyä	verbi	84
pätevöidä	verbi	84
ripuloida	verbi	84
sulloutua	verbi	84
sydämistyä	verbi	84
huoahtaa	verbi	83
hääräillä	verbi	83
kietaista	verbi	83
kykkiä	verbi	83
laverrella	verbi	83
normaalistaa	verbi	83
notkistaa	verbi	83
näpertää	verbi	83
piintyä	verbi	83
povailla	verbi	83
pysyttäytyä	verbi	83
tarkata	verbi	83
häikäistyä	verbi	82
katsahtaa	verbi	82
keikistellä	verbi	82
kuohita	verbi	82
lääppiä	verbi	82
relata	verbi	82
sorata	verbi	82
sormeilla	verbi	82
suutahtaa	verbi	82
sympatisoida	verbi	82
topata	verbi*	82
tuppautua	verbi	82
väljähtyä	verbi	82
fundeerata	verbi	81
häikäillä	verbi	81
kunnallistaa	verbi	81
lasittua	verbi	81
lorahtaa	verbi	81
miinustaa	verbi	81
perhostella	verbi	81
punoutua	verbi	81
rahista	verbi	81
rehennellä	verbi	81
rytmittyä	verbi	81
seivästää	verbi	81
sidottaa	verbi	81
silmätä	verbi	81
sosiaalistua	verbi	81
töröttää	verbi	81
ulista	verbi	81
viestitellä	verbi	81
yliviivata	verbi	81
ähkiä	verbi	81
apinoida	verbi	80
jyrkentää	verbi	80
kuroutua	verbi	80
leperrellä	verbi	80
sumentua	verbi	80
tubettaa	verbi	80
tulpata	verbi	80
twiitata	verbi	80
venäyttää	verbi	80
hauskuttaa	verbi	79
henkistyä	verbi	79
häivähtää	verbi	79
karistella	verbi	79
koneistaa	verbi	79
loiventua	verbi	79
lukittua	verbi	79
mölytä	verbi	79
riehaannuttaa	verbi	79
rähjääntyä	verbi	79
suolaantua	verbi	79
sähköttää	verbi	79
telakoida	verbi	79
tempoa	verbi	79
tirauttaa	verbi	79
tuhahdella	verbi	79
eksyttää	verbi	78
esikasvattaa	verbi	78
himmailla	verbi	78
hotkaista	verbi	78
humpsahtaa	verbi	78
ilmakuvata	verbi	78
kiepsahtaa	verbi	78
kuumeilla	verbi	78
lautata	verbi	78
moottorikelkkailla	verbi	78
nuukailla	verbi	78
täristää	verbi	78
voipua	verbi	78
diivailla	verbi	77
helottaa	verbi	77
lykästää	verbi	77
näpyttää	verbi	77
pykätä	verbi	77
pöhöttyä	verbi	77
viipottaa	verbi	77
yhdenmukaistua	verbi	77
ansoittaa	verbi	76
hamuilla	verbi	76
hierottaa	verbi	76
häiriytyä	verbi	76
infektoitua	verbi	76
möläyttää	verbi	76
möyhiä	verbi	76
nuuhkaista	verbi	76
punata	verbi	76
pölyyntyä	verbi	76
pörhistellä	verbi	76
roiskuttaa	verbi	76
rutista	verbi	76
trokata	verbi	76
viihteellistyä	verbi	76
ehdollistua	verbi	75
horjahdella	verbi	75
kallistella	verbi	75
keimailla	verbi	75
kylmäpuristaa	verbi	75
käristää	verbi	75
liikahdella	verbi	75
läkähtyä	verbi	75
poksauttaa	verbi	75
rutata	verbi	75
räpistellä	verbi	75
sorastaa	verbi	75
unettaa	verbi	75
öljyyntyä	verbi	75
amerikkalaistua	verbi	74
injektoida	verbi	74
läkähdyttää	verbi	74
monistua	verbi	74
mulkoilla	verbi	74
nokeentua	verbi	74
nyrpistää	verbi	74
reippailla	verbi	74
röhkiä	verbi	74
samplata	verbi	74
suolistaa	verbi	74
toilailla	verbi	74
vieroa	verbi	74
hyvitellä	verbi	73
hyökyä	verbi	73
jyrähdellä	verbi	73
karjaista	verbi	73
kuristua	verbi	73
laitattaa	verbi	73
luotottaa	verbi	73
miehistyä	verbi	73
nastoittaa	verbi	73
nollautua	verbi	73
pamputtaa	verbi	73
patinoitua	verbi	73
ryöpsäyttää	verbi	73
takerrella	verbi	73
tiirata	verbi	73
tuiskuta	verbi	73
ujostuttaa	verbi	73
vasikoida	verbi	73
yksilöityä	verbi	73
ehkäistyä	verbi	72
erikoistaa	verbi	72
infektoida	verbi	72
kurata	verbi	72
kyyristellä	verbi	72
mallata	verbi	72
militarisoida	verbi	72
mumista	verbi	72
patinoida	verbi	72
suuntia	verbi	72
syljeskellä	verbi	72
syyhyä	verbi	72
touhuilla	verbi	72
tutustaa	verbi	72
ylirasittua	verbi	72
arkipäiväistää	verbi	71
elvistellä	verbi	71
graavata	verbi	71
hellitellä	verbi	71
leventyä	verbi	71
lirua	verbi	71
litkiä	verbi	71
marmattaa	verbi	71
nyrpistellä	verbi	71
parkita	verbi	71
seisahtaa	verbi	71
sorsastaa	verbi	71
tyyppihyväksyä	verbi	71
uinahtaa	verbi	71
vehkeillä	verbi	71
viivata	verbi	71
halveerata	verbi	70
heijata	verbi	70
höristää	verbi	70
ikävystyä	verbi	70
kapeutua	verbi	70
katkeroittaa	verbi	70
kaupustella	verbi	70
konfirmoida	verbi	70
kylmentyä	verbi	70
lepyttää	verbi	70
maltillistua	verbi	70
mätiä	verbi	70
niukentua	verbi	70
noeta	verbi	70
osastoida	verbi	70
promovoida	verbi	70
ripittäytyä	verbi	70
ruinata	verbi	70
rutistua	verbi	70
ryypiskellä	verbi	70
siirrättää	verbi	70
sirkuttaa	verbi	70
tenhota	verbi	70
tutia	verbi	70
visailla	verbi	70
vittuilla	verbi	70
jyystää	verbi	69
jähmetä	verbi	69
kaihota	verbi	69
keinahdella	verbi	69
kurottautua	verbi	69
köllöttää	verbi	69
lamautua	verbi	69
lihavoida	verbi	69
loiskua	verbi	69
madottaa	verbi	69
muodistaa	verbi	69
niiskuttaa	verbi	69
näpytellä	verbi	69
ojennella	verbi	69
pamppailla	verbi	69
raahustaa	verbi	69
riiputtaa	verbi	69
siinnellä	verbi	69
soluttaa	verbi	69
sulostuttaa	verbi	69
terapoida	verbi	69
harrastella	verbi	68
hiivata	verbi	68
isota	verbi*	68
ivailla	verbi	68
kaadella	verbi	68
kapuloida	verbi	68
lampsia	verbi	68
löhöillä	verbi	68
majoittautua	verbi	68
motorisoida	verbi	68
paakkuuntua	verbi	68
puikahtaa	verbi	68
raksua	verbi	68
rikkua	verbi	68
rusentua	verbi	68
singahdella	verbi	68
sävähdyttää	verbi	68
touhottaa	verbi	68
tähtäillä	verbi	68
törkätä	verbi	68
virvelöidä	verbi	68
ylensyödä	verbi	68
appaa	verbi	67
hiekkapuhaltaa	verbi	67
hitsaantua	verbi	67
jomottaa	verbi	67
jutustaa	verbi	67
kitsastella	verbi	67
kuiskailla	verbi	67
kumottaa	verbi	67
pisaroida	verbi	67
pälkähtää	verbi	67
sosialisoida	verbi	67
sössiä	verbi	67
tasapuolistaa	verbi	67
tölviä	verbi	67
uuvahtaa	verbi	67
aplodeerata	verbi	66
auditoida	verbi	66
hihittää	verbi	66
hissutella	verbi	66
hulahtaa	verbi	66
hypähdellä	verbi	66
itkeskellä	verbi	66
jaksottua	verbi	66
keräytyä	verbi	66
kirskua	verbi	66
kupruilla	verbi	66
kuullostaa	verbi	66
kylmettää	verbi	66
liplattaa	verbi	66
lomittaa	verbi	66
napittaa	verbi	66
pirauttaa	verbi	66
rullalautailla	verbi	66
runkata	verbi	66
shopata	verbi	66
tissutella	verbi	66
tiuskaista	verbi	66
tuutia	verbi	66
elähdyttää	verbi	65
kapseloida	verbi	65
kikatella	verbi	65
kolkata	verbi*	65
luritella	verbi	65
melskata	verbi	65
naksua	verbi	65
naksutella	verbi	65
naurahdella	verbi	65
norkoilla	verbi	65
palsamoida	verbi	65
pieraista	verbi	65
piruilla	verbi	65
postata	verbi	65
seestyä	verbi	65
silpoutua	verbi	65
urbanisoitua	verbi	65
vinssata	verbi	65
väikkyä	verbi	65
eurooppalaistua	verbi	64
harsia	verbi	64
hukuttautua	verbi	64
kilistää	verbi	64
kipristellä	verbi	64
kotkottaa	verbi	64
kääpiöityä	verbi	64
mekastaa	verbi	64
punertua	verbi	64
ryskätä	verbi	64
sinertää	verbi	64
syöksähtää	verbi	64
todentua	verbi	64
virttyä	verbi	64
vitkastella	verbi	64
yököttää	verbi	64
homogenoida	verbi	63
innostuttaa	verbi	63
jymäyttää	verbi	63
kaasuuntua	verbi	63
kaljoitella	verbi	63
kiivailla	verbi	63
kummastua	verbi	63
lutviutua	verbi	63
messuta	verbi	63
mestaroida	verbi	63
rampautua	verbi	63
ropsahtaa	verbi	63
salpautua	verbi	63
seppelöidä	verbi	63
tytötellä	verbi	63
vehdata	verbi	63
assosioida	verbi	62
heinittyä	verbi	62
hoikistua	verbi	62
hymistellä	verbi	62
hölskyä	verbi	62
kiinteyttää	verbi	62
kolahdella	verbi	62
kuittailla	verbi	62
kummeksuttaa	verbi	62
livauttaa	verbi	62
moottoripyöräillä	verbi	62
napsahdella	verbi	62
parkkiintua	verbi	62
peilailla	verbi	62
purskauttaa	verbi	62
repostella	verbi	62
rymistä	verbi	62
tärvätä	verbi	62
viehtyä	verbi	62
välivarastoida	verbi	62
dipata	verbi	61
jauhottaa	verbi	61
jymähtää	verbi	61
kirjoittautua	verbi	61
kummaksua	verbi	61
mutustaa	verbi	61
mäiskiä	verbi	61
niskuroida	verbi	61
pakittaa	verbi	61
räsähtää	verbi	61
silpiä	verbi	61
sompailla	verbi	61
supattaa	verbi	61
säätyä	verbi	61
tärvääntyä	verbi	61
ahmaista	verbi	60
heikottaa	verbi	60
heilautella	verbi	60
hilautua	verbi	60
himottaa	verbi	60
häslätä	verbi	60
ilkeillä	verbi	60
kajahdella	verbi	60
karamellisoida	verbi	60
kiehnätä	verbi	60
kumauttaa	verbi*	60
kuopsuttaa	verbi	60
litteroida	verbi	60
loiskia	verbi	60
läikyttää	verbi	60
mitätöityä	verbi	60
myödätä	verbi	60
näpätä	verbi	60
propagoida	verbi	60
pölläyttää	verbi	60
sammaltaa	verbi	60
tylsyä	verbi	60
tyrskytä	verbi	60
varistaa	verbi	60
vinouttaa	verbi	60
ylimerkitä	verbi	60
elävöityä	verbi	59
iljetä	verbi	59
imeltää	verbi	59
keulia	verbi	59
kiljahdella	verbi	59
lorvia	verbi	59
lukaista	verbi	59
modifioida	verbi	59
nollaantua	verbi	59
porsia	verbi	59
rapistella	verbi	59
ripsiä	verbi	59
rypyttää	verbi	59
tallaantua	verbi	59
tulostua	verbi	59
tyhmentää	verbi	59
töräyttää	verbi	59
verifioida	verbi	59
vetreyttää	verbi	59
yksilöllistää	verbi	59
fillaroida	verbi	58
haalistaa	verbi	58
jurottaa	verbi	58
jyskiä	verbi	58
kantata	verbi	58
kaunistautua	verbi	58
kiilautua	verbi	58
kitkuttaa	verbi	58
kompensoitua	verbi	58
kylmäsavustaa	verbi	58
morjenstaa	verbi	58
reväyttää	verbi	58
ryvästyä	verbi	58
rämistä	verbi	58
sievistellä	verbi	58
sumuta	verbi	58
tuohduttaa	verbi	58
vanua	verbi	58
yksipuolistaa	verbi	58
erkanee	verbi	57
heläyttää	verbi	57
kelliä	verbi	57
kihartaa	verbi	57
lestä	verbi	57
motata	verbi	57
myrtyä	verbi	57
parkaista	verbi	57
paukahdella	verbi	57
pengertää	verbi	57
pillittää	verbi	57
riisuuntua	verbi	57
samaistaa	verbi	57
tahraantua	verbi	57
vastuuttaa	verbi	57
vaurastuttaa	verbi	57
hirnua	verbi	56
hyppelehtiä	verbi	56
järkevöittää	verbi	56
kasailla	verbi	56
koneellistaa	verbi	56
koontaa	verbi	56
korvaantua	verbi	56
legitimoida	verbi	56
luututa	verbi	56
murahdella	verbi	56
nuoleskella	verbi	56
orastua	verbi	56
paukkaa	verbi	56
radikaalistaa	verbi	56
reipastua	verbi	56
ruostuttaa	verbi	56
rämpyttää	verbi	56
salaojittaa	verbi	56
sokeuttaa	verbi	56
sörkkiä	verbi	56
valssata	verbi*	56
varmentua	verbi	56
värisyttää	verbi	56
ylpistyä	verbi	56
etabloitua	verbi	55
happamoittaa	verbi	55
jahkata	verbi	55
kansantajuistaa	verbi	55
kerskailla	verbi	55
limittää	verbi	55
lurauttaa	verbi	55
motkottaa	verbi	55
pullikoida	verbi	55
pyöriskellä	verbi	55
soistua	verbi	55
sopertaa	verbi	55
tahmata	verbi	55
toheloida	verbi	55
virvoittaa	verbi	55
vislata	verbi	55
hengitellä	verbi	54
heruttaa	verbi	54
järkähtää	verbi	54
kahinoida	verbi	54
koloa	verbi	54
kurottua	verbi	54
lankuttaa	verbi	54
luetuttaa	verbi	54
lörpötellä	verbi	54
mataloitua	verbi	54
muljahdella	verbi	54
nujertua	verbi	54
pullistaa	verbi	54
raksia	verbi	54
raottua	verbi	54
röhnöttää	verbi	54
sarjoittaa	verbi	54
sysiä	verbi	54
tolkuttaa	verbi	54
vokotella	verbi	54
bluffata	verbi	53
fluorata	verbi	53
hiiviskellä	verbi	53
hillota	verbi	53
jujuttaa	verbi	53
kiehuttaa	verbi	53
kristallisoitua	verbi	53
kupsahtaa	verbi	53
kurnuttaa	verbi	53
lohestaa	verbi	53
luikauttaa	verbi	53
lytätä	verbi	53
muurautua	verbi	53
mölistä	verbi	53
naksauttaa	verbi	53
plussata	verbi	53
sijoittautua	verbi	53
suurustaa	verbi	53
tähystellä	verbi	53
vedostaa	verbi	53
vouhottaa	verbi	53
askaroida	verbi	52
esilämmittää	verbi	52
falskata	verbi	52
jurnuttaa	verbi	52
kalahtaa	verbi	52
keilailla	verbi	52
kiljaista	verbi	52
kurtistaa	verbi	52
käpristyä	verbi	52
käpälöidä	verbi	52
läikehtiä	verbi	52
naukkailla	verbi	52
nälkiinnyttää	verbi	52
osuttaa	verbi	52
ruumiillistua	verbi	52
räkättää	verbi	52
solua	verbi	52
villiinnyttää	verbi	52
äristä	verbi	52
balsamoida	verbi	51
hymytä	verbi	51
jänistää	verbi	51
kiillottua	verbi	51
kumittaa	verbi	51
kyseenalaistua	verbi	51
leivittää	verbi	51
musteta	verbi	51
muumioida	verbi	51
myrkyttyä	verbi	51
napsutella	verbi	51
nykyaikaistua	verbi	51
pilkistellä	verbi	51
polttohaudata	verbi	51
puskuroida	verbi	51
rokottautua	verbi	51
rouhaista	verbi	51
räpsytellä	verbi	51
saapastella	verbi	51
sadettaa	verbi	51
samastaa	verbi	51
siristellä	verbi	51
tärkeillä	verbi	51
tärveltyä	verbi	51
tölväistä	verbi	51
viemäröidä	verbi	51
vollottaa	verbi	51
äksyillä	verbi	51
haaveksia	verbi	50
hyrähtää	verbi	50
kivistää	verbi	50
käveleskellä	verbi	50
lelliä	verbi	50
lemuta	verbi	50
mouruta	verbi	50
nitistä	verbi	50
pulskistua	verbi	50
sokeerata	verbi	50
sterilisoida	verbi	50
töllistellä	verbi	50
valtiollistaa	verbi	50
ylibuukata	verbi	50
öristä	verbi	50
höyrähtää	verbi	49
iskettää	verbi	49
jälki-ilmoittautua	verbi	49
kondensoitua	verbi	49
koteloida	verbi	49
lirahtaa	verbi	49
mankua	verbi	49
muksia	verbi	49
möyrytä	verbi	49
nuhjata	verbi	49
retkottaa	verbi	49
riuduttaa	verbi	49
siristää	verbi	49
sisäänkirjoittaa	verbi	49
standardisoida	verbi	49
suihkauttaa	verbi	49
säristä	verbi	49
venata	verbi	49
vihlaista	verbi	49
virtailla	verbi	49
agitoida	verbi	48
föönata	verbi	48
hammastaa	verbi	48
hankautua	verbi	48
hiertyä	verbi	48
hälytä	verbi	48
kaikaa	verbi	48
kakistella	verbi	48
lehteillä	verbi	48
loitsia	verbi	48
niskoitella	verbi	48
notkistua	verbi	48
oikolukea	verbi	48
puistaa	verbi	48
pyrähdellä	verbi	48
routaantua	verbi	48
sambata	verbi	48
sarjoa	verbi	48
sipsutella	verbi	48
siunailla	verbi	48
sohlata	verbi	48
strukturoida	verbi	48
tanhuta	verbi	48
vaalentua	verbi	48
viserrellä	verbi	48
väljentyä	verbi	48
vääntelehtiä	verbi	48
yskäistä	verbi	48
hapantua	verbi	47
kelottua	verbi	47
kipunoida	verbi	47
kivahtaa	verbi	47
laudoittaa	verbi	47
lisensioida	verbi	47
myönnellä	verbi	47
pintakäsitellä	verbi	47
polttoleikata	verbi	47
robotisoida	verbi	47
ruskettaa	verbi	47
röyhistellä	verbi	47
siunautua	verbi	47
säksättää	verbi	47
tihuttaa	verbi	47
toljottaa	verbi	47
tuhrautua	verbi	47
tussata	verbi	47
töksäyttää	verbi	47
vakavoittaa	verbi	47
valkata	verbi	47
vikitellä	verbi	47
vongata	verbi	47
ylevöittää	verbi	47
devalvoitua	verbi	46
jodioida	verbi	46
judata	verbi	46
jydätä	verbi	46
jyristää	verbi	46
kalista	verbi	46
keinutella	verbi	46
koelentää	verbi	46
käännättää	verbi	46
laskostaa	verbi	46
lokeroitua	verbi	46
löntystellä	verbi	46
nuotintaa	verbi	46
nypätä	verbi	46
purskahdella	verbi	46
roolittaa	verbi	46
ryöpsähdellä	verbi	46
tuhrata	verbi	46
yksilöllistyä	verbi	46
öykkäröidä	verbi	46
adaptoitua	verbi	45
assosioitua	verbi	45
haaleta	verbi	45
heilastella	verbi	45
hopeoida	verbi	45
idealisoida	verbi	45
jammata	verbi	45
juksata	verbi	45
kalkkeutua	verbi	45
karnevalisoida	verbi	45
kauhtua	verbi	45
kotimaistaa	verbi	45
kähistä	verbi	45
käppäillä	verbi	45
lyllertää	verbi	45
nussia	verbi	45
nyökyttää	verbi	45
näplätä	verbi	45
pillahtaa	verbi	45
posahtaa	verbi	45
rallattaa	verbi	45
selvetä	verbi	45
sisäistyä	verbi	45
tuhertaa	verbi	45
töksähtää	verbi	45
aurinkokuivata	verbi	44
hypittää	verbi	44
käännähtää	verbi	44
leimauttaa	verbi*	44
länsimaistua	verbi	44
markkeerata	verbi	44
nyyhkyttää	verbi	44
orientoida	verbi	44
painekyllästää	verbi	44
paksuta	verbi	44
papattaa	verbi	44
porskutella	verbi	44
posottaa	verbi	44
ratista	verbi	44
rohtua	verbi	44
rouskutella	verbi	44
sameutua	verbi	44
satuilla	verbi	44
siletä	verbi	44
sirittää	verbi	44
stabiloida	verbi	44
tikahtua	verbi	44
tälläytyä	verbi	44
äestää	verbi	44
harottaa	verbi	43
humpata	verbi	43
hurvitella	verbi	43
hutaista	verbi	43
ilveillä	verbi	43
jodlata	verbi	43
kilisyttää	verbi	43
lassota	verbi	43
läpsää	verbi	43
morkata	verbi	43
nyhjäistä	verbi	43
puhahtaa	verbi	43
retusoida	verbi	43
rouskua	verbi	43
rusentaa	verbi	43
saveta	verbi	43
tiirikoida	verbi	43
tyypitellä	verbi	43
uikuttaa	verbi	43
valottua	verbi	43
hoilottaa	verbi	42
invalidisoitua	verbi	42
jeesustella	verbi	42
jelppiä	verbi	42
kahvittaa	verbi	42
kanonisoida	verbi	42
kapaloida	verbi	42
kellastaa	verbi	42
kuittaantua	verbi	42
liimaantua	verbi	42
murhauttaa	verbi	42
nappailla	verbi	42
nytkähdellä	verbi	42
putkittaa	verbi	42
rakeistaa	verbi	42
rupsahtaa	verbi	42
sanastaa	verbi	42
santsata	verbi	42
tyssähtää	verbi	42
vakaantua	verbi	42
vesata	verbi	42
vetelehtiä	verbi	42
väljähtää	verbi	42
filmatisoida	verbi	41
haaroittua	verbi	41
innota	verbi	41
jyristellä	verbi	41
karkota	verbi	41
kauhaista	verbi	41
kiljahtaa	verbi	41
lorottaa	verbi	41
läimiä	verbi	41
napista	verbi	41
niveltyä	verbi	41
nyyhkiä	verbi	41
pannoittaa	verbi	41
periyttää	verbi	41
puffata	verbi	41
puhtaaksikirjoittaa	verbi	41
räpsäyttää	verbi	41
salvoa	verbi	41
sihahtaa	verbi	41
tasavertaistaa	verbi	41
tomuttaa	verbi	41
tärähdellä	verbi	41
töksähdellä	verbi	41
vikuroida	verbi	41
vilkastaa	verbi	41
vyöttää	verbi	41
ajettua	verbi	40
hajaannuttaa	verbi	40
hakkauttaa	verbi	40
herahtaa	verbi	40
hölöttää	verbi	40
kangertaa	verbi	40
kerrostaa	verbi	40
koikkelehtia	verbi	40
krampata	verbi	40
kryptata	verbi	40
kultivoitua	verbi	40
leudontua	verbi	40
liejuuntua	verbi	40
lurittaa	verbi	40
materialisoitua	verbi	40
monottaa	verbi	40
morsettaa	verbi	40
myöhäistää	verbi	40
nurkua	verbi	40
onnahdella	verbi	40
preparoida	verbi	40
problematisoida	verbi	40
pähkiä	verbi	40
pönöttää	verbi	40
roikua	verbi	40
rypistellä	verbi	40
siruttaa	verbi	40
survaista	verbi	40
tahdistua	verbi	40
tahriutua	verbi	40
terästyä	verbi	40
töherrellä	verbi	40
vaskata	verbi	40
vitaminoida	verbi	40
arvopaperistaa	verbi	39
globaalistaa	verbi	39
helkkyä	verbi	39
hoikentaa	verbi	39
ilmehtiä	verbi	39
jyskyä	verbi	39
kihota	verbi	39
kiinteytyä	verbi	39
kohmettua	verbi	39
kuukahtaa	verbi	39
loruilla	verbi	39
luvittaa	verbi	39
moitiskella	verbi	39
niukentaa	verbi	39
nuhjaantua	verbi	39
nuukahtaa	verbi	39
pomputtaa	verbi	39
pätkäistä	verbi	39
raitistaa	verbi	39
ritistä	verbi	39
sirottaa	verbi	39
teollistaa	verbi	39
tuomaroida	verbi	39
tympiintyä	verbi	39
uistaa	verbi	39
ukkoontua	verbi	39
urputtaa	verbi	39
vaakkua	verbi	39
voihkia	verbi	39
hempeillä	verbi	38
hikeentyä	verbi	38
hirvestää	verbi	38
härskiintyä	verbi	38
ilostua	verbi	38
järkevöityä	verbi	38
kellistyä	verbi	38
kierittää	verbi	38
kirnuta	verbi	38
kouristaa	verbi	38
kumahtaa	verbi	38
lantrata	verbi	38
liudentaa	verbi	38
mukavoitua	verbi	38
notkauttaa	verbi	38
purskutella	verbi	38
ryhdistää	verbi	38
silata	verbi	38
sotata	verbi	38
versioida	verbi	38
vieroittautua	verbi	38
viimeistää	verbi	38
dissata	verbi	37
erilaistaa	verbi	37
gratinoida	verbi	37
hätäteurastaa	verbi	37
höntyillä	verbi	37
kipeyttää	verbi	37
kouluttua	verbi	37
kuivailla	verbi	37
kuopaista	verbi	37
käkättää	verbi	37
laiskistaa	verbi	37
liitostaa	verbi	37
livertää	verbi	37
nauliintua	verbi	37
niveltää	verbi	37
pelehtiä	verbi	37
pingottua	verbi	37
pipetoida	verbi	37
pokkuroida	verbi	37
pulppuilla	verbi	37
pystytellä	verbi	37
pämpätä	verbi	37
pökerryttää	verbi	37
raijata	verbi	37
reistata	verbi	37
ripottaa	verbi	37
rynkyttää	verbi	37
röyhtäillä	verbi	37
sameta	verbi	37
surkastuttaa	verbi	37
syntetisoida	verbi	37
taaplata	verbi	37
tihkuttaa	verbi	37
tyrkkiä	verbi	37
varjeltua	verbi	37
veltostua	verbi	37
yritellä	verbi	37
halstrata	verbi	36
hoppuilla	verbi	36
horista	verbi	36
hurskastella	verbi	36
ikkunoida	verbi	36
istuksia	verbi	36
jonouttaa	verbi	36
kaakattaa	verbi	36
keljuttaa	verbi	36
kihahtaa	verbi*	36
kromata	verbi	36
kuusettua	verbi	36
laannuttaa	verbi	36
läpsäyttää	verbi	36
naksuttaa	verbi	36
nurkata	verbi	36
puurouttaa	verbi	36
roiskahtaa	verbi	36
sammahtaa	verbi	36
seilailla	verbi	36
suluttaa	verbi	36
syöksähdellä	verbi	36
säteilyttää	verbi	36
tonttuilla	verbi	36
šokeerata	verbi	36
aivastuttaa	verbi	35
allokoida	verbi	35
blondata	verbi	35
emigroitua	verbi	35
halaista	verbi	35
hapsottaa	verbi	35
hifistellä	verbi	35
hipsutella	verbi	35
isotella	verbi	35
kiihkoilla	verbi	35
kolisuttaa	verbi	35
kuherrella	verbi	35
kutoutua	verbi	35
laastaroida	verbi	35
limoittua	verbi	35
liristä	verbi	35
lonksua	verbi	35
pissattaa	verbi	35
poutaantua	verbi	35
purjelautailla	verbi	35
rullautua	verbi	35
rääkäistä	verbi	35
sirota	verbi	35
solmeilla	verbi	35
sopottaa	verbi	35
suitsuta	verbi	35
suoratoistaa	verbi	35
tuhlaantua	verbi	35
tutkata	verbi	35
ahtauttaa	verbi*	34
huorata	verbi	34
hörähdellä	verbi	34
jumputtaa	verbi	34
keittyä	verbi	34
kestittää	verbi	34
kiepsauttaa	verbi	34
kokoonpanna	verbi	34
kuohkeuttaa	verbi	34
kutiaa	verbi	34
kyhnyttää	verbi	34
käheytyä	verbi	34
leimahdella	verbi	34
limata	verbi	34
louskuttaa	verbi	34
näpräillä	verbi	34
personoitua	verbi	34
plarata	verbi	34
pompotella	verbi	34
purattaa	verbi	34
samankaltaistua	verbi	34
satakertaistua	verbi	34
suomustaa	verbi	34
syyhyttää	verbi	34
teloituttaa	verbi	34
tihrustaa	verbi	34
tirskua	verbi	34
treffata	verbi	34
vireyttää	verbi	34
yksityistyä	verbi	34
arpeuttaa	verbi	33
hymistä	verbi	33
höristellä	verbi	33
iljettää	verbi	33
jokellella	verbi	33
kellastuttaa	verbi	33
kiepahtaa	verbi	33
kieputella	verbi	33
kihartua	verbi	33
kuiskuttaa	verbi	33
kulauttaa	verbi	33
kuohahdella	verbi	33
kuskailla	verbi	33
laventua	verbi	33
leirittää	verbi	33
lurahtaa	verbi	33
maiskuttaa	verbi	33
metsästellä	verbi	33
naruttaa	verbi	33
pimputtaa	verbi	33
pusata	verbi	33
puuteroida	verbi	33
rationalisoida	verbi	33
siemaista	verbi	33
stilisoida	verbi	33
suhailla	verbi	33
tahrautua	verbi	33
taimettua	verbi	33
tietokoneistaa	verbi	33
tunkeilla	verbi	33
vääntyillä	verbi	33
ähistä	verbi	33
äyskäröidä	verbi	33
harmaannuttaa	verbi	32
haukotuttaa	verbi	32
herpaannuttaa	verbi	32
hiiltää	verbi	32
hupsutella	verbi	32
jelpata	verbi	32
karstata	verbi	32
kopahtaa	verbi	32
likvidoida	verbi	32
loimuttaa	verbi	32
luhistaa	verbi	32
läimäistä	verbi	32
lätistä	verbi	32
mallastaa	verbi	32
muhinoida	verbi	32
murustaa	verbi	32
napsaa	verbi	32
oikkuilla	verbi	32
paikkauttaa	verbi	32
paksuntaa	verbi	32
panettaa	verbi	32
rassailla	verbi	32
remahtaa	verbi	32
rohista	verbi	32
rustailla	verbi	32
ruuvailla	verbi	32
rytkyä	verbi	32
rähmiä	verbi	32
stailata	verbi	32
sumppuuntua	verbi	32
särmätä	verbi	32
tulvehtia	verbi	32
tuoresuolata	verbi	32
tyhjennellä	verbi	32
venäläistyä	verbi	32
vetistellä	verbi	32
blokkiutua	verbi	31
derivoida	verbi	31
faksata	verbi	31
feikata	verbi	31
fileerata	verbi	31
hairahtaa	verbi	31
halvautua	verbi	31
hevostella	verbi	31
holvata	verbi*	31
invalidisoida	verbi	31
jatkokouluttaa	verbi	31
kangastaa	verbi	31
kenkkuilla	verbi	31
kolistaa	verbi	31
koneistua	verbi	31
kyylätä	verbi	31
kärhämöidä	verbi	31
lauhduttaa	verbi	31
leijata	verbi*	31
liberalisoitua	verbi	31
liisteröidä	verbi	31
loitontaa	verbi	31
läpsyä	verbi	31
mekkaloida	verbi	31
narkata	verbi	31
nepata	verbi	31
pamahdella	verbi	31
petsata	verbi	31
piikoa	verbi	31
pitkästyttää	verbi	31
pömpöttää	verbi	31
ratsastella	verbi	31
rillutella	verbi	31
rumentua	verbi	31
ryskyttää	verbi	31
ryytyä	verbi	31
räiskähdellä	verbi	31
rämähtää	verbi	31
siekailla	verbi	31
suhteellistaa	verbi	31
suopua	verbi	31
taannuttaa	verbi	31
temperoida	verbi	31
hiiskahtaa	verbi	30
hommailla	verbi	30
huiskuttaa	verbi	30
härmistyä	verbi	30
jekkuilla	verbi	30
jekuttaa	verbi	30
kalvia	verbi	30
kuivettua	verbi	30
lastoittaa	verbi	30
liipaista	verbi	30
maalittaa	verbi	30
nakerrella	verbi	30
niuhottaa	verbi	30
potkiskella	verbi	30
prakata	verbi	30
profetoida	verbi	30
raapata	verbi	30
replikoida	verbi	30
satuloida	verbi	30
stepata	verbi	30
sutkauttaa	verbi	30
tumpeloida	verbi	30
tuulastaa	verbi	30
twistata	verbi	30
tömistää	verbi	30
vaahtoutua	verbi	30
varrota	verbi	30
yleistajuistaa	verbi	30
balansoida	verbi	29
haarniskoida	verbi	29
hujauttaa	verbi	29
inahtaa	verbi	29
karjahdella	verbi	29
kiekaista	verbi	29
kohottautua	verbi	29
kyykätä	verbi	29
käryttää	verbi	29
luimistella	verbi	29
näykkäistä	verbi	29
pakinoida	verbi	29
piipertää	verbi	29
pinnallistua	verbi	29
pusertua	verbi	29
raaputella	verbi	29
reuhtoa	verbi	29
riiata	verbi	29
rötköttää	verbi	29
suhteittaa	verbi	29
tepsutella	verbi	29
tupeerata	verbi	29
validoida	verbi	29
vieroittua	verbi	29
ähkyä	verbi	29
alivakuuttaa	verbi	28
arvuuttaa	verbi	28
humputella	verbi	28
hytkyttää	verbi	28
kahdentua	verbi	28
kaiverruttaa	verbi	28
kangastella	verbi	28
karehtia	verbi	28
kariuttaa	verbi	28
keikaroida	verbi	28
kirjoituttaa	verbi	28
koukistua	verbi	28
kroolata	verbi	28
latkia	verbi	28
loikoa	verbi	28
luuhata	verbi	28
mapittaa	verbi	28
nirhata	verbi	28
norua	verbi	28
oikeistolaistua	verbi	28
paikallistua	verbi	28
pietä	verbi	28
päivettyä	verbi	28
rulettaa	verbi	28
ryppyillä	verbi	28
röyhistää	verbi	28
siksakata	verbi	28
sinkitä	verbi	28
slummiutua	verbi	28
suhauttaa	verbi	28
sujahdella	verbi	28
suotautua	verbi	28
säröytyä	verbi	28
takkuuntua	verbi	28
torailla	verbi	28
turhaantua	verbi	28
viivästellä	verbi	28
viluttaa	verbi	28
vouhkata	verbi	28
briljeerata	verbi	27
dementoida	verbi	27
fiksata	verbi	27
halvauttaa	verbi	27
hedelmöityä	verbi	27
homehduttaa	verbi	27
imellyttää	verbi	27
interreilata	verbi	27
joukkoistaa	verbi	27
kalkattaa	verbi	27
kangeta	verbi	27
kieritellä	verbi	27
kihertää	verbi	27
kipristää	verbi	27
kohmettaa	verbi	27
kolhiutua	verbi	27
kontaktoida	verbi	27
kriisiyttää	verbi	27
kuljetuttaa	verbi	27
kumahdella	verbi	27
laikuttaa	verbi	27
luontua	verbi	27
maukua	verbi	27
molskia	verbi	27
monopolisoitua	verbi	27
muikistella	verbi	27
paneroida	verbi	27
pidätyttää	verbi	27
posauttaa	verbi	27
punastuttaa	verbi	27
pykiä	verbi	27
pökätä	verbi	27
pöllähdellä	verbi	27
räiskähtää	verbi	27
sivallella	verbi	27
soperrella	verbi	27
töhertää	verbi	27
tököttää	verbi	27
varmistautua	verbi	27
väljetä	verbi	27
denaturoida	verbi	26
futata	verbi	26
huudahdella	verbi	26
huuhtaista	verbi	26
iskukuumentaa	verbi	26
juovuttaa	verbi	26
järeytyä	verbi	26
kaapaista	verbi	26
karsinoida	verbi	26
katsastuttaa	verbi	26
kellertyä	verbi	26
kimittää	verbi	26
korreloitua	verbi	26
kuumua	verbi	26
leipiintyä	verbi	26
lempata	verbi	26
lenkittää	verbi	26
litistä	verbi	26
loiskahtaa	verbi	26
lyhennellä	verbi	26
monopolisoida	verbi	26
neliöidä	verbi	26
nurmettua	verbi	26
pärskähtää	verbi	26
pörröttää	verbi	26
resitoida	verbi	26
roiskaista	verbi	26
räknätä	verbi	26
saivarrella	verbi	26
selventyä	verbi	26
sihdata	verbi*	26
sipsuttaa	verbi	26
sovittautua	verbi	26
supistella	verbi	26
tukevoitua	verbi	26
typertyä	verbi	26
törähtää	verbi	26
vatuloida	verbi	26
voimaantua	verbi	26
väkevöittää	verbi	26
yhdentää	verbi	26
eltaantua	verbi	25
flirtata	verbi	25
hirnahdella	verbi	25
hohottaa	verbi	25
hukkaantua	verbi	25
hulinoida	verbi	25
ionisoida	verbi	25
justeerata	verbi	25
kahdentaa	verbi	25
kiemurtaa	verbi	25
kurlata	verbi	25
lallatella	verbi	25
lorvailla	verbi	25
läpättää	verbi	25
medikalisoida	verbi	25
muljauttaa	verbi	25
notkahdella	verbi	25
parveutua	verbi	25
peitata	verbi	25
pirskottaa	verbi	25
pomottaa	verbi	25
raotella	verbi	25
rääpiä	verbi	25
siilautua	verbi	25
siirtyillä	verbi	25
silppuuntua	verbi	25
skipata	verbi	25
skulata	verbi	25
suomentua	verbi	25
särpiä	verbi	25
tyhmentyä	verbi	25
tyypittää	verbi	25
tömäyttää	verbi	25
vakioitua	verbi	25
vivuta	verbi	25
ylinäytellä	verbi	25
ammattilaistaa	verbi	24
arkistua	verbi	24
emaloida	verbi	24
hatuttaa	verbi	24
havainnollistua	verbi	24
honottaa	verbi	24
hälyttyä	verbi	24
isontaa	verbi	24
kessutella	verbi	24
kestävöidä	verbi	24
kinkata	verbi	24
kirveltää	verbi	24
kohautella	verbi	24
kontrastoida	verbi	24
laatikoida	verbi	24
laiskottaa	verbi	24
lemahtaa	verbi	24
liettää	verbi	24
lipaista	verbi	24
loitontua	verbi	24
luistattaa	verbi	24
lötköttää	verbi	24
manifestoida	verbi	24
mataloittaa	verbi	24
molskauttaa	verbi	24
määräaikaistaa	verbi	24
nirhaista	verbi	24
nujuta	verbi	24
oksennuttaa	verbi	24
pakottautua	verbi	24
paseerata	verbi	24
pyydystellä	verbi	24
pöyhkeillä	verbi	24
ruohottua	verbi	24
rämettyä	verbi	24
röykyttää	verbi	24
sakeuttaa	verbi	24
suihkutella	verbi	24
sujuttaa	verbi	24
sykähtää	verbi	24
sävyttyä	verbi	24
säälitellä	verbi	24
taikinoida	verbi	24
tarita	verbi	24
tointua	verbi	24
tuftata	verbi	24
tuoreuttaa	verbi	24
töllöttää	verbi	24
vakinaistua	verbi	24
valituttaa	verbi	24
verkostua	verbi	24
vetreytyä	verbi	24
viivoittaa	verbi	24
vilistellä	verbi	24
väkevöidä	verbi	24
väkevöityä	verbi	24
ajankohtaistua	verbi	23
chattailla	verbi	23
helskyä	verbi	23
hermottaa	verbi	23
hilpaista	verbi	23
humalluttaa	verbi	23
itsenäistää	verbi	23
jaksella	verbi	23
jaksotella	verbi	23
jalustaa	verbi	23
joikua	verbi	23
keinosiementää	verbi	23
kiinnittäytyä	verbi	23
kipitellä	verbi	23
konttailla	verbi	23
kouliutua	verbi	23
kristallisoida	verbi	23
käsitteellistää	verbi	23
lipsahdella	verbi	23
loveta	verbi	23
löyhentyä	verbi	23
neiditellä	verbi	23
näykätä	verbi	23
puleerata	verbi	23
sameuttaa	verbi	23
supatella	verbi	23
surahtaa	verbi	23
tihuuttaa	verbi	23
tirahtaa	verbi	23
tohista	verbi	23
torkahdella	verbi	23
tukaloitua	verbi	23
tuoksuta	verbi	23
tyhjiöpakata	verbi	23
vaikertaa	verbi	23
velttoilla	verbi	23
ahavoitua	verbi	22
aidoittaa	verbi	22
dreijata	verbi	22
harrastua	verbi	22
harsuuntua	verbi	22
hiillostua	verbi	22
hourailla	verbi	22
humauttaa	verbi	22
huopua	verbi	22
hölistä	verbi	22
juroa	verbi	22
kaakeloida	verbi	22
kaltata	verbi	22
kammoksuttaa	verbi	22
karkeloida	verbi	22
kekkuloida	verbi	22
keriytyä	verbi	22
kilkuttaa	verbi	22
kivettää	verbi	22
koestaa	verbi	22
kreditoida	verbi	22
kulottua	verbi	22
kähertää	verbi	22
käristyä	verbi	22
köllähtää	verbi	22
levitoida	verbi	22
lirkutella	verbi	22
maapalloistua	verbi	22
mollottaa	verbi	22
mulahtaa	verbi	22
mäjähtää	verbi	22
mässyttää	verbi	22
nyppäistä	verbi	22
palastella	verbi	22
palmikoida	verbi	22
palosuojata	verbi	22
pamautella	verbi	22
paskantaa	verbi	22
pihiä	verbi	22
pottuilla	verbi	22
punehtua	verbi	22
raaistaa	verbi	22
roiskauttaa	verbi	22
ryskiä	verbi	22
rytkyttää	verbi	22
röyhtäistä	verbi	22
salpaantua	verbi	22
selkiinnyttää	verbi	22
suhahdella	verbi	22
taulukoida	verbi	22
teutaroida	verbi	22
tiinehtyä	verbi	22
tungetella	verbi	22
vapisuttaa	verbi	22
vetkuttaa	verbi	22
vireytyä	verbi	22
äkämystyä	verbi	22
absorboida	verbi	21
alipukeutua	verbi	21
aprillata	verbi	21
delata	verbi	21
helistää	verbi	21
hinauttaa	verbi	21
hypettää	verbi	21
hytisyttää	verbi	21
iskuttaa	verbi	21
jauhaantua	verbi	21
juljeta	verbi	21
kapseloitua	verbi	21
karakterisoida	verbi	21
karitsoida	verbi	21
kondensoida	verbi	21
kuiduttaa	verbi	21
kuleksia	verbi	21
kurtistua	verbi	21
kuvastella	verbi	21
käristä	verbi	21
lotista	verbi	21
lujentaa	verbi	21
lätsähtää	verbi	21
löntystää	verbi	21
moninaistaa	verbi	21
mustuttaa	verbi	21
mäkättää	verbi	21
narskuttaa	verbi	21
nauliutua	verbi	21
nokkaista	verbi	21
nyhjöttää	verbi	21
paneloida	verbi	21
pippuroida	verbi	21
pyntätä	verbi	21
päristellä	verbi	21
pöläyttää	verbi	21
pössytellä	verbi	21
raidoittaa	verbi	21
rappioitua	verbi	21
robotisoitua	verbi	21
rytistää	verbi*	21
ryöstellä	verbi	21
röyhytellä	verbi	21
sakkautua	verbi	21
sepitellä	verbi	21
sinistyä	verbi	21
sorvailla	verbi	21
teoretisoida	verbi	21
tuprahtaa	verbi	21
turinoida	verbi	21
tviitata	verbi	21
töpöttää	verbi	21
vankentaa	verbi	21
varhentua	verbi	21
vesakoitua	verbi	21
vonkua	verbi	21
ensisijaistaa	verbi	20
haipua	verbi	20
haukahtaa	verbi	20
huipata	verbi	20
huuruta	verbi	20
hönkäistä	verbi	20
höröttää	verbi	20
ilkamoida	verbi	20
jauhattaa	verbi	20
juoksettua	verbi	20
kalkuttaa	verbi	20
kelastaa	verbi	20
kopsahdella	verbi	20
kuumasinkitä	verbi	20
lennähdellä	verbi	20
liotella	verbi	20
machoilla	verbi	20
makeilla	verbi	20
myöstää	verbi	20
pensoa	verbi	20
perheellistyä	verbi	20
pierettää	verbi	20
pipertää	verbi	20
pohjamaalata	verbi	20
pompahdella	verbi	20
porsastella	verbi	20
prameilla	verbi	20
promota	verbi	20
pyllistellä	verbi	20
pöllytellä	verbi	20
rapsauttaa	verbi	20
redusoida	verbi	20
reuhata	verbi	20
riimittää	verbi	20
ruiskia	verbi	20
ruotsalaistua	verbi	20
sakkaantua	verbi	20
salvaa	verbi	20
sedimentoitua	verbi	20
sihahdella	verbi	20
säännöllistää	verbi	20
tavuttaa	verbi	20
tehottaa	verbi	20
tuiskahtaa	verbi	20
tuskitella	verbi	20
tussahtaa	verbi	20
typerryttää	verbi	20
tärskyä	verbi	20
urista	verbi	20
varrentaa	verbi	20
vetistää	verbi	20
viisastaa	verbi	20
vitoa	verbi	20
ylikansoittua	verbi	20
ylipukeutua	verbi	20
ajatteluttaa	verbi	19
allastaa	verbi	19
hiilihapottaa	verbi	19
hoivailla	verbi	19
huljutella	verbi	19
huputtaa	verbi	19
huurruttaa	verbi	19
indeksoida	verbi	19
jousittaa	verbi	19
jämäköityä	verbi	19
järkiperäistää	verbi	19
kohoilla	verbi	19
kokoilla	verbi	19
konkata	verbi*	19
latvoa	verbi	19
leväyttää	verbi	19
liberalisoida	verbi	19
lirauttaa	verbi	19
louskua	verbi	19
läpsäistä	verbi	19
lönkytellä	verbi	19
mongertaa	verbi	19
nastata	verbi	19
nukkaantua	verbi	19
nyhrätä	verbi	19
pauloittaa	verbi	19
puhdistuttaa	verbi	19
rasahtaa	verbi	19
ratkeilla	verbi	19
rehabilitoida	verbi	19
ruiskauttaa	verbi	19
räpyttää	verbi	19
satakertaistaa	verbi	19
savustua	verbi	19
sekaannuttaa	verbi	19
sestoa	verbi	19
siklata	verbi	19
sohjoontua	verbi	19
suggeroida	verbi	19
surauttaa	verbi	19
tietokoneistua	verbi	19
tukkeuttaa	verbi	19
tölkittää	verbi	19
umpioida	verbi	19
viirata	verbi	19
välkähtää	verbi	19
ajankohtaistaa	verbi	18
funtsata	verbi	18
hohkaa	verbi	18
huumautua	verbi	18
ilmeittää	verbi	18
inhimillistyä	verbi	18
juurihoitaa	verbi	18
jytkyttää	verbi	18
kapeuttaa	verbi	18
kaupungistaa	verbi	18
kettuilla	verbi	18
korventua	verbi	18
kurista	verbi	18
livettää	verbi	18
luikertaa	verbi	18
läimäytellä	verbi	18
läiskähtää	verbi	18
läpsähtää	verbi	18
mutristaa	verbi	18
mäskätä	verbi	18
möristä	verbi	18
niksua	verbi	18
nytkyä	verbi	18
nävertää	verbi	18
oheistaa	verbi	18
otsonoida	verbi	18
pintautua	verbi	18
rietastella	verbi	18
ripauttaa	verbi	18
rymistää	verbi	18
siipeillä	verbi	18
siristä	verbi	18
soljahtaa	verbi	18
suolautua	verbi	18
syväkairata	verbi	18
sädettää	verbi	18
taltata	verbi	18
tinata	verbi	18
tyhmetä	verbi	18
tärkätä	verbi	18
viuhahdella	verbi	18
ydinaseistaa	verbi	18
äheltää	verbi	18
ähkäistä	verbi	18
äyskiä	verbi	18
aakkostaa	verbi	17
brodeerata	verbi	17
esipaistaa	verbi	17
evästellä	verbi	17
fluoresoida	verbi	17
globaalistua	verbi	17
havuttaa	verbi	17
hennata	verbi	17
hiestää	verbi	17
institutionalisoitua	verbi	17
jälkiäänittää	verbi	17
jäntevöittää	verbi	17
kakistaa	verbi	17
kestopäällystää	verbi	17
kiivastuttaa	verbi	17
kirmaista	verbi	17
kritikoida	verbi	17
könöttää	verbi	17
laitostaa	verbi	17
linnustaa	verbi	17
lököttää	verbi	17
muiskauttaa	verbi	17
muistiinmerkitä	verbi	17
murehduttaa	verbi	17
narahdella	verbi	17
nuhraantua	verbi	17
pallottaa	verbi	17
peipata	verbi	17
pilkuttaa	verbi	17
porrastua	verbi	17
promotoida	verbi	17
pujottautua	verbi	17
raplata	verbi	17
rapsahdella	verbi	17
ruikkia	verbi	17
ryhdistyä	verbi	17
rymähtää	verbi	17
rytyyttää	verbi	17
räpsähdellä	verbi	17
saippuoida	verbi	17
saksantaa	verbi	17
sauvakävellä	verbi	17
sihauttaa	verbi	17
suoristella	verbi	17
surmauttaa	verbi	17
säpsäyttää	verbi	17
sössöttää	verbi	17
tipata	verbi	17
trendata	verbi	17
tuhriintua	verbi	17
täsmäyttää	verbi	17
ulosliputtaa	verbi	17
vanuttaa	verbi	17
vetistyä	verbi	17
virallistua	verbi	17
aktualisoitua	verbi	16
annella	verbi	16
arastaa	verbi	16
banalisoida	verbi	16
bingota	verbi	16
blogata	verbi	16
entrata	verbi*	16
harhaantua	verbi	16
hiutua	verbi	16
huimia	verbi	16
hulmahtaa	verbi	16
hyytelöidä	verbi	16
irstailla	verbi	16
jolkottaa	verbi	16
julmistella	verbi	16
jumahtaa	verbi	16
jymistä	verbi	16
järähdellä	verbi	16
kajautella	verbi	16
kellata	verbi	16
komplisoitua	verbi	16
kopsauttaa	verbi	16
kujertaa	verbi	16
kuorittaa	verbi	16
kyynistyä	verbi	16
läiskyä	verbi	16
muovaantua	verbi	16
napsuttaa	verbi	16
nokitella	verbi	16
nylkyttää	verbi	16
nyysiä	verbi	16
ostattaa	verbi	16
parroittua	verbi	16
perhostaa	verbi	16
pornoistua	verbi	16
riipoa	verbi	16
räkyttää	verbi	16
röhähtää	verbi	16
saastata	verbi	16
separoida	verbi	16
soinnuttaa	verbi	16
soseutua	verbi	16
synkronisoida	verbi	16
syöksyillä	verbi	16
säädättää	verbi	16
söpöillä	verbi	16
talutella	verbi	16
tirskahtaa	verbi	16
traumatisoida	verbi	16
tukkeentua	verbi	16
tyrkyttäytyä	verbi	16
tähkiä	verbi	16
tölvätä	verbi	16
ulvahtaa	verbi	16
unhoittaa	verbi	16
vangituttaa	verbi	16
vavahtaa	verbi	16
verbalisoida	verbi	16
viistota	verbi	16
välkähdellä	verbi	16
ylivalottua	verbi	16
abstrahoida	verbi	15
deponoida	verbi	15
emansipoitua	verbi	15
erotisoida	verbi	15
ghettoutua	verbi	15
helisyttää	verbi	15
hirnahtaa	verbi	15
hirvitellä	verbi	15
huojahdella	verbi	15
hässiä	verbi	15
implantoida	verbi	15
infota	verbi	15
jäykistellä	verbi	15
kellahdella	verbi	15
kihnuttaa	verbi	15
kultivoida	verbi	15
kuratoida	verbi	15
kyyköttää	verbi	15
laillistua	verbi	15
lehahdella	verbi	15
leuhottaa	verbi	15
lyöttää	verbi	15
läikähdellä	verbi	15
löyhähtää	verbi	15
mehustua	verbi	15
moikaa	verbi	15
moiskauttaa	verbi	15
mulkaista	verbi	15
museoitua	verbi	15
möhlätä	verbi	15
nahinoida	verbi	15
naksahdella	verbi	15
nyhertää	verbi	15
nyppyyntyä	verbi	15
nytkyttää	verbi	15
ojentautua	verbi	15
panoroida	verbi	15
panssaroitua	verbi	15
ponnauttaa	verbi	15
päristää	verbi	15
rojauttaa	verbi	15
rumeta	verbi	15
runnata	verbi	15
ruopia	verbi	15
räpsyttää	verbi	15
räytyä	verbi	15
suttaantua	verbi	15
systematisoida	verbi	15
sähähtää	verbi	15
säikähdyttää	verbi	15
säikähtyä	verbi	15
säikäytellä	verbi	15
talveentua	verbi	15
totota	verbi	15
tuhatkertaistua	verbi	15
tuhlautua	verbi	15
tuittuilla	verbi	15
täydellistää	verbi	15
ulvahdella	verbi	15
vinkaista	verbi	15
vivuttaa	verbi	15
väkertää	verbi	15
väräyttää	verbi	15
chillata	verbi	14
digitaalistua	verbi	14
formatoida	verbi	14
fraseerata	verbi	14
gettoutua	verbi	14
haavautua	verbi	14
hellätä	verbi	14
hulauttaa	verbi	14
huljuttaa	verbi	14
hummata	verbi	14
huurtaa	verbi	14
hännystellä	verbi	14
hätäännyttää	verbi	14
häälyä	verbi	14
jokeltaa	verbi	14
jyräyttää	verbi*	14
järkiintyä	verbi	14
jöröttää	verbi	14
karkaistua	verbi	14
karpata	verbi	14
kaupita	verbi	14
keinahtaa	verbi	14
kirkaista	verbi	14
kohkata	verbi	14
kopsata	verbi	14
kosahtaa	verbi	14
krematoida	verbi	14
kyyneltyä	verbi	14
käyristää	verbi	14
käämiä	verbi	14
köyhäillä	verbi	14
lapsettaa	verbi	14
letkautella	verbi	14
liiskata	verbi	14
liuota	verbi	14
liverrellä	verbi	14
lokalisoida	verbi	14
lukkiuttaa	verbi	14
luulotella	verbi	14
läänittää	verbi	14
munittaa	verbi	14
nahkoa	verbi	14
navakoitua	verbi	14
niksauttaa	verbi	14
nillittää	verbi	14
nuupahtaa	verbi	14
pajattaa	verbi	14
pehmoilla	verbi	14
pellittää	verbi	14
pensoittua	verbi	14
polemisoida	verbi	14
pälpättää	verbi	14
pälättää	verbi	14
raakakypsyttää	verbi	14
ravistua	verbi	14
räpättää	verbi	14
sirklata	verbi	14
sitkistyä	verbi	14
suikata	verbi	14
syöpötellä	verbi	14
säpsähdellä	verbi	14
sönköttää	verbi	14
tarkoituksenmukaistaa	verbi	14
tepsuttaa	verbi	14
tiedustaa	verbi	14
tihkuta	verbi	14
tirkistää	verbi	14
toimitella	verbi	14
tupeksia	verbi	14
twerkata	verbi	14
tägätä	verbi	14
täryttää	verbi	14
urittaa	verbi	14
yrjötä	verbi	14
adaptoida	verbi	13
ammattilaistua	verbi	13
fantasioida	verbi	13
galvanoida	verbi	13
halvata	verbi	13
henkäillä	verbi	13
jolkotella	verbi	13
jorista	verbi	13
jytkähtää	verbi	13
jäkälöityä	verbi	13
jäkättää	verbi	13
kakattaa	verbi	13
karnevalisoitua	verbi	13
kelautua	verbi	13
kenottaa	verbi	13
kiellellä	verbi	13
konepestä	verbi	13
kustomoida	verbi	13
kyörätä	verbi	13
lankata	verbi	13
lekottaa	verbi	13
leudota	verbi	13
likistää	verbi	13
luiskata	verbi	13
läpsyttää	verbi	13
löllyä	verbi	13
manifestoitua	verbi	13
miedontua	verbi	13
natisuttaa	verbi	13
neulahuovuttaa	verbi	13
neutraloitua	verbi	13
nurmettaa	verbi	13
onnestaa	verbi	13
opponoida	verbi	13
painaltaa	verbi	13
piffata	verbi	13
pinniä	verbi	13
pomputella	verbi	13
psykologisoida	verbi	13
puristautua	verbi	13
pärskähdellä	verbi	13
pörräillä	verbi	13
ravistuttaa	verbi	13
reformoida	verbi	13
renkuttaa	verbi	13
riipustaa	verbi	13
ripsauttaa	verbi	13
ropsauttaa	verbi	13
rytkähtää	verbi	13
ryysiä	verbi	13
ryöstöviljellä	verbi	13
sihtailla	verbi	13
sinertyä	verbi	13
skypettää	verbi	13
solkata	verbi	13
spoilata	verbi	13
stopata	verbi	13
survoutua	verbi	13
tavailla	verbi	13
titrata	verbi	13
tomuta	verbi	13
tuskaantua	verbi	13
tyhmistyä	verbi	13
tökkäistä	verbi	13
törkkiä	verbi	13
vahveta	verbi	13
vajeta	verbi	13
välkyttää	verbi	13
älyllistää	verbi	13
akkautua	verbi	12
auskultoida	verbi	12
byrokratisoitua	verbi	12
emuloida	verbi	12
esikypsentää	verbi	12
harittaa	verbi	12
hieroutua	verbi	12
hiillyttää	verbi	12
huikennella	verbi	12
hummailla	verbi	12
hupsia	verbi	12
ionisoitua	verbi	12
jollottaa	verbi	12
julmistua	verbi	12
jysähdellä	verbi	12
kalkyloida	verbi	12
karstoittua	verbi	12
keikailla	verbi	12
keikutella	verbi	12
kipristyä	verbi	12
kirjoittua	verbi	12
kopautella	verbi	12
kopistaa	verbi	12
korskua	verbi	12
kulautella	verbi	12
kumuloida	verbi	12
kyllääntyä	verbi	12
käyristyä	verbi	12
lemmiskellä	verbi	12
liehakoida	verbi	12
lumeta	verbi	12
läjähtää	verbi	12
läjätä	verbi	12
läntätä	verbi	12
maksuunpanna	verbi	12
mehevöittää	verbi	12
nahista	verbi	12
nukata	verbi	12
paklata	verbi	12
penikoida	verbi	12
penslata	verbi	12
piirustella	verbi	12
polskahtaa	verbi	12
popata	verbi*	12
puikkia	verbi	12
purskuttaa	verbi	12
pusia	verbi	12
pynttäytyä	verbi	12
päsmäröidä	verbi	12
päärmätä	verbi	12
ripeyttää	verbi	12
röhistä	verbi	12
seostaa	verbi	12
sietä	verbi*	12
siilata	verbi	12
snobbailla	verbi	12
somistautua	verbi	12
summautua	verbi	12
suojamaadoittaa	verbi	12
suortua	verbi	12
supeta	verbi	12
sävähtää	verbi	12
tasautua	verbi	12
trampata	verbi	12
tuherrella	verbi	12
tuprahdella	verbi	12
tursua	verbi	12
turvallistaa	verbi	12
tömähdellä	verbi	12
ulvottaa	verbi	12
unnuttaa	verbi	12
vahventua	verbi	12
vimmastua	verbi	12
virvoitella	verbi	12
vittuuntua	verbi	12
ylvästellä	verbi	12
ärjäistä	verbi	12
äännähtää	verbi	12
aientaa	verbi	11
aktiivistaa	verbi	11
assimiloida	verbi	11
diskriminoida	verbi	11
eliminoitua	verbi	11
elostella	verbi	11
feidata	verbi	11
harmaasuolata	verbi	11
harmonisoitua	verbi	11
henkivakuuttaa	verbi	11
hinautua	verbi	11
hissata	verbi	11
hohdella	verbi	11
huljua	verbi	11
hyppäyttää	verbi	11
hytkytellä	verbi	11
hölkytellä	verbi	11
hölskyttää	verbi	11
imeltyä	verbi	11
interrailata	verbi	11
johdottaa	verbi	11
jolkutella	verbi	11
järähtää	verbi	11
kajastella	verbi	11
karjahtaa	verbi	11
katalysoida	verbi	11
kauhistaa	verbi	11
kehityttää	verbi	11
keljuilla	verbi	11
keloutua	verbi	11
kinua	verbi	11
kippistää	verbi	11
kirjavoitua	verbi	11
klikkiytyä	verbi	11
koutsata	verbi	11
kovistaa	verbi	11
kruisailla	verbi	11
kränätä	verbi	11
kuhnailla	verbi	11
kuohia	verbi	11
kuoputtaa	verbi	11
laskostua	verbi	11
liikata	verbi	11
lumpsahtaa	verbi	11
luokittua	verbi	11
lusmuilla	verbi	11
luuduttaa	verbi	11
läiskäistä	verbi	11
löpistä	verbi	11
mentoroida	verbi	11
muksahtaa	verbi	11
mureuttaa	verbi	11
murkinoida	verbi	11
myönnytellä	verbi	11
mäjäyttää	verbi	11
mätkäyttää	verbi	11
naksautella	verbi	11
napsautella	verbi	11
nelistää	verbi	11
nesteytyä	verbi	11
nieleksiä	verbi	11
niksahtaa	verbi	11
pakista	verbi	11
parfymoida	verbi	11
pensselöidä	verbi	11
polttomerkitä	verbi	11
pujoa	verbi	11
pulauttaa	verbi	11
pupeltaa	verbi	11
pärisyttää	verbi	11
raspata	verbi	11
riiustella	verbi	11
rimoittaa	verbi	11
ruiskumaalata	verbi	11
ruotsintaa	verbi	11
rätkiä	verbi	11
sakeutua	verbi	11
silottua	verbi	11
sohjoutua	verbi	11
tanssata	verbi	11
triplata	verbi	11
trollata	verbi	11
tupsuttaa	verbi*	11
tuulahtaa	verbi	11
täydellistyä	verbi	11
törppöillä	verbi	11
venyttyä	verbi	11
vätystellä	verbi	11
ylirasittaa	verbi	11
avohakata	verbi	10
brassailla	verbi	10
degeneroitua	verbi	10
ehdyttää	verbi	10
haaskaantua	verbi	10
heilimöidä	verbi	10
henkistää	verbi	10
holahtaa	verbi	10
huipeta	verbi	10
hyrskiä	verbi	10
hyssyttää	verbi	10
höpsiä	verbi	10
ikävystyttää	verbi	10
isontua	verbi	10
jäpittää	verbi	10
kaadattaa	verbi	10
kahahtaa	verbi	10
kaltaistaa	verbi	10
kieroilla	verbi	10
kiikutella	verbi	10
kimmastuttaa	verbi	10
kimmellellä	verbi	10
kokkaroitua	verbi	10
konstruoida	verbi	10
konvertoida	verbi	10
korahdella	verbi	10
kouhottaa	verbi	10
kuhnia	verbi	10
kuvautua	verbi	10
kyhäillä	verbi	10
kylmävalssata	verbi	10
lennätellä	verbi	10
lirkuttaa	verbi	10
luisuttaa	verbi	10
lumikenkäillä	verbi	10
luonnistaa	verbi	10
läiskytellä	verbi	10
lääketieteellistyä	verbi	10
mesoa	verbi	10
metkuilla	verbi	10
moduloida	verbi	10
muhentaa	verbi	10
mässätä	verbi	10
naukaista	verbi	10
nyrkistää	verbi	10
nyökähtää	verbi	10
ohittua	verbi	10
palaveerata	verbi	10
parafoida	verbi	10
paskoa	verbi	10
peräyttää	verbi	10
pihahtaa	verbi	10
piirrättää	verbi	10
pissittää	verbi	10
pliseerata	verbi	10
pomppoilla	verbi	10
prostituoitua	verbi	10
päilyä	verbi	10
pörhistää	verbi	10
pöyristyä	verbi	10
raitistella	verbi	10
ranskalaistua	verbi	10
roiskahdella	verbi	10
ruiskuta	verbi	10
rusahtaa	verbi	10
ruukuttaa	verbi	10
rällästää	verbi	10
ränsistyttää	verbi	10
räsähdellä	verbi	10
seksualisoida	verbi	10
sorahtaa	verbi	10
sponssata	verbi	10
suhtauttaa	verbi	10
suihkata	verbi	10
suitsittaa	verbi	10
sumautua	verbi	10
surfata	verbi	10
sykähdellä	verbi	10
söhlätä	verbi	10
taipuilla	verbi	10
tekstailla	verbi	10
tinnittää	verbi	10
tiukkua	verbi	10
tuhriutua	verbi	10
tunnuttaa	verbi	10
turvamerkitä	verbi	10
tuumiskella	verbi	10
tyrannisoida	verbi	10
tyrskiä	verbi	10
vaientua	verbi	10
vakaannuttaa	verbi	10
vetristyä	verbi	10
viisastuttaa	verbi	10
viittailla	verbi	10
ylpistää	verbi	10
aliurakoida	verbi	9
ammatillistua	verbi	9
annostaa	verbi	9
dekoodata	verbi	9
dissonoida	verbi	9
erityiskouluttaa	verbi	9
haastattaa	verbi	9
haetuttaa	verbi	9
havisuttaa	verbi	9
helähdellä	verbi	9
hetkutella	verbi	9
hiplata	verbi	9
homogeenistaa	verbi	9
huuruuntua	verbi	9
hyötää	verbi	9
höyhentää	verbi	9
höösätä	verbi	9
ilmoittua	verbi	9
ilvehtiä	verbi	9
jahnata	verbi	9
juoksettaa	verbi	9
juurtaa	verbi	9
jytistää	verbi	9
jäätiköityä	verbi	9
kaavata	verbi	9
kaihdella	verbi	9
kakaista	verbi	9
kalauttaa	verbi	9
kalistaa	verbi	9
kieräyttää	verbi	9
kiskottaa	verbi*	9
kitkeröityä	verbi	9
kiukkuilla	verbi	9
komplisoida	verbi	9
korjuuttaa	verbi	9
krepata	verbi	9
kuittautua	verbi	9
kuseskella	verbi	9
loiskahdella	verbi	9
lukkiintua	verbi	9
lypsättää	verbi	9
lötkötellä	verbi	9
löystyttää	verbi	9
maaduttaa	verbi	9
maallistaa	verbi	9
maksullistaa	verbi	9
mallittaa	verbi	9
menstruoida	verbi	9
mineralisoitua	verbi	9
mojauttaa	verbi	9
naarmuttua	verbi	9
neutralisoitua	verbi	9
nuuduttaa	verbi	9
nuuskaista	verbi	9
nyörittää	verbi	9
pendelöidä	verbi	9
pensastua	verbi	9
poimuttaa	verbi	9
puliveivata	verbi	9
puljata	verbi	9
pärskäyttää	verbi	9
ristikuulustella	verbi	9
roiskutella	verbi	9
räimiä	verbi	9
segmentoida	verbi	9
seinustaa	verbi	9
sieventää	verbi	9
sipistä	verbi	9
solmiutua	verbi	9
sonnustaa	verbi	9
stabilisoida	verbi	9
stemmata	verbi	9
suomettaa	verbi	9
suppailla	verbi	9
säpistä	verbi	9
tarinallistaa	verbi	9
tarkkuuttaa	verbi	9
tatuoittaa	verbi	9
tiedostua	verbi	9
tihutella	verbi	9
tuiskia	verbi	9
tulistaa	verbi	9
tulistuttaa	verbi	9
uinailla	verbi	9
ujua	verbi	9
unhoittua	verbi	9
urauttaa	verbi	9
vajottaa	verbi	9
varsottaa	verbi	9
vehtailla	verbi	9
viiletellä	verbi	9
vilkahtaa	verbi	9
vingahtaa	verbi	9
viruttaa	verbi	9
ylentyä	verbi	9
ynistä	verbi	9
yrjöttää	verbi	9
yskähtää	verbi	9
assimiloitua	verbi	8
diskontata	verbi	8
erkautua	verbi	8
fantisoida	verbi	8
hakkailla	verbi	8
harmahtaa	verbi	8
helistellä	verbi	8
helkytellä	verbi	8
helskytellä	verbi	8
hiilettää	verbi	8
hiostua	verbi	8
homogenisoida	verbi	8
huiskaista	verbi	8
huoritella	verbi	8
hykertää	verbi	8
hypnotisoitua	verbi	8
häilähdellä	verbi	8
jonglöörata	verbi	8
jurrata	verbi	8
jäkittää	verbi	8
järkeistyä	verbi	8
jäystää	verbi	8
kalahdella	verbi	8
kansittaa	verbi	8
kareilla	verbi	8
keinohedelmöittää	verbi	8
kekkaloida	verbi	8
kiepsahdella	verbi	8
kipsaantua	verbi	8
kuoleentua	verbi	8
kuoleutua	verbi	8
kurmottaa	verbi	8
kuumavalssata	verbi	8
kämmätä	verbi	8
köpötellä	verbi	8
leipoutua	verbi	8
lellua	verbi	8
leyhytellä	verbi	8
liriä	verbi	8
lupsahtaa	verbi	8
läimätä	verbi	8
lännettyä	verbi	8
läpyttää	verbi	8
löysentyä	verbi	8
maastouttaa	verbi	8
mestauttaa	verbi	8
miedontaa	verbi	8
moukua	verbi	8
murjoutua	verbi	8
mykistyttää	verbi	8
nakottaa	verbi	8
narskutella	verbi	8
normaalistua	verbi	8
nostalgisoida	verbi	8
notifioida	verbi	8
nuokahtaa	verbi	8
nykertää	verbi	8
näpsäyttää	verbi	8
näpäytellä	verbi	8
ompeluttaa	verbi	8
paikkamaalata	verbi	8
pamista	verbi	8
pasteerata	verbi	8
pehmitä	verbi	8
perforoida	verbi	8
pesaista	verbi	8
plankata	verbi	8
polkeutua	verbi	8
polvistaa	verbi	8
pulskistaa	verbi	8
pöhistä	verbi	8
pökkiä	verbi	8
raksahdella	verbi	8
rasahdella	verbi	8
reväistä	verbi	8
ropeloida	verbi	8
ruotsalaistaa	verbi	8
ryhmäyttää	verbi	8
räikää	verbi	8
räiskytellä	verbi	8
rämistellä	verbi	8
röyhähtää	verbi	8
safkata	verbi	8
samankaltaistaa	verbi	8
sanketa	verbi	8
saturoida	verbi	8
seisahduttaa	verbi	8
silmukoida	verbi	8
sirahtaa	verbi	8
sitaista	verbi	8
skimbata	verbi	8
soitintaa	verbi	8
splitata	verbi	8
suhmuroida	verbi	8
suipeta	verbi	8
sujautella	verbi	8
sumplata	verbi	8
sätkytellä	verbi	8
telata	verbi	8
terveyttää	verbi	8
toheltaa	verbi	8
toppuuttaa	verbi	8
transponoida	verbi	8
tuleennuttaa	verbi	8
tuotteistua	verbi	8
tuprauttaa	verbi	8
tuuditella	verbi	8
tuuleentua	verbi	8
uitella	verbi	8
vekata	verbi	8
vesoa	verbi	8
viherpestä	verbi	8
vintata	verbi	8
vitkuttaa	verbi	8
yksisuuntaistaa	verbi	8
ynähtää	verbi	8
äkseerata	verbi	8
älyttää	verbi	8
änkätä	verbi	8
alivalottua	verbi	7
buutata	verbi	7
chillailla	verbi	7
elollistaa	verbi	7
emansipoida	verbi	7
esijännittää	verbi	7
etsata	verbi	7
evaluoida	verbi	7
evankelioida	verbi	7
fakkiutua	verbi	7
fiksoitua	verbi	7
fossilisoitua	verbi	7
futia	verbi	7
gryndata	verbi	7
haalata	verbi	7
haalentua	verbi	7
hakautua	verbi	7
hapottua	verbi	7
harustaa	verbi	7
heittyä	verbi	7
heleyttää	verbi	7
hienontua	verbi	7
häilähtää	verbi	7
höntsäillä	verbi	7
imponoida	verbi	7
irrottua	verbi	7
isoloida	verbi	7
jamitella	verbi	7
jyrrätä	verbi	7
kansioida	verbi	7
karhita	verbi	7
karkeistaa	verbi	7
kekata	verbi	7
kenkuttaa	verbi	7
killittää	verbi	7
kirskuttaa	verbi	7
konfiguroida	verbi	7
konsentroitua	verbi	7
korkittaa	verbi	7
kotoistaa	verbi	7
kroonistaa	verbi	7
kumajaa	verbi	7
kummeta	verbi	7
kuorettua	verbi	7
kuraantua	verbi	7
kuumakäsitellä	verbi	7
kyltyä	verbi	7
käpristää	verbi	7
kässätä	verbi	7
köröttää	verbi	7
köynnöstää	verbi	7
köyristää	verbi	7
laasta	verbi	7
lajiutua	verbi	7
lehdestää	verbi	7
lerpahtaa	verbi	7
liehutella	verbi	7
liiduta	verbi	7
linnoittua	verbi	7
lirahdella	verbi	7
lirautella	verbi	7
lohkoutua	verbi	7
loilottaa	verbi	7
loiskauttaa	verbi	7
loiskuttaa	verbi	7
lutkuttaa	verbi	7
läiskyttää	verbi	7
läiskäyttää	verbi	7
läjäyttää	verbi	7
löyhytellä	verbi	7
maantaa	verbi	7
maiskahtaa	verbi	7
mehustella	verbi	7
modernistaa	verbi	7
mureutua	verbi	7
murustua	verbi	7
narskahtaa	verbi	7
natustella	verbi	7
naukata	verbi	7
nälättää	verbi	7
oksastaa	verbi	7
paalittaa	verbi	7
pahoittua	verbi	7
pariloida	verbi	7
pelmuta	verbi	7
penetroida	verbi	7
personifioida	verbi	7
peruutua	verbi	7
pihkoittua	verbi	7
piilottautua	verbi	7
piirustaa	verbi	7
poimuilla	verbi	7
pontata	verbi	7
privatisoitua	verbi	7
pukittaa	verbi	7
puntata	verbi	7
pärskytellä	verbi	7
pölpöttää	verbi	7
rehustaa	verbi	7
reitata	verbi	7
rimmata	verbi	7
rimputella	verbi	7
rusauttaa	verbi	7
rähähtää	verbi	7
ränstyä	verbi	7
rätkähtää	verbi	7
sisentää	verbi	7
skrollata	verbi	7
sokeroitua	verbi	7
sorista	verbi	7
spesialisoitua	verbi	7
sukittaa	verbi	7
synkopoida	verbi	7
säännöllistyä	verbi	7
taaperrella	verbi	7
tallailla	verbi	7
taottaa	verbi	7
tassuttaa	verbi	7
teorioida	verbi	7
teroittua	verbi	7
tieteillä	verbi	7
tiinehtiä	verbi	7
tirskahdella	verbi	7
truutata	verbi	7
tukkiintua	verbi	7
tuoksahdella	verbi	7
tutkistella	verbi	7
tyrskähtää	verbi	7
tärskähtää	verbi	7
tärskäyttää	verbi	7
tärväytyä	verbi	7
töksäytellä	verbi	7
ukottua	verbi	7
vaiheittaa	verbi	7
vajentaa	verbi	7
vakavoida	verbi	7
varhaistaa	verbi	7
vaurastaa	verbi	7
vesieristää	verbi	7
vetristää	verbi	7
viestittyä	verbi	7
viiluttaa	verbi	7
vingahdella	verbi	7
virtuaalistaa	verbi	7
värjäyttää	verbi	7
värjöttää	verbi	7
absorboitua	verbi	6
applikoida	verbi	6
debatoida	verbi	6
dekantoida	verbi	6
dyykata	verbi	6
esineellistyä	verbi	6
estimoida	verbi	6
flambeerata	verbi	6
glaseerata	verbi	6
haaskautua	verbi	6
hapsuttaa	verbi	6
heläjää	verbi	6
herauttaa	verbi	6
hieroskella	verbi	6
hoiketa	verbi	6
hoikistaa	verbi	6
hotsittaa	verbi	6
huljauttaa	verbi	6
humahdella	verbi	6
humanisoida	verbi	6
hurjistaa	verbi	6
hämärryttää	verbi	6
immunisoida	verbi	6
installoida	verbi	6
instrumentoida	verbi	6
jaanata	verbi	6
juovittaa	verbi	6
jymähdellä	verbi	6
jyskytellä	verbi	6
kaksintaa	verbi	6
kalisuttaa	verbi	6
kansanvaltaistaa	verbi	6
karvastella	verbi	6
katetroida	verbi	6
kiherrellä	verbi	6
kirkastuttaa	verbi	6
kirskahtaa	verbi	6
kiskoutua	verbi	6
koketeerata	verbi	6
kouristua	verbi	6
kruusata	verbi	6
kummeksia	verbi	6
kuumotella	verbi	6
kuurouttaa	verbi	6
käskettää	verbi	6
kääpiöidä	verbi	6
köhistä	verbi	6
kömmähtää	verbi	6
lainelautailla	verbi	6
leijuttaa	verbi	6
leiskahtaa	verbi	6
lerpattaa	verbi	6
liirata	verbi	6
lommoutua	verbi	6
luiskauttaa	verbi	6
lääketieteellistää	verbi	6
magnetisoida	verbi	6
marmoroitua	verbi	6
materiaalistaa	verbi	6
meleerata	verbi	6
mielistyä	verbi	6
moottoriveneillä	verbi	6
muljautella	verbi	6
muodostella	verbi	6
muusata	verbi	6
myhähtää	verbi	6
määkyä	verbi	6
natustaa	verbi	6
notkuttaa	verbi	6
nyykähtää	verbi	6
nyökkiä	verbi	6
paistattaa	verbi	6
pakkoluovuttaa	verbi	6
pelmahdella	verbi	6
pilveillä	verbi	6
poikkeuttaa	verbi	6
pokkailla	verbi	6
polskuttaa	verbi	6
poltattaa	verbi	6
pommitella	verbi	6
pulveroida	verbi	6
purskua	verbi	6
pyrytä	verbi	6
pöhöttää	verbi	6
raappia	verbi	6
rappioittaa	verbi	6
rapsaa	verbi	6
rasvoittaa	verbi	6
riittyä	verbi	6
rimpauttaa	verbi	6
ripistä	verbi	6
ropsahdella	verbi	6
rupeutua	verbi	6
ruuduttaa	verbi	6
ryskää	verbi	6
ryysätä	verbi	6
räiskäyttää	verbi	6
röyhytä	verbi	6
sakkauttaa	verbi	6
samanlaistaa	verbi	6
sauhuttaa	verbi	6
saunotella	verbi	6
segmentoitua	verbi	6
sheivata	verbi	6
sirahdella	verbi	6
stalkata	verbi	6
standardisoitua	verbi	6
stanssata	verbi	6
sujuvoitua	verbi	6
suoristautua	verbi	6
säpsähdyttää	verbi	6
söhliä	verbi	6
sönkätä	verbi	6
taloudellistaa	verbi	6
tanakoitua	verbi	6
tankkailla	verbi	6
tieteellistää	verbi	6
tislautua	verbi	6
toljailla	verbi	6
tontittaa	verbi	6
translitteroida	verbi	6
trivialisoida	verbi	6
tuoksutella	verbi	6
tuoksuttaa	verbi	6
turskahtaa	verbi	6
tuuheutua	verbi	6
tylpistyä	verbi	6
tylsistää	verbi	6
tympäännyttää	verbi	6
tyrskähdellä	verbi	6
täydennellä	verbi	6
ujoilla	verbi	6
ultrata	verbi	6
umpeuttaa	verbi	6
uudentua	verbi	6
vaaputtaa	verbi	6
valostua	verbi	6
vanketa	verbi	6
varistella	verbi	6
vastakarvata	verbi	6
vatkautua	verbi	6
veikistellä	verbi	6
villoittaa	verbi	6
vuoleskella	verbi	6
ylevöityä	verbi	6
yökätä	verbi	6
änkyröidä	verbi	6
örveltää	verbi	6
aineistaa	verbi	5
aisata	verbi	5
asentua	verbi	5
blandata	verbi	5
briiffata	verbi	5
byrokratisoida	verbi	5
demoralisoida	verbi	5
diskota	verbi	5
ejakuloida	verbi	5
fabuloida	verbi	5
formuloida	verbi	5
freesata	verbi*	5
harhautella	verbi	5
harppia	verbi	5
hautoutua	verbi	5
herroitella	verbi	5
hetkua	verbi	5
hetkuttaa	verbi	5
hipsuttaa	verbi	5
hiukoa	verbi	5
houkuttua	verbi	5
huiskaa	verbi	5
hukkautua	verbi	5
huojahtaa	verbi	5
huojeta	verbi	5
huushollata	verbi	5
höntsätä	verbi	5
höynähtää	verbi	5
ignoorata	verbi	5
iloitella	verbi	5
inhaloida	verbi	5
jytyyttää	verbi	5
jäntevöityä	verbi	5
kahisuttaa	verbi	5
kaivauttaa	verbi	5
kajastua	verbi	5
kalppia	verbi	5
kankeuttaa	verbi	5
kapitalisoida	verbi	5
kapsaa	verbi	5
karheuttaa	verbi	5
kehotella	verbi	5
kielentää	verbi	5
kierouttaa	verbi	5
kilkkaa	verbi	5
kirahtaa	verbi	5
kohahdella	verbi	5
korskahdella	verbi	5
kotimaistua	verbi	5
kuohkeutua	verbi	5
kuoppaantua	verbi	5
kuortua	verbi	5
kuseksia	verbi	5
kuunteluttaa	verbi	5
kylmäkuivata	verbi	5
kypsentyä	verbi	5
käpristellä	verbi	5
kökkiä	verbi	5
laakeroida	verbi*	5
lallattaa	verbi	5
leikkuuttaa	verbi	5
lemahdella	verbi	5
liisteröityä	verbi	5
linkoutua	verbi	5
loiskutella	verbi	5
loksuttaa	verbi	5
louskutella	verbi	5
lähteyttää	verbi	5
lössähtää	verbi	5
marmoroida	verbi	5
mellestää	verbi	5
mikrofilmata	verbi	5
mukavoittaa	verbi	5
multaantua	verbi	5
muodota	verbi	5
murrostaa	verbi	5
mustentaa	verbi	5
mutristella	verbi	5
muutattaa	verbi	5
mätästää	verbi	5
mönjätä	verbi	5
neppailla	verbi	5
neutraalistaa	verbi	5
nykyttää	verbi	5
nysvätä	verbi	5
nälväistä	verbi	5
oikosulkea	verbi	5
onnellistaa	verbi	5
pahastuttaa	verbi	5
pakkolomauttaa	verbi	5
pakollistaa	verbi	5
paukata	verbi	5
piimiä	verbi	5
piiskuttaa	verbi	5
pinnallistaa	verbi	5
polaroida	verbi	5
polttomaalata	verbi	5
pottuuntua	verbi	5
poukata	verbi	5
privatisoida	verbi	5
puistella	verbi	5
pyhittäytyä	verbi	5
pyrskähdellä	verbi	5
pyryttyä	verbi	5
päkistää	verbi	5
pöristellä	verbi	5
pöyhöttää	verbi	5
raapiutua	verbi	5
radikaalistua	verbi	5
raffinoida	verbi	5
raivauttaa	verbi	5
raukaista	verbi	5
renttuilla	verbi	5
resuta	verbi	5
rihlata	verbi	5
ripeksiä	verbi	5
roikotella	verbi	5
rosvoilla	verbi	5
rouskahtaa	verbi	5
rouvitella	verbi	5
rusahdella	verbi	5
rusottaa	verbi	5
rääkkyä	verbi	5
rääppiä	verbi	5
röyhtäyttää	verbi	5
saarrostaa	verbi	5
sekularisoitua	verbi	5
siirottaa	verbi	5
siirrostaa	verbi	5
soidintaa	verbi	5
soistaa	verbi	5
sopuilla	verbi	5
sormittaa	verbi	5
spesifioida	verbi	5
standardoitua	verbi	5
suoritella	verbi	5
sylitellä	verbi	5
särähdellä	verbi	5
tahmaantua	verbi	5
takalukita	verbi	5
tasaannuttaa	verbi	5
tasapuolistua	verbi	5
tasauttaa	verbi	5
tetsata	verbi	5
tikuttaa	verbi	5
tiliöidä	verbi	5
tillittää	verbi	5
tiltata	verbi	5
tiluttaa	verbi	5
tirskuttaa	verbi	5
tiuhentaa	verbi	5
tohtoroida	verbi	5
tsiikata	verbi	5
tuhatkertaistaa	verbi	5
tuikahtaa	verbi	5
tutustella	verbi	5
tyhmistää	verbi	5
tylstyä	verbi	5
tyvetä	verbi*	5
töllätä	verbi	5
ulahtaa	verbi	5
ulottautua	verbi	5
umpioitua	verbi	5
vahvistuttaa	verbi	5
vajentua	verbi	5
valokopioida	verbi	5
vampata	verbi	5
vapahtaa	verbi	5
veltostaa	verbi	5
ventiloida	verbi	5
verryttää	verbi	5
vetääntyä	verbi	5
vieräyttää	verbi	5
vihannoida	verbi	5
vikautua	verbi	5
vyöttäytyä	verbi	5
välineellistyä	verbi	5
yksinäistyä	verbi	5
ylivalottaa	verbi	5
ölistä	verbi	5
aallota	verbi	4
ahavoittaa	verbi	4
aineellistua	verbi	4
apeutua	verbi	4
aristua	verbi	4
astahtaa	verbi	4
demota	verbi	4
englannintaa	verbi	4
erotisoitua	verbi	4
falsifioida	verbi	4
globalisoida	verbi	4
hakkautua	verbi	4
hammastella	verbi	4
hampsia	verbi	4
handlata	verbi	4
haukottaa	verbi	4
hautaantua	verbi	4
heitättää	verbi	4
helmestää	verbi	4
hoippuroida	verbi	4
hopeoitua	verbi	4
hurmautua	verbi	4
huumaannuttaa	verbi	4
hyrskähtää	verbi	4
häippäistä	verbi	4
hälyytys	verbi	4
häröillä	verbi	4
implementoida	verbi	4
indusoida	verbi	4
indusoitua	verbi	4
iteroida	verbi	4
jolkuttaa	verbi	4
juppiutua	verbi	4
jyrkistyä	verbi	4
jyryyttää	verbi	4
jälkikypsyttää	verbi	4
jälleenvakuuttaa	verbi	4
kaavoittua	verbi	4
kanyloida	verbi	4
kasvittua	verbi	4
keuhkota	verbi	4
killistellä	verbi	4
kirjavoittaa	verbi	4
kivipestä	verbi	4
kollektivisoida	verbi	4
kompastuttaa	verbi	4
kontaminoitua	verbi	4
kortittaa	verbi	4
koulata	verbi	4
kovertua	verbi	4
kuivatislata	verbi	4
kuumoittaa	verbi	4
kuvantua	verbi	4
kynsäistä	verbi	4
kyrpiintyä	verbi	4
kyyröttää	verbi	4
känistä	verbi	4
kääntelehtiä	verbi	4
köyristyä	verbi	4
laahautua	verbi	4
lainautua	verbi	4
laineittaa	verbi	4
lajittaa	verbi	4
lanittaa	verbi	4
laveerata	verbi	4
lerppua	verbi	4
lesoilla	verbi	4
likistellä	verbi	4
lirittää	verbi	4
litsahdella	verbi	4
loskaantua	verbi	4
loukkautua	verbi	4
luimistaa	verbi	4
lumettua	verbi	4
luotella	verbi	4
lyijytä	verbi	4
lytistää	verbi	4
läikäyttää	verbi	4
läimähtää	verbi	4
löyhtyä	verbi	4
maiskauttaa	verbi	4
materialisoida	verbi	4
merkityttää	verbi	4
mikroskopoida	verbi	4
molottaa	verbi	4
moshata	verbi	4
muhentua	verbi	4
muksauttaa	verbi	4
multitaskata	verbi	4
murtosuojata	verbi	4
murustella	verbi	4
mutruilla	verbi	4
mäiskähtää	verbi	4
nahoittaa	verbi	4
naisvaltaistua	verbi	4
nietostua	verbi	4
nokeutua	verbi	4
nonsaleerata	verbi	4
nuljahdella	verbi	4
nupouttaa	verbi	4
nyansoida	verbi	4
nyökäyttää	verbi	4
omavaraistua	verbi	4
onanoida	verbi	4
onnahtaa	verbi	4
onnellistuttaa	verbi	4
paikoittaa	verbi	4
paiskella	verbi	4
paperoida	verbi	4
pihkaantua	verbi	4
pimpottaa	verbi	4
poimuttua	verbi	4
ponnistautua	verbi	4
populaaristaa	verbi	4
poutia	verbi	4
provota	verbi	4
pusikoitua	verbi	4
pylläyttää	verbi	4
pärpättää	verbi	4
raakakypsyä	verbi	4
raksahtaa	verbi	4
raksauttaa	verbi	4
ramaista	verbi	4
ranskantaa	verbi	4
rapisuttaa	verbi	4
retostaa	verbi	4
rimputtaa	verbi	4
ripeytyä	verbi	4
ruikata	verbi	4
ruiskulakata	verbi	4
rysähdellä	verbi	4
räikyä	verbi	4
rätkäyttää	verbi	4
röhöttää	verbi	4
sahauttaa	verbi	4
saippuoitua	verbi	4
sammota	verbi	4
saranoida	verbi	4
sepustaa	verbi	4
sheikata	verbi	4
sienettyä	verbi	4
sinistää	verbi	4
sirottua	verbi	4
sivilisoitua	verbi	4
skrapata	verbi	4
soinnutella	verbi	4
sokerisuolata	verbi	4
sorahdella	verbi	4
stigmatisoida	verbi	4
sublimoitua	verbi	4
suputtaa	verbi	4
sykertyä	verbi	4
syljeksiä	verbi	4
syljettää	verbi	4
sympata	verbi	4
syntetisoitua	verbi	4
sytkyttää	verbi	4
syvyyttää	verbi	4
taajeta	verbi	4
taimata	verbi	4
teknistää	verbi	4
tiineyttää	verbi	4
tiuheta	verbi	4
tohtoroitua	verbi	4
tuimistua	verbi	4
tuppaantua	verbi	4
tuuhentua	verbi	4
tuutua	verbi	4
tylstyttää	verbi	4
typettää	verbi	4
täditellä	verbi	4
tähdentyä	verbi	4
täysi-ikäistyä	verbi	4
ulkonee	verbi	4
vapaamielistyä	verbi	4
varjota	verbi	4
varmuusvarastoida	verbi	4
vasemmistolaistua	verbi	4
vauhkoilla	verbi	4
veltostuttaa	verbi	4
venailla	verbi	4
ventata	verbi	4
vesoittua	verbi	4
vierastuttaa	verbi	4
vilvoittautua	verbi	4
vispautua	verbi	4
vitsoa	verbi	4
viuhottaa	verbi	4
viuhuttaa	verbi	4
voihkaista	verbi	4
värjyä	verbi	4
ylistellä	verbi	4
ylivakuuttaa	verbi	4
äiditellä	verbi	4
äkäillä	verbi	4
ärjähtää	verbi	4
äyskäistä	verbi	4
öyhöttää	verbi	4
alivalottaa	verbi	3
aravalainoittaa	verbi	3
aukottaa	verbi	3
banalisoitua	verbi	3
diskvalifioida	verbi	3
esineistää	verbi	3
esipestä	verbi	3
fasilitoida	verbi	3
fiksoida	verbi	3
folioida	verbi	3
haalentaa	verbi	3
haaraantua	verbi	3
hakkuuttaa	verbi	3
haukuskella	verbi	3
heikontua	verbi	3
hellyyttää	verbi	3
heloittaa	verbi	3
herrastella	verbi	3
hervota	verbi	3
hiestyä	verbi	3
hinnoittaa	verbi	3
hirtättää	verbi	3
hohkua	verbi	3
huikoa	verbi	3
huiskauttaa	verbi	3
hulmahdella	verbi	3
hulmauttaa	verbi	3
huojistaa	verbi	3
hurjistuttaa	verbi	3
huventaa	verbi	3
hyrskytä	verbi	3
häipätä	verbi	3
hölmistyttää	verbi	3
hölpöttää	verbi	3
höläyttää	verbi	3
hömpöttää	verbi	3
ilmastua	verbi	3
ilmituoda	verbi	3
immunisoitua	verbi	3
implikoida	verbi	3
jumiintua	verbi	3
juohtua	verbi	3
juustoutua	verbi	3
jyrytä	verbi	3
kaaviloida	verbi	3
kahvata	verbi	3
kainostuttaa	verbi	3
kaksikielistyä	verbi	3
kampeutua	verbi	3
kandeerata	verbi	3
kanittaa	verbi	3
kanonisoitua	verbi	3
kansoittua	verbi	3
karahteerata	verbi	3
karhentua	verbi	3
karuuntua	verbi	3
kasvittaa	verbi	3
keekoilla	verbi	3
kehnontua	verbi	3
kehruuttaa	verbi	3
keksaista	verbi	3
keppostella	verbi	3
kesannoida	verbi	3
kierteittää	verbi	3
kierähdellä	verbi	3
kirnuuntua	verbi	3
kitistyä	verbi	3
kitkeröittää	verbi	3
kivestää	verbi	3
koisia	verbi	3
kokoutua	verbi	3
kompromettoida	verbi	3
kopisuttaa	verbi	3
korahtaa	verbi	3
kruusailla	verbi	3
kukertaa	verbi	3
kuloutua	verbi	3
kuolioitua	verbi	3
kurkkailla	verbi	3
kuumasaumata	verbi	3
kvalifioida	verbi	3
kvantittua	verbi	3
kyhnytellä	verbi	3
kylmäkäsitellä	verbi	3
kypsetä	verbi	3
köntystää	verbi	3
lahosuojata	verbi	3
langoittaa	verbi	3
lantata	verbi	3
lappautua	verbi	3
lellitellä	verbi	3
lenkata	verbi	3
leyhähtää	verbi	3
limboilla	verbi	3
liuskoittua	verbi	3
lokalisoitua	verbi	3
loksua	verbi	3
lommoilla	verbi	3
lommoontua	verbi	3
lonksahtaa	verbi	3
luvanvaraistaa	verbi	3
lyyhistää	verbi	3
lyykistää	verbi	3
lyötättää	verbi	3
lällätellä	verbi	3
lönkyttää	verbi	3
makauttaa	verbi	3
makuloida	verbi	3
merseroida	verbi	3
mesettää	verbi	3
messingöidä	verbi	3
miehittyä	verbi	3
mikrottaa	verbi	3
molskahdella	verbi	3
monialaistua	verbi	3
muikistaa	verbi	3
mukuloida	verbi	3
muodontaa	verbi	3
muovipinnoittaa	verbi	3
muussata	verbi	3
mädännyttää	verbi	3
mäjähdellä	verbi	3
mätkähdellä	verbi	3
mätsätä	verbi	3
mökeltää	verbi	3
nahjustella	verbi	3
nakittaa	verbi	3
nilkutella	verbi	3
norjistua	verbi	3
notkeuttaa	verbi	3
nuhrata	verbi	3
nuhrautua	verbi	3
nuljahtaa	verbi	3
nuokahdella	verbi	3
nuoleksia	verbi	3
nutistaa	verbi	3
nyhtäistä	verbi	3
nyrpistyä	verbi	3
nöyrryttää	verbi	3
omavaraistaa	verbi	3
orjailla	verbi	3
oudostuttaa	verbi	3
pajukoitua	verbi	3
paksuntua	verbi	3
paljoksua	verbi	3
pampattaa	verbi	3
parlamentarisoida	verbi	3
pasmata	verbi	3
pasteerailla	verbi	3
peippailla	verbi	3
pelletoida	verbi	3
permanentata	verbi	3
piereksiä	verbi	3
pigmentoitua	verbi	3
pikaistua	verbi	3
pikkelöidä	verbi	3
pirahdella	verbi	3
pitkistyä	verbi	3
plaanata	verbi	3
plumpsahtaa	verbi	3
poijuttaa	verbi	3
porvarillistua	verbi	3
puhkeilla	verbi	3
pukkailla	verbi	3
pultittaa	verbi	3
punkteerata	verbi	3
punktoida	verbi	3
puskeutua	verbi	3
pyrskähtää	verbi	3
pyrytellä	verbi	3
pärskyttää	verbi	3
pölöttää	verbi	3
pönäköityä	verbi	3
pöyhistellä	verbi	3
pöytäkirjata	verbi	3
raakakypsentää	verbi	3
raivautua	verbi	3
rakenteistaa	verbi	3
rapeutua	verbi	3
raskautua	verbi	3
rasteroida	verbi	3
redusoitua	verbi	3
regeneroida	verbi	3
regeneroitua	verbi	3
remontteerata	verbi	3
repata	verbi	3
retkua	verbi	3
revalvoida	verbi	3
riitaannuttaa	verbi	3
ripsahtaa	verbi	3
ripsua	verbi	3
ruiskupuristaa	verbi	3
rumistaa	verbi	3
rumistua	verbi	3
ruskua	verbi	3
ryssitellä	verbi	3
räkäistä	verbi	3
rätkäistä	verbi	3
räyskyttää	verbi	3
röhähdellä	verbi	3
saippuoittaa	verbi	3
samanlaistua	verbi	3
sammaltua	verbi	3
savuttua	verbi	3
seditellä	verbi	3
sekavoittaa	verbi	3
seksuaalistaa	verbi	3
seksualisoitua	verbi	3
selkeentyä	verbi	3
sepelöidä	verbi	3
siistata	verbi	3
sinkata	verbi	3
sitkeyttää	verbi	3
skalpeerata	verbi	3
sminkata	verbi	3
snorklata	verbi	3
sueta	verbi	3
suikerrella	verbi	3
suipistaa	verbi	3
suorituttaa	verbi	3
surkeilla	verbi	3
säiliöidä	verbi	3
tagata	verbi	3
takertaa	verbi	3
talvettaa	verbi	3
talveuttaa	verbi	3
teksturoida	verbi	3
tirskutella	verbi	3
tiuhentua	verbi	3
todistua	verbi	3
tollottaa	verbi	3
tuoreutua	verbi	3
tutisuttaa	verbi	3
tuuheta	verbi	3
tuuperruttaa	verbi	3
tyttöistyä	verbi	3
täsmällistää	verbi	3
tömisyttää	verbi	3
töötöttää	verbi	3
urahtaa	verbi	3
valtaistaa	verbi	3
valtaistua	verbi	3
valveuttaa	verbi	3
vankentua	verbi	3
vanuttua	verbi	3
varjostua	verbi	3
varpata	verbi	3
vemputtaa	verbi	3
venyttäytyä	verbi	3
vereentyä	verbi	3
verytellä	verbi	3
viekastella	verbi	3
villiytyä	verbi	3
vilustuttaa	verbi	3
vimmastuttaa	verbi	3
vippailla	verbi	3
virvoittua	verbi	3
voltata	verbi	3
vulkanoida	verbi	3
vuorittaa	verbi	3
vyörähtää	verbi	3
vähennellä	verbi	3
välpätä	verbi	3
ylivarata	verbi	3
yskiskellä	verbi	3
ährätä	verbi	3
äkämystyttää	verbi	3
abstraktistaa	verbi	2
aikuistaa	verbi	2
ailahtaa	verbi	2
ajanmukaistua	verbi	2
akklimatisoitua	verbi	2
aluminoida	verbi	2
askarteluttaa	verbi	2
automaattistua	verbi	2
autuuttaa	verbi	2
beatboxata	verbi	2
blokkiintua	verbi	2
bulevardisoida	verbi	2
demoralisoitua	verbi	2
desentralisoida	verbi	2
dieselöidä	verbi	2
drapeerata	verbi	2
edustua	verbi	2
emulgoida	verbi	2
etiketöidä	verbi	2
fakkiintua	verbi	2
feilata	verbi	2
feissata	verbi	2
frustroida	verbi	2
gettoistua	verbi	2
haaltua	verbi	2
haaroittaa	verbi	2
hampparoida	verbi	2
harhaannuttaa	verbi	2
harmonioida	verbi	2
hedelmöidä	verbi	2
helskyttää	verbi	2
herkentää	verbi	2
hihhuloida	verbi	2
hiitata	verbi	2
hiostuttaa	verbi	2
historioida	verbi	2
hiveltää	verbi	2
holauttaa	verbi	2
hommautua	verbi	2
hoopoilla	verbi	2
hujeltaa	verbi	2
huljahtaa	verbi	2
humaanistaa	verbi	2
huojutella	verbi	2
huokoistua	verbi	2
hupsahtaa	verbi	2
hyhmettyä	verbi	2
hytkähtää	verbi	2
hytkäyttää	verbi	2
hyytelöityä	verbi	2
hätkähdellä	verbi	2
ihmistyä	verbi	2
improta	verbi	2
indisoida	verbi	2
indoktrinoida	verbi	2
inkarnoitua	verbi	2
irkata	verbi	2
irvistyttää	verbi	2
jaottaa	verbi	2
johdonmukaistaa	verbi	2
jongleerata	verbi	2
juilia	verbi	2
julkipanna	verbi	2
järkiperäistyä	verbi	2
jäykentää	verbi	2
kaaputtaa	verbi	2
kaavioida	verbi	2
kaikertaa	verbi	2
kaitafilmata	verbi	2
kalkutella	verbi	2
kammitsoida	verbi	2
karahdella	verbi	2
karjeta	verbi	2
kellaroida	verbi	2
kerskata	verbi	2
kihnutella	verbi	2
kiivastella	verbi	2
kilottaa	verbi	2
kiretä	verbi	2
kiroiluttaa	verbi	2
koisata	verbi	2
koksata	verbi	2
kolkkaa	verbi	2
konjugoida	verbi	2
konsentroida	verbi	2
kontaminoida	verbi	2
kontribuoida	verbi	2
koodittaa	verbi	2
koolata	verbi	2
korotuttaa	verbi	2
kovittaa	verbi	2
krakata	verbi	2
kristalloida	verbi	2
kristalloitua	verbi	2
kronikoida	verbi	2
kruunauttaa	verbi	2
kuhertaa	verbi	2
kuhkia	verbi	2
kuivapestä	verbi	2
kuivettaa	verbi	2
kullastaa	verbi	2
kultautua	verbi	2
kupertua	verbi	2
kuumaliimata	verbi	2
kuvanauhoittaa	verbi	2
kyynelöidä	verbi	2
kälättää	verbi	2
kärrytellä	verbi	2
käyskellä	verbi	2
käännähdellä	verbi	2
kömpelöityä	verbi	2
köpöttää	verbi	2
laihentaa	verbi	2
lajittua	verbi	2
lasauttaa	verbi	2
lastuta	verbi	2
lehauttaa	verbi	2
lekutella	verbi	2
leuhahtaa	verbi	2
levennellä	verbi	2
leyhyttää	verbi	2
lientää	verbi	2
linjoittaa	verbi	2
listoittaa	verbi	2
livautella	verbi	2
loimittaa	verbi	2
loiskuta	verbi	2
lojahtaa	verbi	2
lueksia	verbi	2
luikata	verbi	2
luotsailla	verbi	2
lupsahdella	verbi	2
luvallistaa	verbi	2
läiskähdellä	verbi	2
lällättää	verbi	2
läpsähdellä	verbi	2
lörpöttää	verbi	2
maalaistua	verbi	2
magnetisoitua	verbi	2
magnetoitua	verbi	2
mailata	verbi	2
matematisoida	verbi	2
matkaansaattaa	verbi	2
mekanisoitua	verbi	2
metastasoida	verbi	2
monkua	verbi	2
muhoilla	verbi	2
mulskahtaa	verbi	2
mylvähtää	verbi	2
mäiskähdellä	verbi	2
napakoitua	verbi	2
narisuttaa	verbi	2
narskahdella	verbi	2
naurunalaistaa	verbi	2
nirskua	verbi	2
notkutella	verbi	2
nujuuttaa	verbi	2
nuorittaa	verbi	2
nyhjäillä	verbi	2
nynnyillä	verbi	2
nyyhkäistä	verbi	2
oksidoitua	verbi	2
oleutua	verbi	2
paapattaa	verbi	2
pakkauttaa	verbi	2
palaveroida	verbi	2
palovakuuttaa	verbi	2
palpoida	verbi	2
palstoittaa	verbi	2
paneskella	verbi	2
passiivistaa	verbi	2
pasuttaa	verbi	2
pensastaa	verbi	2
pihahdella	verbi	2
pikaviestiä	verbi	2
pikeentyä	verbi	2
pilkoittaa	verbi	2
piristäytyä	verbi	2
pirskahtaa	verbi	2
plaseerata	verbi	2
pläjäyttää	verbi	2
poikkaista	verbi	2
pojitella	verbi	2
polaroitua	verbi	2
poliittistaa	verbi	2
ponnahduttaa	verbi	2
potensoida	verbi	2
presentoida	verbi	2
proletarisoitua	verbi	2
pujottua	verbi	2
puoskaroida	verbi	2
pusertautua	verbi	2
putputtaa	verbi	2
pykälöidä	verbi	2
pyöretä	verbi	2
pölähdellä	verbi	2
pöntöttää	verbi	2
pöyhistyä	verbi	2
pöyhistää	verbi	2
raatsia	verbi	2
raffinoitua	verbi	2
rahkoittua	verbi	2
railoilla	verbi	2
raksaa	verbi	2
ranketa	verbi	2
rasvaantua	verbi	2
rationalisoitua	verbi	2
repeentyä	verbi	2
resignoitua	verbi	2
retkahdella	verbi	2
retustaa	verbi	2
revalvoitua	verbi	2
revähdyttää	verbi	2
riippuliitää	verbi	2
risahdella	verbi	2
ristikoida	verbi	2
ristivalottaa	verbi	2
rojottaa	verbi	2
romista	verbi	2
rouhentaa	verbi	2
ruoputtaa	verbi	2
rustottua	verbi	2
ryöhähtää	verbi	2
räiskyttää	verbi	2
rämisyttää	verbi	2
rästiintyä	verbi	2
rätkätä	verbi	2
röhkäistä	verbi	2
rönsytä	verbi	2
röyhyttää	verbi	2
sahuuttaa	verbi	2
saikuttaa	verbi	2
saota	verbi	2
savotoida	verbi	2
sedatoida	verbi	2
seisoksia	verbi	2
sekstailla	verbi	2
sentrifugoida	verbi	2
silloittaa	verbi	2
silmikoida	verbi	2
sinkautella	verbi	2
skannailla	verbi	2
skrabata	verbi	2
sohvautua	verbi	2
soinnahtaa	verbi	2
solauttaa	verbi	2
sotilaallistaa	verbi	2
sottaantua	verbi	2
soukentaa	verbi	2
soukentua	verbi	2
spämmätä	verbi	2
streikata	verbi	2
sublimoida	verbi	2
suihkaista	verbi	2
suikertaa	verbi	2
sukelluttaa	verbi	2
suomalaistuttaa	verbi	2
suoreta	verbi	2
suppeutua	verbi	2
surahdella	verbi	2
suurennuttaa	verbi	2
syötittää	verbi	2
sätkyttää	verbi	2
taeta	verbi	2
tahmentaa	verbi	2
tangeerata	verbi	2
teikata	verbi	2
tempaantua	verbi	2
terhistäytyä	verbi	2
terminoida	verbi	2
tihertää	verbi	2
tihruttaa	verbi	2
tirsua	verbi	2
tituloida	verbi	2
tiuskahdella	verbi	2
todellistaa	verbi	2
todellistua	verbi	2
toimituttaa	verbi	2
toiseuttaa	verbi	2
tosittaa	verbi	2
transeerata	verbi	2
transformoida	verbi	2
tsättäillä	verbi	2
tuhauttaa	verbi	2
tuhistaa	verbi	2
tuketa	verbi	2
tuuhettua	verbi	2
tuultaa	verbi	2
tyhjennyttää	verbi	2
tylpistää	verbi	2
tytistä	verbi	2
tyyppikatsastaa	verbi	2
tärskähdellä	verbi	2
töppöillä	verbi	2
töykätä	verbi	2
töyssähdellä	verbi	2
töytäillä	verbi	2
vajuuttaa	verbi	2
valtavirtaistaa	verbi	2
varvistaa	verbi	2
vatkaantua	verbi	2
vatkuttaa	verbi	2
veikeillä	verbi	2
venähdyttää	verbi	2
veuhtoa	verbi	2
viheriöittää	verbi	2
vihkaista	verbi	2
vikuuttaa	verbi	2
virontaa	verbi	2
virroittaa	verbi	2
vispilöidä	verbi	2
voimistuttaa	verbi	2
vulkanoitua	verbi	2
vyyhdetä	verbi	2
välistää	verbi	2
värähdyttää	verbi	2
yhtäläistää	verbi	2
ähkää	verbi	2
äijäillä	verbi	2
äkääntyä	verbi	2
aineellistaa	verbi	1
ajaantua	verbi	1
aktualisoida	verbi	1
ampuilla	verbi	1
armastella	verbi	1
arvettua	verbi	1
automaattistaa	verbi	1
definioida	verbi	1
demobilisoida	verbi	1
desinfektoida	verbi	1
diarioida	verbi	1
diivata	verbi	1
elinkelpoistaa	verbi	1
emittoida	verbi	1
epämääräistyä	verbi	1
fibata	verbi	1
flaneerata	verbi	1
fossiloitua	verbi	1
friskata	verbi	1
frustroitua	verbi	1
fudata	verbi	1
fudia	verbi	1
hajakeskittää	verbi	1
halsteroida	verbi	1
hammastua	verbi	1
harppailla	verbi	1
harppunoida	verbi	1
hartsata	verbi	1
hattuuntua	verbi	1
heilahduttaa	verbi	1
helkyttää	verbi	1
helpontaa	verbi	1
heretä	verbi	1
hermottua	verbi	1
herpautua	verbi	1
hienosahata	verbi	1
hilsehtiä	verbi	1
hirmustua	verbi	1
hirttyä	verbi	1
hissuttaa	verbi	1
hiuduttaa	verbi	1
hiutaloida	verbi	1
hivauttaa	verbi	1
hohtokeilata	verbi	1
hoikentua	verbi	1
hoonata	verbi	1
huhtoa	verbi	1
huikaistua	verbi	1
hulvahtaa	verbi	1
humaanistua	verbi	1
humanisoitua	verbi	1
huminoida	verbi	1
huopauttaa	verbi	1
hurjeta	verbi	1
hähättää	verbi	1
härmistää	verbi	1
härnäillä	verbi	1
härvätä	verbi	1
hölkyttää	verbi	1
höylääntyä	verbi	1
höyryyntyä	verbi	1
ideaalistaa	verbi	1
ihmismäistyä	verbi	1
ilmakuivattaa	verbi	1
ilmapalloilla	verbi	1
impregnoida	verbi	1
individualisoida	verbi	1
inhiboida	verbi	1
itsenäistyttää	verbi	1
jamittaa	verbi	1
jarruuntua	verbi	1
joustavoida	verbi	1
juntturoida	verbi	1
jymistää	verbi	1
jälkikypsyä	verbi	1
jälkituleentua	verbi	1
järjestelmällistää	verbi	1
järkiinnyttää	verbi	1
jäyketä	verbi	1
kaavamaistaa	verbi	1
kahvituttaa	verbi	1
kaiutella	verbi	1
kalkkaa	verbi	1
kalkkiutua	verbi	1
kalventaa	verbi	1
kangastua	verbi	1
kapsahdella	verbi	1
karheutua	verbi	1
karioitua	verbi	1
karkeuttaa	verbi	1
karkeutua	verbi	1
karsiintua	verbi	1
kasvettua	verbi	1
kauhduttaa	verbi	1
kehräyttää	verbi	1
keikistää	verbi	1
kellauttaa	verbi	1
kelmentää	verbi	1
kenttälinnoittaa	verbi	1
kielellistää	verbi	1
kietoontua	verbi	1
kiinnetä	verbi	1
kimmauttaa	verbi	1
kirjavoida	verbi	1
kirskauttaa	verbi	1
kiskotella	verbi	1
klassifioida	verbi	1
klenkata	verbi	1
klimppiytyä	verbi	1
koaguloitua	verbi	1
kojeistaa	verbi	1
kollottaa	verbi	1
konkreettistaa	verbi	1
konttoristua	verbi	1
kopeilla	verbi	1
kopitella	verbi	1
korpeentua	verbi	1
kouruilla	verbi	1
kranttuilla	verbi	1
kruksata	verbi	1
kukuttaa	verbi	1
kumisuttaa	verbi	1
kuparoida	verbi	1
kupitella	verbi	1
kurkottautua	verbi	1
kursastella	verbi	1
kusaista	verbi	1
kuulalaakeroida	verbi	1
kuurnita	verbi	1
kvantifioida	verbi	1
kylmätyöstää	verbi	1
kynttää	verbi	1
kyyristää	verbi	1
kähertyä	verbi	1
kähetä	verbi	1
kähähtää	verbi	1
känsittyä	verbi	1
käpertää	verbi	1
käpsehtiä	verbi	1
käpätä	verbi	1
käsitteistää	verbi	1
käytännöllistää	verbi	1
köyhentyä	verbi	1
köyhetä	verbi	1
lahoutua	verbi	1
laimistua	verbi	1
lakastuttaa	verbi	1
lastauttaa	verbi	1
latinalaistaa	verbi	1
lauheta	verbi	1
lekuttaa	verbi	1
leskeytyä	verbi	1
lespata	verbi	1
leudontaa	verbi	1
leyhyä	verbi	1
leyhäyttää	verbi	1
liberaalistua	verbi	1
liekutella	verbi	1
lieroilla	verbi	1
liestyä	verbi	1
liesuta	verbi	1
liikahduttaa	verbi	1
liirtää	verbi	1
liiskaantua	verbi	1
liiskautua	verbi	1
likistyä	verbi	1
limaantua	verbi	1
listauttaa	verbi	1
loimahtaa	verbi	1
loksaa	verbi	1
lonksuttaa	verbi	1
lorvehtia	verbi	1
lujentua	verbi	1
lukkoutua	verbi	1
läimähdellä	verbi	1
läpäyttää	verbi	1
löyhdyttää	verbi	1
löyhyttää	verbi	1
mailailla	verbi	1
mamoilla	verbi	1
manöveroida	verbi	1
massoitella	verbi	1
matematisoitua	verbi	1
mehevöityä	verbi	1
meilata	verbi	1
meislata	verbi	1
metalloida	verbi	1
moduloitua	verbi	1
moikua	verbi	1
moksauttaa	verbi	1
monentaa	verbi	1
montteerata	verbi	1
mopottaa	verbi	1
muistiinkirjoittaa	verbi	1
muistiinpanna	verbi	1
mutkistuttaa	verbi	1
muukalaistua	verbi	1
myötäkarvata	verbi	1
mölähtää	verbi	1
naksaa	verbi	1
narrailla	verbi	1
neutraalistua	verbi	1
nietostaa	verbi	1
niisiä	verbi	1
norjistaa	verbi	1
notkeutua	verbi	1
nurjahtaa	verbi	1
nuukahdella	verbi	1
nyökähdellä	verbi	1
oksidoida	verbi	1
oleentua	verbi	1
ootrata	verbi	1
opalisoida	verbi	1
ositella	verbi	1
pakastekuivattaa	verbi	1
pakkeloida	verbi	1
paltata	verbi	1
paukautella	verbi	1
pehmittyä	verbi	1
penkata	verbi	1
piilokonttoristua	verbi	1
piiluta	verbi	1
pikakirjoittaa	verbi	1
pirskauttaa	verbi	1
pistouvata	verbi	1
pitentää	verbi	1
platinoida	verbi	1
pleissata	verbi	1
polskauttaa	verbi	1
polymerisoida	verbi	1
polymerisoitua	verbi	1
polymeroida	verbi	1
popsahtaa	verbi	1
porukoida	verbi	1
postimerkittää	verbi	1
potensoitua	verbi	1
problematisoitua	verbi	1
produsoida	verbi	1
prutkuttaa	verbi	1
puhtaaksimuurata	verbi	1
puklata	verbi	1
pumputa	verbi	1
punkata	verbi	1
punoittua	verbi	1
puoliutua	verbi	1
pyrskiä	verbi	1
pytyttää	verbi	1
pyykittää	verbi	1
pyylevöityä	verbi	1
pärskää	verbi	1
pölyyttää	verbi	1
pöpistä	verbi	1
pörröttyä	verbi	1
rahjustaa	verbi	1
raihnaistua	verbi	1
rainata	verbi	1
raiskautua	verbi	1
ratustaa	verbi	1
reaalistua	verbi	1
reprodusoida	verbi	1
reuhottaa	verbi	1
reutoa	verbi	1
riihittää	verbi	1
riimisuolata	verbi	1
riimuttaa	verbi	1
ripsahdella	verbi	1
risahtaa	verbi	1
rispautua	verbi	1
rivittää	verbi	1
robotoida	verbi	1
roikaa	verbi	1
rouhiutua	verbi	1
ruiskahtaa	verbi	1
ruiskusuolata	verbi	1
ruokota	verbi	1
ruskeutua	verbi	1
rustoutua	verbi	1
ruttautua	verbi	1
rymisyttää	verbi	1
rytistellä	verbi*	1
rähättää	verbi	1
rämistää	verbi	1
rämäyttää	verbi	1
ränsistää	verbi	1
rästiytyä	verbi	1
räsäyttää	verbi	1
rätisyttää	verbi	1
rätkyttää	verbi	1
rätsähtää	verbi	1
räyskiä	verbi	1
rääkkääntyä	verbi	1
rääyttää	verbi	1
saduttaa	verbi	1
sahautua	verbi	1
samanaikaistaa	verbi	1
sankentua	verbi	1
satirisoida	verbi	1
saumautua	verbi	1
saumoittaa	verbi	1
savettaa	verbi	1
sekstata	verbi	1
seksuaalistua	verbi	1
sekularisoida	verbi	1
sensoroida	verbi*	1
sentralisoida	verbi	1
seukata	verbi	1
shakata	verbi	1
siementyä	verbi	1
siirrähtää	verbi	1
siivittyä	verbi	1
singlata	verbi	1
sintraantua	verbi	1
sitkeytyä	verbi	1
sitkistää	verbi	1
skandalisoida	verbi	1
slammata	verbi	1
sokeltaa	verbi	1
sokeristua	verbi	1
soljuttaa	verbi	1
solkottaa	verbi	1
somatisoida	verbi	1
somistua	verbi	1
sondeerata	verbi	1
sorauttaa	verbi*	1
sorittaa	verbi	1
soudattaa	verbi	1
souketa	verbi	1
spesialisoida	verbi	1
stigmatisoitua	verbi	1
suditella	verbi	1
suggeroitua	verbi	1
suipistua	verbi	1
sukaista	verbi	1
sukulaistua	verbi	1
sulostaa	verbi	1
summeerata	verbi	1
suoltua	verbi	1
surfailla	verbi	1
suristella	verbi	1
surkastaa	verbi	1
suunnistautua	verbi	1
sykkää	verbi	1
syntesoitua	verbi	1
sälähtää	verbi	1
taimettaa	verbi	1
takiloida	verbi	1
talveutua	verbi	1
tanssitella	verbi	1
tasasuunnata	verbi	1
tasavertaistua	verbi	1
telmätä	verbi	1
terhennellä	verbi	1
tervaantua	verbi	1
tieteellistyä	verbi	1
tihrustella	verbi	1
tislaantua	verbi	1
todistuttaa	verbi	1
tornittaa	verbi	1
torveilla	verbi	1
trahteerata	verbi	1
transkriboida	verbi	1
tuimentaa	verbi	1
tulpita	verbi	1
tulpittaa	verbi	1
tulppautua	verbi	1
tulvahdella	verbi	1
tunkkaantua	verbi	1
tunneloida	verbi	1
turvottua	verbi	1
tuskautua	verbi	1
tuuhentaa	verbi	1
tuuheuttaa	verbi	1
tylsentää	verbi	1
tyrannoida	verbi	1
tyssääntyä	verbi	1
tyytätä	verbi	1
työlääntyä	verbi	1
työnnältää	verbi	1
täplittyä	verbi	1
tärähdyttää	verbi	1
täsmällistyä	verbi	1
töhriintyä	verbi	1
töhrätä	verbi	1
törkeillä	verbi	1
töyssyttää	verbi	1
töyssähtää	verbi	1
ulettua	verbi	1
unhottaa	verbi	1
utsia	verbi	1
uudentaa	verbi	1
vaaita	verbi	1
vaatehtia	verbi	1
vakuuttautua	verbi	1
valtiollistua	verbi	1
vanhurskauttaa	verbi	1
vasoittaa	verbi	1
vedätyttää	verbi	1
velkautua	verbi	1
venäjäntää	verbi	1
verestyä	verbi	1
veristyä	verbi	1
vetelöittää	verbi	1
vihityttää	verbi	1
vihjeistää	verbi	1
viileyttää	verbi	1
vikeltää	verbi	1
vilpistellä	verbi	1
visautua	verbi	1
viskautua	verbi	1
visoittua	verbi	1
visuaalistaa	verbi	1
viuhauttaa	verbi	1
voivottaa	verbi	1
voivuttaa	verbi	1
vulgarisoida	verbi	1
välineistää	verbi	1
wokata	verbi	1
yhdyttää	verbi	1
yhteisverottaa	verbi	1
yliluotella	verbi	1
äkeillä	verbi	1
äklöttää	verbi	1
älyllistyä	verbi	1
ärsyttyä	verbi	1
örähtää	verbi	1
