Hakusana	Sanaluokat	count
olla	verbi	15149528
ja	konjunktio, adverbi	8009977
se	pronomini	3740116
ei	kieltoverbi, substantiivi	3312474
että	konjunktio	2616520
joka	pronomini*	1902576
hän	pronomini	1809996
vuosi	substantiivi	1801254
tämä	pronomini	1793948
myös	adverbi	1536554
saada	verbi	1413317
mukaan	adverbi, postpositio	1324374
voida	verbi	1300076
mutta	konjunktio, substantiivi	1136690
tehdä	verbi	1122902
tulla	verbi	1034912
aika	substantiivi	1015240
kun	konjunktio	989897
kertoa	verbi	976305
sanoa	verbi	913094
uusi	adjektiivi, substantiivi	901814
muu	pronomini	793407
mikä	pronomini	764921
pitää	verbi	758517
jo	adverbi	713006
minä	pronomini, substantiivi	704649
nyt	adverbi	671489
kaikki	pronomini	661769
tai	konjunktio	638918
kuin	konjunktio, adverbi	633764
hyvä	adjektiivi, substantiivi	575607
ihminen	substantiivi	566871
toinen	numeraali, järjestysluku, pronomini, adjektiivi	563167
kaksi	numeraali	545935
jos	konjunktio, substantiivi	538422
suuri	adjektiivi	534825
viime	adjektiivi	525995
jälkeen	postpositio, adverbi	525867
asia	substantiivi	522569
niin	adverbi	522466
vielä	adverbi	513691
kanssa	postpositio, adverbi	490825
oma	adjektiivi, substantiivi	488195
yksi	numeraali, substantiivi	484864
haluta	verbi	458992
mies	substantiivi	458782
ottaa	verbi	451284
tuo	pronomini	447909
osa	substantiivi	446261
sekä	konjunktio	445782
ensimmäinen	numeraali	437980
poliisi	substantiivi	428619
kaupunki	substantiivi	428539
alkaa	verbi	420443
euro	substantiivi	419645
vain	adverbi	410405
kuitenkin	adverbi	406968
maa	substantiivi	383415
lapsi	substantiivi	377871
paljon	adverbi	370407
moni	pronomini	370285
jäädä	verbi	369051
yli	postpositio, prepositio, adverbi	366151
päästä	verbi	364375
viikko	substantiivi	362992
alue	substantiivi	355993
sitten	adverbi	351385
itse	pronomini, substantiivi	349337
päivä	substantiivi	342988
nuori	adjektiivi, substantiivi	339889
työ	substantiivi	329885
suomalainen	adjektiivi, substantiivi	329853
mieli	substantiivi	329344
kolme	numeraali	329234
tilanne	substantiivi	327571
pelata	verbi	324537
käydä	verbi	323500
kerta	substantiivi	319151
antaa	verbi	317409
nähdä	verbi	316973
paikka	substantiivi	316343
nainen	substantiivi	314550
hyvin	adverbi	311390
sama	pronomini	311165
mennä	verbi	310689
kuva	substantiivi	309366
koko	adjektiivi	308783
ennen	adverbi, prepositio, postpositio	308374
kausi	substantiivi	306983
esimerkiksi	adverbi	303074
käyttää	verbi	302512
lisäksi	postpositio, adverbi	297716
prosentti	substantiivi	293126
tieto	substantiivi	292200
katsoa	verbi	288744
vaikka	konjunktio, adverbi	288350
lähteä	verbi	283562
nousta	verbi	281839
ottelu	substantiivi	281038
toimia	verbi	278932
muassa	postpositio	278590
miljoona	numeraali	278328
todeta	verbi	269940
pieni	adjektiivi, substantiivi	266309
joutua	verbi	266300
määrä	substantiivi	265232
hallitus	substantiivi	264268
kunta	substantiivi	260566
jokin	pronomini	258977
joukkue	substantiivi	258196
tarvita	verbi	256992
lukea	verbi	253362
puoli	substantiivi, adverbi, postpositio	252177
vanha	adjektiivi, substantiivi	248689
hetki	substantiivi	244932
koulu	substantiivi	244932
miten	adverbi	243048
koska	konjunktio, adverbi	237870
ensi	adjektiivi	236329
eli	konjunktio	235972
enemmän	adverbi	233054
alku	substantiivi	232173
iso	adjektiivi, substantiivi	232014
mikään	pronomini	230894
maali	substantiivi*	226516
löytyä	verbi	226407
järjestää	verbi	226064
tapahtua	verbi	223747
käyttö	substantiivi	223695
tärkeä	adjektiivi	222180
kesä	substantiivi	221481
rakentaa	verbi	218556
aina	adverbi, substantiivi	218429
aloittaa	verbi	218356
sillä	konjunktio, adverbi	213450
odottaa	verbi	210459
tietää	verbi	210410
mahdollinen	adjektiivi	209549
vastaan	adverbi, postpositio	208116
loppu	substantiivi, adjektiivi	207961
tapa	substantiivi	207918
yritys	substantiivi	205650
eri	adjektiivi, adverbi	205131
vaatia	verbi	205080
jatkaa	verbi	204374
voittaa	verbi	203213
tuoda	verbi	202890
liittyä	verbi	201982
maailma	substantiivi	200710
toiminta	substantiivi	199913
päättää	verbi	199150
peli	substantiivi	196883
neljä	numeraali	196439
pitkä	adjektiivi, substantiivi	196364
lisätä	verbi	196136
päätös	substantiivi	195965
syy	substantiivi*	195696
uskoa	verbi	195349
auto	substantiivi	194514
pystyä	verbi	191809
jopa	adverbi	189952
arvioida	verbi	188423
kuulua	verbi	187544
presidentti	substantiivi	187188
puheenjohtaja	substantiivi	186469
lähes	adverbi	186447
kova	adjektiivi, substantiivi	185400
usea	pronomini	183307
kymmenen	numeraali	183036
voitto	substantiivi	182979
mukana	adverbi, postpositio	181813
viimeinen	adjektiivi, substantiivi	181146
kasvaa	verbi	181019
saattaa	verbi	179309
vastata	verbi	176274
viedä	verbi	175583
näyttää	verbi	175258
hakea	verbi	174463
viisi	numeraali, substantiivi	173960
tila	substantiivi	173254
vaikuttaa	verbi	172958
vaan	konjunktio, adverbi	171436
ajaa	verbi	169229
maksaa	verbi	168328
tulos	substantiivi	167334
epäillä	verbi	166047
aiemmin	adverbi	166016
työntekijä	substantiivi	165557
aiheuttaa	verbi	165376
kyllä	adverbi	165315
seurata	verbi	164774
puhua	verbi	162301
enää	adverbi	162259
löytää	verbi	159633
jatkua	verbi	159585
henkilö	substantiivi	159007
näkyä	verbi	158643
ongelma	substantiivi	158026
kevät	substantiivi	157984
perjantai	substantiivi	157859
pelaaja	substantiivi	157346
tänään	adverbi	155991
vuoksi	postpositio	155646
kello	substantiivi	155020
valita	verbi	154076
siirtyä	verbi	153786
syntyä	verbi	153587
näin	adverbi	153386
entinen	adjektiivi	153343
edelleen	adverbi	153239
vaikea	adjektiivi	150934
tapaus	substantiivi	150760
takia	postpositio	150717
sellainen	adjektiivi	150495
maanantai	substantiivi	150362
keskusta	substantiivi	150115
lisää	adverbi	150044
elämä	substantiivi	148955
yhtiö	substantiivi	148717
kautta	postpositio, prepositio	148415
nostaa	verbi	148008
vähän	adverbi	147536
kisa	substantiivi	145534
ihan	adverbi	145314
toivoa	verbi	144938
lauantai	substantiivi	144654
jättää	verbi	144600
esittää	verbi	144302
johtaa	verbi	143806
muutama	pronomini	143285
syksy	substantiivi	142991
vesi	substantiivi	142671
tapahtuma	substantiivi	142634
mahdollisuus	substantiivi	141525
juuri	adverbi	140054
yrittää	verbi	139741
johtaja	substantiivi	138553
ilman	prepositio, adverbi	138027
seuraava	adjektiivi, substantiivi	137602
kolmas	numeraali	137078
kuten	adverbi, konjunktio	136037
torstai	substantiivi	135885
joukko	substantiivi	135877
tiistai	substantiivi	135464
raha	substantiivi	134843
keskiviikko	substantiivi	134656
tehtävä	substantiivi	134232
kuukausi	substantiivi	133603
muutos	substantiivi	133171
juttu	substantiivi	132526
muuttaa	verbi	132319
perhe	substantiivi	132311
tavoite	substantiivi	132072
käsi	substantiivi	132040
kuolla	verbi	131852
ainakin	adverbi	131676
kyse	substantiivi	131285
osallistua	verbi	130614
matka	substantiivi	130566
kannattaa	verbi	129908
asiakas	substantiivi	129800
nimi	substantiivi	129355
yhteys	substantiivi	128082
selvittää	verbi	128032
silloin	adverbi	127706
palvelu	substantiivi	127243
pari	substantiivi*	126924
väli	substantiivi	126888
tutkia	verbi	125811
laskea	verbi	125447
taas	adverbi	125433
kirjoittaa	verbi	124967
sunnuntai	substantiivi	124864
yhä	adverbi	124667
kansainvälinen	adjektiivi, substantiivi	124493
onnistua	verbi	123953
yliopisto	substantiivi	122878
apu	substantiivi	122737
tutkimus	substantiivi	122534
aikoa	verbi	121401
siellä	adverbi	121116
pois	adverbi	120309
palata	verbi	120012
puolue	substantiivi	119709
tie	substantiivi	119474
päättyä	verbi	119247
erilainen	adjektiivi	118793
kuitenkaan	adverbi	118726
avata	verbi	118656
korkea	adjektiivi, substantiivi	118640
ilmoittaa	verbi	118634
jatko	substantiivi	118352
riittää	verbi*	117964
asti	adverbi	117772
piste	substantiivi	117763
suunnitella	verbi	117673
kokea	verbi	117614
toimitusjohtaja	substantiivi	117431
tarkoitus	substantiivi	116750
alle	postpositio, prepositio, adverbi	116728
tarjota	verbi	116574
vasta	adverbi	116490
koskea	verbi	116297
hinta	substantiivi	116029
sata	numeraali	115084
uutinen	substantiivi	115043
välillä	postpositio, adverbi	114770
sopimus	substantiivi	114395
todella	adverbi	114189
oikeus	substantiivi	113964
nykyinen	adjektiivi	113616
muuttua	verbi	113210
pyrkiä	verbi	113173
kauppa	substantiivi	112657
myöntää	verbi	112089
tunti	substantiivi	111993
tuntua	verbi	111719
valtio	substantiivi	111543
sijaita	verbi	110685
tulevaisuus	substantiivi	110624
jakaa	verbi	110318
usein	adverbi	110166
valmis	adjektiivi, substantiivi	110051
asua	verbi	109234
joten	adverbi	108621
kysymys	substantiivi	108435
kilpailu	substantiivi	108248
kiinni	adverbi	107589
metri	substantiivi	107075
auttaa	verbi	106988
hoitaa	verbi	106914
keskustelu	substantiivi	106815
minuutti	substantiivi	106655
kuinka	adverbi	106015
areena	substantiivi	105412
kerätä	verbi	105221
tarkoittaa	verbi	104986
julkaista	verbi	104610
kuvata	verbi	104137
talo	substantiivi	103912
myydä	verbi	103093
muistuttaa	verbi	102945
liikenne	substantiivi	102785
asukas	substantiivi	102703
tuhat	numeraali	102551
kuusi	numeraali	102278
tällainen	adjektiivi, substantiivi	101798
jokainen	pronomini	101571
pohtia	verbi	101393
sulkea	verbi	101061
pää	substantiivi	100405
tuki	substantiivi	100171
sarja	substantiivi	100143
elokuva	substantiivi	99914
miettiä	verbi	99542
ehkä	adverbi	99489
rakennus	substantiivi	99229
ääni	substantiivi	99189
ura	substantiivi	99008
saapua	verbi	98821
tuleva	adjektiivi, substantiivi	98499
kehittää	verbi	98478
EU	substantiivi	98357
ratkaisu	substantiivi	98274
heti	adverbi	97758
aika	adverbi	97718
pysyä	verbi	97013
seura	substantiivi	96872
joku	pronomini	96806
yhteensä	adverbi	96271
tulo	substantiivi	95929
niisi	substantiivi	95858
käsitellä	verbi	95249
kilometri	substantiivi	94997
pidetä	verbi	94899
peruste	substantiivi	94898
kulua	verbi	94776
sopia	verbi	94695
raja	substantiivi*	94502
kestää	verbi	94483
media	substantiivi	94375
sairaala	substantiivi	94322
poika	substantiivi	94203
huono	adjektiivi	94199
musiikki	substantiivi	94147
pääministeri	substantiivi	93920
edetä	verbi	93367
erityisesti	adverbi	93106
ostaa	verbi	92874
jotta	konjunktio	92696
kohdata	verbi	92636
koti	substantiivi	92448
kuulla	verbi	92393
ajatella	verbi	92302
helppo	adjektiivi	92133
etsiä	verbi	92057
talous	substantiivi	90952
ryhmä	substantiivi	90837
jälleen	adverbi	90502
erittäin	adverbi*	90278
vaikutus	substantiivi	89884
liian	adverbi	89660
kysyä	verbi	89357
tuntea	verbi	89135
urheilu	substantiivi	89135
tukea	verbi	89018
yö	substantiivi	88570
täällä	adverbi	88540
video	substantiivi	88329
lähettää	verbi	88124
perustaa	verbi	88049
pelastuslaitos	substantiivi	87859
kohta	substantiivi	87789
mennessä	postpositio	87462
ohjelma	substantiivi	87375
aihe	substantiivi	87348
liikkua	verbi	87166
ettei	alistuskonjunktio, kieltoverbi	87081
keskustella	verbi	86979
tutkija	substantiivi	86833
siirtää	verbi	86649
oikea	adjektiivi, substantiivi	86202
tarve	substantiivi	86149
hieman	adverbi	85928
laittaa	verbi	85878
asiantuntija	substantiivi	85804
yhdessä	adverbi	85668
nopeasti	adverbi	85564
loukkaantua	verbi	85422
edessä	postpositio, adverbi	85415
pyytää	verbi	85314
ero	substantiivi	85272
taso	substantiivi	84972
elää	verbi	84825
myöhemmin	adverbi	84773
laaja	adjektiivi	84607
hyväksyä	verbi	84398
osata	verbi	84052
ilta	substantiivi	83674
kukaan	pronomini	83485
esitys	substantiivi	83380
lähellä	prepositio, postpositio, adverbi	83219
elokuu	substantiivi	82804
kulkea	verbi	82761
vahva	adjektiivi	82734
kokemus	substantiivi	82683
opiskelija	substantiivi	82427
äiti	substantiivi	82324
yleisö	substantiivi	82298
kesäkuu	substantiivi	82288
kunto	substantiivi	81866
kuunnella	verbi	81115
aivan	adverbi	81114
erä	substantiivi	80988
paras	adjektiivi	80948
vaihe	substantiivi	80936
siis	adverbi	80897
johto	substantiivi	80780
saakka	adverbi	80618
lupa	substantiivi	80518
eniten	adverbi	80421
valmistua	verbi	80339
käytäntö	substantiivi	80276
läpi	adverbi, postpositio, prepositio, substantiivi	80245
hanke	substantiivi	79561
täysin	adverbi	79419
selvitä	verbi	79408
asunto	substantiivi	79406
merkittävä	adjektiivi	79309
toimittaja	substantiivi	79087
voima	substantiivi	78802
miksi	adverbi	78657
laki	substantiivi*	78434
kanta	substantiivi	78370
pitkään	adverbi	78255
seitsemän	numeraali	78238
työskennellä	verbi	78141
kasvu	substantiivi	78049
edellinen	adjektiivi	78030
lopettaa	verbi	77980
sinä	pronomini	77901
päävalmentaja	substantiivi	77882
hoito	substantiivi	77822
talvi	substantiivi	77191
jäsen	substantiivi	77044
samalla	adverbi	77040
ymmärtää	verbi	77028
esiintyä	verbi	77011
kansanedustaja	substantiivi	76964
tammikuu	substantiivi	76316
kuka	pronomini	76273
suunta	substantiivi	76251
tuottaa	verbi	76247
vähentää	verbi	76027
täytyä	verbi	75958
huolimatta	postpositio, prepositio	75936
korjata	verbi	75757
osoittaa	verbi	75686
toukokuu	substantiivi	75425
tuttu	adjektiivi, substantiivi	75380
oy	substantiivi	75087
suunnitelma	substantiivi	74938
liiga	substantiivi	74715
silti	adverbi	74698
paha	adjektiivi, substantiivi	74583
nopea	adjektiivi	74491
asema	substantiivi	74045
eduskunta	substantiivi	73923
takaisin	adverbi	73667
kommentoida	verbi	73625
parantaa	verbi	73618
ehtiä	verbi	73606
heinäkuu	substantiivi	73541
metsä	substantiivi	73500
edes	adverbi	73424
sota	substantiivi	73210
syyskuu	substantiivi	73181
huomio	substantiivi	73102
perussuomalainen	adjektiivi, substantiivi	72999
lopulta	adverbi	72982
ajatus	substantiivi	72939
vahvistaa	verbi	72726
tekijä	substantiivi	72612
kärsiä	verbi	72495
yrittäjä	substantiivi	71999
laji	substantiivi	71815
kohde	substantiivi	71753
haastattelu	substantiivi	71087
ala	substantiivi	70938
varmasti	adverbi	70458
verrata	verbi	70321
puuttua	verbi	70320
marraskuu	substantiivi	70219
työpaikka	substantiivi	70219
kahdeksan	numeraali	70204
maakunta	substantiivi	70200
tausta	substantiivi	70169
aiempi	adjektiivi	70141
lokakuu	substantiivi	70022
suora	adjektiivi, substantiivi	69857
ulos	adverbi	69826
lääkäri	substantiivi	69646
jolloin	adverbi	69587
historia	substantiivi	69566
tiedote	substantiivi	69421
luoda	verbi	69322
vai	konjunktio	69304
vaali	substantiivi	69007
juhlia	verbi	68985
yhteinen	adjektiivi	68840
istua	verbi	68755
kohti	adverbi, postpositio, prepositio	68441
kokous	substantiivi	68337
kenttä	substantiivi	68077
lisääntyä	verbi	67977
arvio	substantiivi	67949
joulukuu	substantiivi	67880
tuore	adjektiivi	67855
koira	substantiivi	67587
vetää	verbi	67535
parempi	adjektiivi	67402
puu	substantiivi	67371
ruoka	substantiivi	67309
koskaan	adverbi	66983
helmikuu	substantiivi	66978
herättää	verbi	66899
toteuttaa	verbi	66817
yleensä	adverbi	66784
isä	substantiivi	66748
tartunta	substantiivi	66491
kirja	substantiivi	66261
myötä	adverbi, postpositio	66113
lehti	substantiivi	66061
huomata	verbi	65969
muistaa	verbi	65899
päätyä	verbi	65200
etenkin	adverbi	65164
kappale	substantiivi	65136
potilas	substantiivi	65109
tosi	adjektiivi, adverbi, substantiivi	65038
julkinen	adjektiivi, substantiivi	65003
tuomita	verbi	64991
yleinen	adjektiivi	64989
tehdas	substantiivi	64857
oppilas	substantiivi	64716
sattua	verbi	64706
tekeminen	substantiivi	64553
levitä	verbi	64522
alla	postpositio, adverbi	64508
tarina	substantiivi	64388
huhtikuu	substantiivi	64377
kuu	substantiivi	64284
tavata	verbi*	64257
verran	postpositio, adverbi	64240
onnettomuus	substantiivi	64141
uhri	substantiivi	63800
puhe	substantiivi	63764
asettaa	verbi	63740
iskeä	verbi	63528
sähkö	substantiivi	63510
valmentaja	substantiivi	63463
vaihtoehto	substantiivi	63245
soittaa	verbi	63206
vastaus	substantiivi	62932
kirkko	substantiivi	62902
rooli	substantiivi	62683
finaali	substantiivi	62456
myynti	substantiivi	62394
hankkia	verbi	62336
koulutus	substantiivi	62191
siksi	adverbi	62082
joki	substantiivi	61999
keskittyä	verbi	61976
kokoomus	substantiivi	61945
tunne	substantiivi	61838
vähemmän	adverbi	61837
nousu	substantiivi	61817
varten	postpositio	61705
kutsua	verbi	61547
sosiaalinen	adjektiivi	61502
äänestää	verbi	61440
ehdokas	substantiivi	61250
viikonloppu	substantiivi	61104
paikallinen	adjektiivi, substantiivi	61058
oppia	verbi	61051
yhtä	adverbi	60989
estää	verbi	60931
hieno	adjektiivi	60883
viettää	verbi	60608
vihreä	adjektiivi, substantiivi	60530
poliittinen	adjektiivi	60286
opettaja	substantiivi	60266
venäläinen	adjektiivi, substantiivi	60231
reilu	adjektiivi	60224
aamu	substantiivi	60193
tuote	substantiivi	60098
mestari	substantiivi	60056
kierros	substantiivi	59991
lumi	substantiivi	59783
jalkapallo	substantiivi	59541
viranomainen	substantiivi	59523
aikuinen	adjektiivi, substantiivi	59372
vieras	adjektiivi, substantiivi	59362
lähtien	postpositio	59324
ravintola	substantiivi	59316
takana	postpositio, adverbi	59046
selvitys	substantiivi	58996
teko	substantiivi	58839
paremmin	adverbi	58714
ainoa	adjektiivi	58706
kieli	substantiivi	58704
menettää	verbi	58698
perinteinen	adjektiivi, substantiivi	58680
merkitys	substantiivi	58441
valtuusto	substantiivi	58386
selvä	adjektiivi	58346
sana	substantiivi	58280
täyttää	verbi	58202
pian	adverbi	58163
tyttö	substantiivi	58134
uhata	verbi	57948
vakava	adjektiivi	57758
vauhti	substantiivi	57690
jääkiekko	substantiivi	57620
purkaa	verbi	57477
kone	substantiivi	57420
toimi	substantiivi	57287
urheilija	substantiivi	57261
edustaja	substantiivi	57103
vaihtaa	verbi	57004
jää	substantiivi	56927
viesti	substantiivi	56924
kuljettaja	substantiivi	56887
ohjata	verbi	56674
vastuu	substantiivi	56620
suoraan	adverbi	56409
kysely	substantiivi	56342
havaita	verbi	56118
ovi	substantiivi	56020
toistaiseksi	adverbi	56015
hävitä	verbi	55990
keino	substantiivi	55950
kaatua	verbi	55787
kuvituskuva	substantiivi	55754
luku	substantiivi	55717
tiukka	adjektiivi, substantiivi	55579
osuus	substantiivi	55332
huoli	substantiivi	55308
syödä	verbi	55216
neuvottelu	substantiivi	55177
edustaa	verbi	55112
ratkaista	verbi	54976
tavallinen	adjektiivi	54894
miljardi	numeraali	54822
lähde	substantiivi	54797
selvästi	adverbi	54656
molemmat	pronomini	54616
poistaa	verbi	54567
kadota	verbi	54562
liitto	substantiivi	54537
alkaen	postpositio, prepositio	54526
neljäs	numeraali	54448
isku	substantiivi	54120
seutu	substantiivi	54086
yhdistää	verbi	54035
eteenpäin	adverbi	54020
ensin	adverbi	54010
sisään	postpositio, adverbi	53999
tuotanto	substantiivi	53842
omistaja	substantiivi	53616
luonto	substantiivi	53584
mestaruus	substantiivi	53361
kesken	adverbi, postpositio, prepositio	53260
radio	substantiivi	53164
professori	substantiivi	52743
arki	substantiivi	52657
henki	substantiivi	52619
liike	substantiivi	52479
tarkka	adjektiivi	52357
luvata	verbi	52269
rikos	substantiivi	52190
arvo	substantiivi	52134
ohi	adverbi, postpositio, prepositio	51999
kaikkiaan	adverbi	51918
syyttää	verbi	51907
kaupunginhallitus	substantiivi	51859
katu	substantiivi	51775
eläin	substantiivi	51659
puolesta	postpositio	51659
kiinnostaa	verbi	51494
verkko	substantiivi	51272
kokonaan	adverbi	51258
esitellä	verbi	51229
johtua	verbi	51137
pudota	verbi	51051
teos	substantiivi	50923
sairaanhoitopiiri	substantiivi	50870
malli	substantiivi	50728
muuten	adverbi	50587
joskus	adverbi	50564
vuo	substantiivi	50563
linja	substantiivi	50526
käynti	substantiivi	50508
mä	pronomini	50348
pallo	substantiivi	50344
kuvailla	verbi	50060
lukio	substantiivi	50044
poikkeuksellinen	adjektiivi	49990
suhde	substantiivi	49923
avoin	adjektiivi	49920
tuomio	substantiivi	49864
päälle	postpositio, adverbi	49853
kari	substantiivi	49843
riski	substantiivi	49700
tappio	substantiivi	49523
erityinen	adjektiivi	49466
todennäköisesti	adverbi	49370
lasku	substantiivi	49200
taistella	verbi	49077
kieltää	verbi	49044
oikein	adverbi	49002
korostaa	verbi	48852
loppua	verbi	48814
valinta	substantiivi	48788
sisällä	adverbi, postpositio	48774
yllättää	verbi	48730
vuosikymmen	substantiivi	48705
lähetys	substantiivi	48475
kortti	substantiivi	48470
harjoitus	substantiivi	48397
rikkoa	verbi	48254
vapaa	adjektiivi, substantiivi	47961
sinne	adverbi	47822
ranta	substantiivi	47746
aste	substantiivi	47672
ystävä	substantiivi	47599
toisaalta	adverbi	47582
sekunti	substantiivi	47575
saavuttaa	verbi	47522
sija	substantiivi	47498
jalka	substantiivi	47493
kaivata	verbi	47466
kaataa	verbi	47388
varmistaa	verbi	47327
uudelleen	adverbi	47183
pohjoinen	substantiivi, adjektiivi	47146
millainen	adjektiivi	47116
kasvattaa	verbi	47047
luopua	verbi	46959
suhtautua	verbi	46941
lippu	substantiivi	46928
energia	substantiivi	46768
perustua	verbi	46767
yhdeksän	numeraali	46738
laitos	substantiivi	46697
ympäri	postpositio, prepositio, adverbi	46514
kovin	adverbi	46414
lyhyt	adjektiivi	46382
vierailla	verbi	46374
kuolema	substantiivi	46229
vastaava	adjektiivi, substantiivi	46228
valmistaa	verbi	46196
normaali	adjektiivi, substantiivi	46173
turvallisuus	substantiivi	45909
pohja	substantiivi	45895
heikko	adjektiivi	45838
kaupunginjohtaja	substantiivi	45815
vaihto	substantiivi	45802
meno	substantiivi	45768
perustella	verbi	45764
toteutua	verbi	45723
lista	substantiivi	45581
päiväkoti	substantiivi	45446
vasta	substantiivi	45399
korvata	verbi	45381
kantaa	verbi	45309
silmä	substantiivi	45234
ulkomaa	substantiivi	45147
tyytyväinen	adjektiivi	45119
mikäli	konjunktio	45113
haaste	substantiivi	45076
ampua	verbi	45015
punainen	adjektiivi, substantiivi	44926
ympäristö	substantiivi	44920
joulu	substantiivi	44882
piha	substantiivi	44840
törkeä	adjektiivi	44654
esiin	adverbi	44643
iltapäivä	substantiivi	44570
määrätä	verbi	44509
koronavirus	substantiivi	44433
kustannus	substantiivi	44402
järjestö	substantiivi	44284
seuraus	substantiivi	44210
vastustaa	verbi	44172
suosittu	adjektiivi	44140
perua	verbi	44100
pankki	substantiivi	44031
päällä	postpositio, adverbi	43923
rinne	substantiivi	43859
rahoitus	substantiivi	43813
puhelin	substantiivi	43606
käsittely	substantiivi	43526
lyödä	verbi	43488
runsas	adjektiivi	43416
turvapaikanhakija	substantiivi	43165
henkilökunta	substantiivi	43014
sivu	substantiivi, postpositio, prepositio, adverbi	43000
tietty	adjektiivi	42986
kärki	substantiivi	42905
kohdistua	verbi	42837
kotona	adverbi	42720
varsinkin	adverbi	42646
nykyään	adverbi	42637
välttämättä	adverbi	42580
heittää	verbi	42415
tunnettu	adjektiivi	42375
korona	substantiivi	42357
yksityinen	adjektiivi, substantiivi	42318
kunnanjohtaja	substantiivi	42282
kommentti	substantiivi	42189
terveys	substantiivi	42048
kulttuuri	substantiivi	42026
saari	substantiivi	42018
hyvinvointialue	substantiivi	41916
jakso	substantiivi	41881
omistaa	verbi	41841
auki	adverbi	41836
kilpailla	verbi	41787
osua	verbi	41714
kehittyä	verbi	41615
tuolloin	adverbi	41601
kotimainen	adjektiivi	41600
kehitys	substantiivi	41536
parhaillaan	adverbi	41408
kaveri	substantiivi	41382
ryhtyä	verbi	41319
paljastaa	verbi	41315
valtava	adjektiivi	41226
valmistautua	verbi	41213
kylä	substantiivi	41162
leijona	substantiivi	41133
raskas	adjektiivi	40998
yksittäinen	adjektiivi	40979
maajoukkue	substantiivi	40924
valo	substantiivi	40901
politiikka	substantiivi	40786
lento	substantiivi*, adverbi	40728
katsella	verbi	40692
nauttia	verbi	40692
harjoitella	verbi	40616
ikä	substantiivi	40597
palkka	substantiivi	40572
eilen	adverbi	40482
suomi	substantiivi	40462
sotilas	substantiivi	40387
varautua	verbi	40383
kotka	substantiivi	40377
markkinat	substantiivi	40301
keskellä	adverbi, postpositio	40293
uudistus	substantiivi	40291
tietysti	adverbi	40286
syyttäjä	substantiivi	40285
positiivinen	adjektiivi	40262
turnaus	substantiivi	40210
sijoittua	verbi	40197
syyte	substantiivi	40124
tutkinta	substantiivi	40089
kansalainen	substantiivi	40056
toki	adverbi	40026
armeija	substantiivi	40020
palko	substantiivi	39700
kokonaisuus	substantiivi	39644
merkki	substantiivi	39638
avu	substantiivi	39627
rata	substantiivi	39623
täysi	adjektiivi, substantiivi	39588
tiedottaa	verbi	39587
vastustaja	substantiivi	39545
seisoa	verbi	39479
pelastaa	verbi	39325
ilmoitus	substantiivi	39309
yksikkö	substantiivi	39283
kuljettaa	verbi	39265
kokeilla	verbi	39246
maalivahti	substantiivi	39218
yhdistys	substantiivi	39173
testata	verbi	39130
teatteri	substantiivi	39082
toimittaa	verbi	39070
henkilöstö	substantiivi	38994
ylittää	verbi	38970
opiskella	verbi	38901
hyökkäys	substantiivi	38838
kanna	substantiivi	38831
hyödyntää	verbi	38821
maailmancup	substantiivi	38756
varata	verbi	38700
juosta	verbi	38661
kokoontua	verbi	38619
museo	substantiivi	38612
tutustua	verbi	38588
netti	substantiivi	38587
kansa	substantiivi	38567
helposti	adverbi	38475
ministeri	substantiivi	38422
viides	numeraali	38412
harvinainen	adjektiivi	38404
seurakunta	substantiivi	38398
taloudellinen	adjektiivi	38338
virhe	substantiivi	38319
vaara	substantiivi*	38287
julkisuus	substantiivi	38180
lintu	substantiivi	38127
voittaja	substantiivi	38017
valkoinen	adjektiivi, substantiivi	37994
tunnistaa	verbi	37990
katsoja	substantiivi	37950
sää	substantiivi	37947
koota	verbi	37897
aikataulu	substantiivi	37874
kehottaa	verbi	37842
palkita	verbi	37786
helpottaa	verbi	37722
ehto	substantiivi	37681
säästö	substantiivi	37672
vähetä	verbi	37670
suosio	substantiivi	37663
torjua	verbi	37660
ase	substantiivi	37571
keskussairaala	substantiivi	37571
mielenosoitus	substantiivi	37520
palkinto	substantiivi	37360
varsinainen	adjektiivi	37346
aikaisemmin	adverbi	37267
keltainen	adjektiivi, substantiivi	37147
sieltä	adverbi	37107
hankala	adjektiivi	37063
matkustaja	substantiivi	36939
maaliskuu	substantiivi	36896
hallita	verbi	36878
ilma	substantiivi	36877
luokka	substantiivi*	36865
vanhus	substantiivi	36657
vaarallinen	adjektiivi	36613
säilyä	verbi	36611
pääosa	substantiivi	36446
ruotsalainen	adjektiivi, substantiivi	36387
sanoma	substantiivi	36372
opetus	substantiivi	36361
rajoitus	substantiivi	36355
irtisanoa	verbi	36275
lämmin	adjektiivi, substantiivi	36211
teksti	substantiivi	36198
olo	substantiivi	36173
rokote	substantiivi	36111
cup	substantiivi	36110
poistua	verbi	36093
kysyntä	substantiivi	36091
kertyä	verbi	36089
puolustaa	verbi	36079
tähti	substantiivi	36065
katto	substantiivi	36026
juhla	substantiivi	36021
yksin	adverbi	36015
palauttaa	verbi	36004
rajoittaa	verbi	35961
ennätys	substantiivi	35959
voimakas	adjektiivi	35917
vuosittain	adverbi	35905
muualla	adverbi	35819
käynnistyä	verbi	35764
taistelu	substantiivi	35737
jokeri	substantiivi	35729
sujua	verbi	35667
meri	substantiivi	35589
aikainen	adjektiivi	35553
runsaasti	adverbi	35502
kylmä	adjektiivi, substantiivi	35472
tunnelma	substantiivi	35410
sijoittaa	verbi	35368
lentää	verbi	35365
eteen	postpositio, adverbi	35358
vakuuttaa	verbi	35343
lakko	substantiivi	35316
noudattaa	verbi	35304
vaihdella	verbi	35268
tarjolla	adverbi	35267
musta	adjektiivi, substantiivi	35230
houkutella	verbi	35198
välttää	verbi	35197
hoitaja	substantiivi	35188
näkökulma	substantiivi	35162
matkustaa	verbi	35082
seinä	substantiivi	35008
vahinko	substantiivi	34962
tilaisuus	substantiivi	34881
syttyä	verbi	34827
reitti	substantiivi	34805
juna	substantiivi	34801
varsin	adverbi	34801
pöytä	substantiivi	34770
esimerkki	substantiivi	34760
vara	substantiivi	34726
ilves	substantiivi	34725
riittävä	adjektiivi	34659
jälki	substantiivi	34632
tekninen	adjektiivi	34628
varmaan	adverbi	34623
ohje	substantiivi	34602
laite	substantiivi	34586
mitata	verbi	34574
tahansa	adverbi	34478
hotelli	substantiivi	34476
tilasto	substantiivi	34466
yllätys	substantiivi	34438
vähä	adjektiivi, substantiivi	34418
sairastua	verbi	34409
hallinto	substantiivi	34346
kiekko	substantiivi	34329
kallis	adjektiivi	34274
näyttelijä	substantiivi	34231
taide	substantiivi	34230
hyökkääjä	substantiivi	34203
piiri	substantiivi	34194
leikkaus	substantiivi	34180
kirjasto	substantiivi	34169
suhteen	postpositio	34126
menestys	substantiivi	34125
kiinteistö	substantiivi	34105
pelkästään	adverbi	34087
liikaa	adverbi	34082
satama	substantiivi	34051
ote	substantiivi	34047
lääke	substantiivi	34016
sisältää	verbi	33962
lentokenttä	substantiivi	33941
mielenosoittaja	substantiivi	33862
säilyttää	verbi	33837
keikka	substantiivi	33816
työnantaja	substantiivi	33790
henkilöauto	substantiivi	33757
järjestelmä	substantiivi	33726
ehdottaa	verbi	33705
lähtö	substantiivi	33688
yhteistyö	substantiivi	33635
sisältö	substantiivi	33629
leikata	verbi	33628
väkivalta	substantiivi	33593
parlamentti	substantiivi	33512
valta	substantiivi	33500
havainto	substantiivi	33451
käräjäoikeus	substantiivi	33398
peljätä	verbi	33393
sade	substantiivi	33330
väärä	adjektiivi	33313
hyvinvointi	substantiivi	33249
ehdotus	substantiivi	33236
kärppä	substantiivi	33230
teema	substantiivi	33187
kotimaa	substantiivi	33181
rivi	substantiivi	33156
idea	substantiivi	33120
kävellä	verbi	33098
näkemys	substantiivi	32980
raportti	substantiivi	32970
kattaa	verbi	32967
läheltä	prepositio, postpositio, adverbi	32916
kiinnostua	verbi	32854
tuuli	substantiivi	32808
merkitä	verbi	32766
tontti	substantiivi	32726
peräti	adverbi	32676
tavoitella	verbi	32664
keskeinen	adjektiivi	32595
pelko	substantiivi	32595
testi	substantiivi	32580
selkeä	adjektiivi	32517
täältä	adverbi	32502
remontti	substantiivi	32462
kamera	substantiivi	32373
kiinnittää	verbi	32336
kiertää	verbi	32335
varma	adjektiivi	32308
mahdollisesti	adverbi	32301
vaikeus	substantiivi	32291
kääntyä	verbi	32256
huomattavasti	adverbi	32254
pärjätä	verbi	32215
keskeyttää	verbi	32203
valmistella	verbi	32189
virallinen	adjektiivi	32164
puoliväli	substantiivi	32029
työtön	adjektiivi, substantiivi	32005
lähinnä	prepositio, postpositio, adverbi	31962
erota	verbi	31959
ainoastaan	adverbi	31944
kohtaan	postpositio	31934
tauko	substantiivi	31919
investointi	substantiivi	31838
tyhjä	adjektiivi, substantiivi	31794
tilata	verbi	31779
toive	substantiivi	31757
mainita	verbi	31700
karhu	substantiivi	31691
päästä	postpositio	31578
tosin	adverbi	31528
melko	adverbi, adjektiivi	31498
edusta	substantiivi	31487
kannattaja	substantiivi	31474
palo	substantiivi	31466
harkita	verbi	31426
paine	substantiivi	31416
julkistaa	verbi	31107
valvoa	verbi	31099
mahdollistaa	verbi	31086
edistää	verbi	31079
ulkoministeri	substantiivi	31078
hyöty	substantiivi	31059
arvella	verbi	31043
muistella	verbi	31041
haastatella	verbi	30963
käyttäjä	substantiivi	30953
mielipide	substantiivi	30946
törmätä	verbi	30938
kansallinen	adjektiivi	30865
joko	adverbi, konjunktio	30836
valittaa	verbi	30823
laukaus	substantiivi	30799
etu	substantiivi	30784
suositella	verbi	30763
kiistää	verbi	30719
vastainen	adjektiivi, substantiivi	30706
selittää	verbi	30657
hallinto-oikeus	substantiivi	30656
järvi	substantiivi	30632
tarttua	verbi	30582
pakkanen	substantiivi	30576
suorittaa	verbi	30450
vaihtua	verbi	30448
turvallinen	adjektiivi	30443
vuorokausi	substantiivi	30420
kanava	substantiivi	30400
pelkkä	adjektiivi	30397
yhtään	adverbi	30328
jaksaa	verbi	30320
kirjata	verbi	30318
tappaa	verbi	30316
korvaus	substantiivi	30312
samanlainen	adjektiivi	30126
varoittaa	verbi	30115
väki	substantiivi	30064
läheinen	adjektiivi	30022
esille	adverbi	29965
johtava	adjektiivi	29953
puolustaja	substantiivi	29953
summa	substantiivi	29922
puola	substantiivi*	29907
luottaa	verbi	29891
laajentaa	verbi	29780
kannatus	substantiivi	29763
palaa	verbi	29746
pysäyttää	verbi	29738
fani	substantiivi	29725
todellinen	adjektiivi	29722
vankila	substantiivi	29662
huomauttaa	verbi	29657
käynnistää	verbi	29620
kriisi	substantiivi	29616
neuvotella	verbi	29602
pidättää	verbi	29599
ilmiö	substantiivi	29483
levy	substantiivi	29468
vaate	substantiivi	29462
sataa	verbi	29453
painaa	verbi	29448
silta	substantiivi	29423
vapauttaa	verbi	29398
sääntö	substantiivi	29394
viitata	verbi	29363
parka	substantiivi*	29344
painottaa	verbi	29317
teho	substantiivi	29248
tavara	substantiivi	29203
etelä	substantiivi	29164
tappara	substantiivi	29150
taiteilija	substantiivi	29145
yllättävä	adjektiivi	29111
kuluttaja	substantiivi	29082
tauti	substantiivi	29067
ihmetellä	verbi	29011
pudotuspeli	substantiivi	29003
tehokas	adjektiivi	28993
dollari	substantiivi	28917
artikkeli	substantiivi	28900
muoto	substantiivi	28895
numero	substantiivi	28894
olosuhteet	substantiivi	28878
suunnata	verbi	28845
puute	substantiivi	28835
välierä	substantiivi	28811
ohjaaja	substantiivi	28803
laulaa	verbi	28781
hevonen	substantiivi	28778
kala	substantiivi	28765
halli	substantiivi*	28750
pääkaupunki	substantiivi	28676
päin	adverbi, prepositio	28655
lausunto	substantiivi	28622
historiallinen	adjektiivi	28611
väittää	verbi	28591
vuoro	substantiivi	28588
ykkönen	substantiivi	28515
menestyä	verbi	28497
pinta	substantiivi	28493
terveydenhuolto	substantiivi	28427
homma	substantiivi	28374
yhteen	adverbi	28371
paitsi	prepositio, postpositio, adverbi	28353
vaatimus	substantiivi	28334
lämpötila	substantiivi	28284
alkuvuosi	substantiivi	28280
konsertti	substantiivi	28263
laatu	substantiivi	28213
turvata	verbi	28198
biisi	substantiivi	28126
hovioikeus	substantiivi	28116
huolissaan	adverbi	28107
erottaa	verbi	28040
edellyttää	verbi	28018
keskimäärin	adverbi	27993
vajaa	adjektiivi	27964
nimetä	verbi	27952
virka	substantiivi	27948
festivaali	substantiivi	27923
vene	substantiivi	27908
näyttely	substantiivi	27903
hiihtää	verbi	27841
kuuma	adjektiivi, substantiivi	27839
ammattikorkeakoulu	substantiivi	27831
ennustaa	verbi	27752
ennakoida	verbi	27745
ministeriö	substantiivi	27731
susi	substantiivi	27725
laiva	substantiivi	27701
työllistää	verbi	27659
turha	adjektiivi, substantiivi	27630
puolustusvoimat	substantiivi	27624
henkilökohtainen	adjektiivi	27613
kannustaa	verbi	27576
muodostaa	verbi	27527
lakkauttaa	verbi*	27516
poliitikko	substantiivi	27479
rauha	substantiivi	27476
bussi	substantiivi	27455
city	substantiivi	27454
pääkaupunkiseutu	substantiivi	27426
kääntää	verbi	27420
päivittää	verbi	27389
pakko	substantiivi	27371
mitali	substantiivi	27344
artisti	substantiivi	27314
avautua	verbi	27251
paeta	verbi	27220
kuollut	substantiivi, adjektiivi	27210
luovuttaa	verbi	27127
joensuu	substantiivi	27065
kilo	substantiivi*	27031
hakija	substantiivi	27002
yltää	verbi	26994
aluksi	adverbi	26948
vapaaehtoinen	adjektiivi, substantiivi	26935
saksalainen	adjektiivi, substantiivi	26925
tänne	adverbi	26876
vamma	substantiivi	26865
arvostaa	verbi	26861
lukko	substantiivi	26829
toimija	substantiivi	26798
vähentyä	verbi	26782
valitus	substantiivi	26753
sairaus	substantiivi	26737
äänestys	substantiivi	26711
viimeksi	adverbi	26682
leiri	substantiivi	26675
rakenne	substantiivi	26640
paluu	substantiivi	26627
jatkuvasti	adverbi	26626
hypätä	verbi	26611
kapteeni	substantiivi	26583
nuora	substantiivi	26551
tori	substantiivi	26475
uusia	verbi	26467
mahtua	verbi	26442
opettaa	verbi	26425
eläke	substantiivi	26392
vahvasti	adverbi	26377
alus	substantiivi	26372
kirjailija	substantiivi	26361
tarpeeksi	adverbi	26351
päästää	verbi	26346
yhtye	substantiivi	26344
puisto	substantiivi	26291
oire	substantiivi	26286
murha	substantiivi	26267
ikkuna	substantiivi	26230
ansio	substantiivi	26223
altistua	verbi	26178
taito	substantiivi	26174
hurja	adjektiivi	26132
palkata	verbi	26127
televisio	substantiivi	26060
bändi	substantiivi	25997
osuma	substantiivi	25992
kauan	adverbi	25972
materiaali	substantiivi	25970
palaute	substantiivi	25950
kai	adverbi	25913
verkkosivu	substantiivi	25908
sallia	verbi	25899
siten	adverbi	25897
valtaosa	substantiivi	25886
pelto	substantiivi	25863
normaalisti	adverbi	25839
yhteisö	substantiivi	25811
ammattilainen	substantiivi	25801
kohtalo	substantiivi	25795
melkein	adverbi	25774
huippu	substantiivi	25756
suunnittelu	substantiivi	25756
huolehtia	verbi	25740
sopiva	adjektiivi	25654
rehtori	substantiivi	25626
kaupunginvaltuusto	substantiivi	25615
vanhempi	adjektiivi, substantiivi	25595
paikkakunta	substantiivi	25531
alkoholi	substantiivi	25522
nykyisin	adverbi	25479
odotus	substantiivi	25464
esillä	adverbi	25399
tottua	verbi	25398
suojella	verbi	25376
budjetti	substantiivi	25369
uskaltaa	verbi	25329
täynnä	adverbi	25268
valvonta	substantiivi	25266
laatia	verbi	25249
ilmestyä	verbi	25242
harva	pronomini, adjektiivi	25201
tulipalo	substantiivi	25171
luulla	verbi	25165
oppositio	substantiivi	25154
uudistaa	verbi	25141
koululainen	substantiivi	25124
kauppakeskus	substantiivi	25118
vika	substantiivi	25112
luottamus	substantiivi	25110
riippua	verbi	25106
sydän	substantiivi	25101
karanteeni	substantiivi	25093
pääsy	substantiivi	25063
kaltainen	adjektiivi	25059
välittää	verbi	25011
tuhota	verbi	25007
kunnanhallitus	substantiivi	24987
eräs	pronomini	24925
säästää	verbi	24918
kerrostalo	substantiivi	24908
mukava	adjektiivi, substantiivi	24894
merkittävästi	adverbi	24881
työryhmä	substantiivi	24879
suu	substantiivi	24864
vangita	verbi	24778
matala	adjektiivi, substantiivi	24722
suoritus	substantiivi	24704
amerikkalainen	adjektiivi, substantiivi	24606
tavoittaa	verbi	24603
projekti	substantiivi	24558
puhdas	adjektiivi, substantiivi	24526
tytär	substantiivi	24514
mielenkiintoinen	adjektiivi	24500
ilmainen	adjektiivi	24452
napata	verbi	24444
aine	substantiivi	24437
erikoinen	adjektiivi	24429
kivi	substantiivi	24420
kasvot	substantiivi	24407
tiedotustilaisuus	substantiivi	24392
kyyti	substantiivi	24374
rangaistus	substantiivi	24364
paperi	substantiivi	24316
toimenpide	substantiivi	24314
karsinta	substantiivi	24274
kampanja	substantiivi	24269
tapaaminen	substantiivi	24262
vastaanottokeskus	substantiivi	24190
maksu	substantiivi	24153
saaminen	substantiivi	24117
lähestyä	verbi	24101
huomioida	verbi	24084
pysyvä	adjektiivi	24065
haastaa	verbi	24041
vauva	substantiivi	24000
hakemus	substantiivi	23994
kiinnostus	substantiivi	23981
kouluttaa	verbi	23963
ladata	verbi*	23963
muisto	substantiivi	23926
tahti	substantiivi	23926
vaimo	substantiivi	23871
lukema	substantiivi	23853
aluehallintovirasto	substantiivi	23850
mukaisesti	adverbi	23823
osaaminen	substantiivi	23813
milloin	adverbi	23779
lopullinen	adjektiivi	23771
laulu	substantiivi	23701
osapuoli	substantiivi	23695
muodostua	verbi	23664
keskus	substantiivi	23594
mahdoton	adjektiivi, substantiivi	23559
kuudes	numeraali	23551
säkä	substantiivi*	23542
lopputulos	substantiivi	23538
ilo	substantiivi	23527
aiheutua	verbi	23519
sentti	substantiivi	23510
dokumentti	substantiivi	23482
eurooppalainen	adjektiivi, substantiivi	23482
unioni	substantiivi	23482
tuhoutua	verbi	23479
kaivos	substantiivi	23458
koko	substantiivi	23434
taakse	postpositio, adverbi	23433
tietokone	substantiivi	23394
kyltti	substantiivi	23268
liki	adverbi, prepositio, postpositio	23239
selkä	substantiivi	23190
rauhallinen	adjektiivi	23148
raju	adjektiivi	23120
paikko	substantiivi	23109
arvokas	adjektiivi	23082
oikeasti	adverbi	23066
halpa	adjektiivi	23063
sanottu	adjektiivi	23043
paljastua	verbi	23041
tietenkin	adverbi	23034
hallinta	substantiivi	23033
ulkomaalainen	substantiivi, adjektiivi	23033
olympialainen	adjektiivi	23008
herätä	verbi	22987
suositus	substantiivi	22950
aktiivinen	adjektiivi	22944
haitata	verbi	22934
ulkopuolinen	adjektiivi, substantiivi	22925
porukka	substantiivi	22891
kyseinen	adjektiivi	22833
astua	verbi	22830
pysähtyä	verbi	22830
määritellä	verbi	22796
vilkas	adjektiivi	22778
pitkin	postpositio, prepositio, adverbi	22754
virkamies	substantiivi	22742
vero	substantiivi	22739
nukkua	verbi	22737
laina	substantiivi	22722
kakkonen	substantiivi	22642
tarkastaa	verbi	22593
into	substantiivi	22587
yhdysvaltalainen	adjektiivi, substantiivi	22585
arvostella	verbi	22565
toiminnanjohtaja	substantiivi	22563
päällikkö	substantiivi	22561
parissa	postpositio	22539
mukainen	adjektiivi	22499
vedota	verbi	22474
logo	substantiivi	22436
liikunta	substantiivi	22411
näyttö	substantiivi	22366
tuomari	substantiivi	22357
omakotitalo	substantiivi	22349
upea	adjektiivi	22347
huomenna	adverbi	22344
siirto	substantiivi	22334
ympärillä	postpositio, adverbi	22325
tuottaja	substantiivi	22312
vähäinen	adjektiivi	22275
ajoneuvo	substantiivi	22269
etukäteen	adverbi	22218
tarkistaa	verbi	22184
ranskalainen	adjektiivi, substantiivi	22182
onneksi	adverbi	22176
panna	verbi	22175
hauska	adjektiivi, substantiivi	22142
valtakunnallinen	adjektiivi	22137
sijoitus	substantiivi	22132
mittainen	adjektiivi	22131
lukuinen	adjektiivi	22123
maisema	substantiivi	22117
nimenomaan	adverbi	22096
myrsky	substantiivi	22087
pyöriä	verbi	22081
lain	adverbi	22027
vakavasti	adverbi	22017
tekniikka	substantiivi	22007
alkuperäinen	adjektiivi	21984
komissio	substantiivi	21953
pukeutua	verbi	21952
länsi	substantiivi	21942
kaunis	adjektiivi	21937
liikkeelle	adverbi	21926
harrastus	substantiivi	21911
menehtyä	verbi	21885
tasainen	adjektiivi	21864
takaa	postpositio, adverbi	21832
vankeus	substantiivi	21832
puolustus	substantiivi	21826
vasen	adjektiivi	21758
kiva	adjektiivi	21748
rakkaus	substantiivi	21747
kehua	verbi	21731
ilmi	adverbi, adjektiivi	21712
matkailu	substantiivi	21710
valmistelu	substantiivi	21708
ulkomainen	adjektiivi	21700
kokoonpano	substantiivi	21694
laulaja	substantiivi	21690
unelma	substantiivi	21678
valmentaa	verbi	21677
väite	substantiivi	21672
allekirjoittaa	verbi	21619
rokottaa	verbi	21607
vierailu	substantiivi	21579
harrastaa	verbi	21561
naapuri	substantiivi	21541
riittävästi	adverbi	21534
vieressä	postpositio, adverbi	21508
rokotus	substantiivi	21506
toisin	adverbi	21492
palvella	verbi	21483
hymyillä	verbi	21448
tyytyä	verbi	21445
pettyä	verbi	21431
päivittäin	adverbi	21381
ammatti	substantiivi	21321
lahti	substantiivi*	21271
taivas	substantiivi	21251
järjestäjä	substantiivi	21244
laita	substantiivi	21243
kunnes	konjunktio	21235
hyökätä	verbi	21207
kirje	substantiivi	21203
ilmetä	verbi	21202
nauraa	verbi	21190
halu	substantiivi	21120
jännittää	verbi	21106
kunnia	substantiivi	21105
kartta	substantiivi	21099
kurssi	substantiivi	21057
ässä	substantiivi*	21001
nettisivu	substantiivi	20991
hahmo	substantiivi	20961
sammuttaa	verbi	20956
iloinen	adjektiivi	20948
todennäköinen	adjektiivi	20931
talli	substantiivi	20921
tuskin	adverbi	20895
paikoin	adverbi	20883
tarkastella	verbi	20875
sitoutua	verbi	20871
kiitos	substantiivi	20843
vähintään	adverbi	20811
uimahalli	substantiivi	20801
näkymä	substantiivi	20796
tuli	substantiivi	20790
hylätä	verbi	20746
pyörä	substantiivi	20717
väri	substantiivi	20712
näyte	substantiivi	20689
kiire	substantiivi*	20643
osittain	adverbi	20641
pelätä	verbi	20632
sisäinen	adjektiivi	20601
samoin	adverbi	20584
paita	substantiivi	20562
keksiä	verbi	20540
sari	substantiivi	20520
poliisilaitos	substantiivi	20492
runkosarja	substantiivi	20484
seksuaalinen	adjektiivi	20445
vinkki	substantiivi	20438
unohtaa	verbi	20405
ylimääräinen	adjektiivi	20400
varrella	postpositio	20333
osasto	substantiivi	20297
kela	substantiivi	20254
toivottavasti	adverbi	20221
päässä	postpositio	20220
velka	substantiivi	20220
kritiikki	substantiivi	20214
sininen	adjektiivi	20212
levittää	verbi	20173
in	adverbi	20160
vastaaja	substantiivi	20146
ikävä	adjektiivi, substantiivi	20144
terveyskeskus	substantiivi	20131
laukoa	verbi	20122
taho	substantiivi	20122
haastava	adjektiivi	20110
suostua	verbi	20096
oikeastaan	adverbi	20080
vuotaa	verbi	20061
liikevaihto	substantiivi	20058
pettymys	substantiivi	20038
kamppailu	substantiivi	20036
kiinalainen	adjektiivi, substantiivi	20019
romahtaa	verbi	20005
polttoaine	substantiivi	19989
päättäjä	substantiivi	19920
sähköposti	substantiivi	19880
korjaus	substantiivi	19832
lautakunta	substantiivi	19829
pakottaa	verbi	19797
hiljainen	adjektiivi, substantiivi	19788
polttaa	verbi	19749
väestö	substantiivi	19722
käsitys	substantiivi	19671
linna	substantiivi	19671
täyttyä	verbi	19670
kissa	substantiivi	19666
kiista	substantiivi	19618
varapuheenjohtaja	substantiivi	19617
taata	verbi	19614
äärimmäinen	adjektiivi	19570
teollisuus	substantiivi	19560
lentokone	substantiivi	19550
virus	substantiivi	19549
kulku	substantiivi	19548
kestävä	adjektiivi	19539
rahoittaa	verbi	19524
mäki	substantiivi	19520
tuntematon	adjektiivi, substantiivi	19512
sauna	substantiivi	19490
venyä	verbi	19490
pakolainen	substantiivi	19470
osavaltio	substantiivi	19464
putki	substantiivi	19460
vanki	substantiivi	19449
usko	substantiivi	19444
olympialaiset	substantiivi	19436
noin	adverbi	19409
vallata	verbi	19399
kyetä	verbi	19394
yllä	postpositio, adverbi	19344
tullata	verbi	19300
sukupolvi	substantiivi	19297
puoliso	substantiivi	19277
hakeutua	verbi	19275
pistää	verbi	19242
uhka	substantiivi	19223
avustus	substantiivi	19200
ajautua	verbi	19190
irti	adverbi	19180
karsi	substantiivi	19170
mäkäräinen	substantiivi	19169
valtuutettu	adjektiivi, substantiivi	19163
hehtaari	substantiivi	19150
öljy	substantiivi	19148
kasvi	substantiivi	19145
asettua	verbi	19136
esitutkinta	substantiivi	19134
varkaus	substantiivi	19128
tarkemmin	adverbi	19112
panostaa	verbi	19104
terve	adjektiivi, substantiivi	19096
enempi	adjektiivi, adverbi	19075
muokata	verbi	19069
rekka	substantiivi*	19054
keskittää	verbi	19047
vastaanotto	substantiivi	19037
autoilija	substantiivi	19028
suojata	verbi	19017
vuokrata	verbi	19013
perin	adverbi*, adjektiivi	18948
edellä	adverbi, postpositio, prepositio	18906
maski	substantiivi	18902
periaate	substantiivi	18891
reagoida	verbi	18877
korotus	substantiivi	18824
loma	substantiivi	18798
kaupungintalo	substantiivi	18786
alas	adverbi	18781
ilmeisesti	adverbi	18768
kokeilu	substantiivi	18754
huume	substantiivi	18740
innostua	verbi	18729
julistaa	verbi	18698
pitkälle	adverbi	18694
ukrainalainen	adjektiivi, substantiivi	18686
enemmistö	substantiivi	18672
huone	substantiivi	18651
muusikko	substantiivi	18644
hankinta	substantiivi	18637
jono	substantiivi	18636
yhteiskunta	substantiivi	18620
kiusata	verbi	18581
kaavailla	verbi	18567
harjoittelu	substantiivi	18565
työelämä	substantiivi	18548
prosessi	substantiivi	18537
kännykkä	substantiivi	18527
katkaista	verbi	18480
kevyt	adjektiivi	18474
alta	postpositio, prepositio, adverbi	18473
asenne	substantiivi	18457
laiton	adjektiivi	18445
hiihto	substantiivi	18443
fyysinen	adjektiivi	18441
puolivälierä	substantiivi	18432
pula	substantiivi	18418
uida	verbi	18415
sytyttää	verbi	18402
pyörittää	verbi	18346
kävijä	substantiivi	18342
huolestua	verbi	18340
näytelmä	substantiivi	18340
lentoasema	substantiivi	18337
syyllistyä	verbi	18301
terveysasema	substantiivi	18244
ralli	substantiivi*	18231
päästö	substantiivi	18221
tehostaa	verbi	18199
toipua	verbi	18180
päivystys	substantiivi	18179
suosia	verbi	18176
turisti	substantiivi	18170
uutisoida	verbi	18167
jäljellä	adverbi	18148
maasto	substantiivi	18123
mökki	substantiivi	18089
läheisyys	substantiivi	18061
syvä	adjektiivi, substantiivi	18055
viimeistään	adverbi	18049
entisestään	adverbi	18037
koto	substantiivi*	18036
voimakkaasti	adverbi	18029
sovellus	substantiivi	18023
tunnustaa	verbi	18017
paketti	substantiivi	18006
tuho	substantiivi	17985
uudestaan	adverbi	17970
iloita	verbi	17967
tykätä	verbi	17959
mitta	substantiivi	17943
perässä	adverbi, postpositio	17939
toimisto	substantiivi	17935
kaikkein	adverbi	17925
vuodenvaihde	substantiivi	17896
alueellinen	adjektiivi	17893
täydellinen	adjektiivi	17870
linjaus	substantiivi	17866
torjunta	substantiivi	17827
blues	substantiivi	17818
katsomo	substantiivi	17764
oikeudenkäynti	substantiivi	17756
pahoinpitely	substantiivi	17718
sähköinen	adjektiivi	17709
parata	verbi*	17707
työttömyys	substantiivi	17706
rengas	substantiivi	17701
sakko	substantiivi	17701
kritisoida	verbi	17684
äänestäjä	substantiivi	17653
rakastaa	verbi	17635
perinne	substantiivi	17622
tili	substantiivi	17620
juoksu	substantiivi	17613
maailmanmestari	substantiivi	17583
aleta	verbi	17575
ohittaa	verbi	17570
osoite	substantiivi	17559
epäonnistua	verbi	17558
pitkäaikainen	adjektiivi	17553
huuhkaja	substantiivi	17531
rajata	verbi	17525
ihme	substantiivi, adjektiivi	17517
haitta	substantiivi	17503
tasavalta	substantiivi	17482
pariskunta	substantiivi	17479
karata	verbi	17468
konkurssi	substantiivi	17464
ansaita	verbi	17429
ylläpitää	verbi	17414
taipua	verbi	17403
kolari	substantiivi	17387
aamupäivä	substantiivi	17341
terveyspalvelu	substantiivi	17341
opinnot	substantiivi	17300
kumpikin	pronomini	17295
ratketa	verbi	17295
kaksikko	substantiivi	17279
tyyli	substantiivi	17253
sairaanhoitaja	substantiivi	17248
aloite	substantiivi	17229
ennuste	substantiivi	17222
kuulostaa	verbi	17191
yhdistyä	verbi	17173
valtatie	substantiivi	17169
aurinko	substantiivi	17168
asentaa	verbi	17147
yleistyä	verbi	17105
tarjous	substantiivi	17098
ilmoittautua	verbi	17082
totta	adverbi	17063
hälytys	substantiivi	17022
koe	substantiivi	17021
hyljätä	verbi	16999
hidas	adjektiivi	16992
pääasia	substantiivi	16984
stadion	substantiivi	16981
kunnioittaa	verbi	16977
ratkaiseva	adjektiivi	16962
poiketa	verbi	16958
elävä	adjektiivi, substantiivi	16943
kiinnostava	adjektiivi	16922
linjata	verbi	16922
maahanmuuttaja	substantiivi	16919
jäte	substantiivi	16907
eduskuntavaalit	substantiivi	16901
minkälainen	adjektiivi	16901
norjalainen	adjektiivi, substantiivi	16895
suoja	substantiivi*, adjektiivi	16891
vuokra	substantiivi	16869
parhaiten	adverbi	16867
seitsemäs	numeraali	16856
kasa	substantiivi	16855
viihtyä	verbi	16851
pimeä	adjektiivi, substantiivi	16850
ulkoministeriö	substantiivi	16835
kynnys	substantiivi	16828
matkailija	substantiivi	16815
säätiö	substantiivi	16812
tulva	substantiivi	16811
valokuva	substantiivi	16774
heikentää	verbi	16770
viimeistellä	verbi	16735
henkinen	adjektiivi	16734
vihdoin	adverbi	16727
syöttö	substantiivi	16717
kolmannes	substantiivi	16716
organisaatio	substantiivi	16713
juhannus	substantiivi	16651
kuvaus	substantiivi	16647
maailmanmestaruus	substantiivi	16644
englanti	substantiivi	16599
puoliaika	substantiivi	16592
jatkuva	adjektiivi	16591
ohella	postpositio	16586
valtiovarainministeri	substantiivi	16574
kunnostaa	verbi	16570
kyky	substantiivi	16544
vienti	substantiivi	16533
albumi	substantiivi	16505
kieltäytyä	verbi	16489
studio	substantiivi	16486
monenlainen	adjektiivi	16479
vetäytyä	verbi	16469
ylivoima	substantiivi	16468
kunnolla	adverbi	16415
kisata	verbi	16399
kotijoukkue	substantiivi	16393
vaja	substantiivi	16378
soida	verbi	16356
kilpailija	substantiivi	16354
vaikeuttaa	verbi	16340
kiittää	verbi	16321
lähelle	prepositio, postpositio, adverbi	16321
neljännes	substantiivi	16302
varastaa	verbi	16302
lomautus	substantiivi	16295
sukupuoli	substantiivi	16283
pakote	substantiivi	16281
ostaja	substantiivi	16266
orpo	substantiivi, adjektiivi	16254
osakilpailu	substantiivi	16249
todistaa	verbi	16240
pukki	substantiivi*	16223
yksilö	substantiivi	16222
urakka	substantiivi	16220
liha	substantiivi	16209
välittömästi	adverbi	16180
todellisuus	substantiivi	16178
naurahtaa	verbi	16175
suosikki	substantiivi	16162
rannikko	substantiivi	16152
selkeästi	adverbi	16150
pudottaa	verbi	16126
EU-maa	substantiivi	16100
loukata	verbi	16092
savu	substantiivi	16016
uskomaton	adjektiivi	16015
tulkita	verbi	16012
maalata	verbi*	16011
kahdesti	adverbi	15995
sopu	substantiivi	15983
keho	substantiivi	15975
yksinkertainen	adjektiivi	15967
tulli	substantiivi	15941
omaisuus	substantiivi	15919
tee	substantiivi	15905
analyysi	substantiivi	15877
jonkinlainen	adjektiivi	15876
tarkasti	adverbi	15872
takainen	adjektiivi	15843
varoitus	substantiivi	15827
työvoima	substantiivi	15813
myönteinen	adjektiivi	15803
tonni	substantiivi	15802
kohota	verbi	15762
hiihtäjä	substantiivi	15734
kelvata	verbi	15731
huonosti	adverbi	15730
parhaimmillaan	adverbi	15730
lasta	substantiivi	15722
kiristää	verbi	15705
täydentää	verbi	15686
otsikko	substantiivi	15683
näytellä	verbi	15662
monipuolinen	adjektiivi	15624
kysellä	verbi	15603
jäähalli	substantiivi	15602
kokoinen	adjektiivi	15592
kuvitella	verbi	15579
lailla	adverbi	15578
osake	substantiivi	15573
juoda	verbi	15555
lämpö	substantiivi	15504
erillinen	adjektiivi	15501
jatkoaika	substantiivi	15501
kuiva	adjektiivi, substantiivi	15486
neuvoa	verbi	15485
listata	verbi	15481
otella	verbi	15474
raportoida	verbi	15454
kaupunkilainen	substantiivi, adjektiivi	15447
vaihde	substantiivi	15433
vapaa-aika	substantiivi	15432
outo	adjektiivi, substantiivi	15398
omainen	substantiivi	15390
korva	substantiivi	15384
tällöin	adverbi	15381
tuntuma	substantiivi	15380
parantua	verbi	15370
ketju	substantiivi	15352
piirre	substantiivi	15341
sairaalahoito	substantiivi	15322
katketa	verbi	15320
opiskelu	substantiivi	15317
harvoin	adverbi	15307
eduskuntaryhmä	substantiivi	15300
teknologia	substantiivi	15300
terävä	adjektiivi, substantiivi	15298
valiokunta	substantiivi	15293
kohden	postpositio, adverbi	15288
kukistaa	verbi	15288
vahvuus	substantiivi	15272
kokenut	adjektiivi	15261
maaseutu	substantiivi	15261
sanomalehti	substantiivi	15259
operaatio	substantiivi	15258
latu	substantiivi	15253
posti	substantiivi*	15240
fiilis	substantiivi	15218
lapa	substantiivi	15213
säätää	verbi	15208
karsia	verbi	15202
saamelainen	substantiivi, adjektiivi	15202
toivo	substantiivi	15202
selviytyä	verbi	15196
häiritä	verbi	15191
nopeus	substantiivi	15182
loppuvuosi	substantiivi	15177
lähtökohta	substantiivi	15148
ulkona	adverbi	15129
häiriö	substantiivi	15118
veto	substantiivi*	15113
maine	substantiivi	15108
myyjä	substantiivi	15102
kiertue	substantiivi	15098
erinomainen	adjektiivi	15078
sali	substantiivi	15076
sato	substantiivi	15043
vaarantaa	verbi	15043
kumppani	substantiivi	15040
väliaikainen	adjektiivi	15038
väärin	adverbi	14983
korottaa	verbi	14976
varmistua	verbi	14966
haku	substantiivi	14954
maata	verbi	14949
kaivaa	verbi	14945
tuulettaa	verbi	14945
päivystää	verbi	14943
toimitus	substantiivi	14933
korko	substantiivi	14926
koostua	verbi	14925
työmaa	substantiivi	14925
ohjaus	substantiivi	14914
tanssia	verbi	14884
järkevä	adjektiivi	14868
summata	verbi	14847
järjestely	substantiivi	14822
vaalipiiri	substantiivi	14801
mittava	adjektiivi	14800
etsintä	substantiivi	14787
kapinallinen	adjektiivi, substantiivi	14758
keskuudessa	postpositio	14751
kulta	substantiivi	14749
silla	substantiivi	14714
liittää	verbi	14705
tähdätä	verbi	14704
valtioneuvosto	substantiivi	14683
hallitseva	adjektiivi	14682
päätöksenteko	substantiivi	14673
kukin	pronomini	14659
komea	adjektiivi	14656
välttyä	verbi	14653
lapsuus	substantiivi	14642
ruutu	substantiivi	14639
välissä	postpositio, adverbi	14637
odotella	verbi	14635
kuningas	substantiivi	14632
kukka	substantiivi	14615
ollenkaan	adverbi	14609
maku	substantiivi	14607
sitoa	verbi	14606
synnyttää	verbi	14602
räjähdys	substantiivi	14598
osoittautua	verbi	14561
herkkä	adjektiivi	14552
pääte	substantiivi	14543
opetella	verbi	14526
loistava	adjektiivi	14514
itä	substantiivi	14489
lohi	substantiivi	14485
potku	substantiivi*	14485
polvi	substantiivi	14476
sijainti	substantiivi	14472
onni	substantiivi	14469
huikea	adjektiivi	14458
orkesteri	substantiivi	14424
tiivistää	verbi	14421
tilaus	substantiivi	14420
varasto	substantiivi	14412
yllättyä	verbi	14404
kaupunginteatteri	substantiivi	14400
osallistuja	substantiivi	14396
pahasti	adverbi	14390
vire	substantiivi	14389
kaava	substantiivi	14377
kriittinen	adjektiivi	14376
puhuttaa	verbi	14370
korkeus	substantiivi	14362
tiivis	adjektiivi	14355
hirvi	substantiivi	14349
no	interjektio	14329
onnellinen	adjektiivi	14329
ylilääkäri	substantiivi	14308
turva	substantiivi	14265
tyypillinen	adjektiivi	14257
grafiikka	substantiivi	14255
ulottua	verbi	14240
heikentyä	verbi	14238
perätä	verbi	14228
kaukana	adverbi	14197
risteys	substantiivi	14190
versio	substantiivi	14185
epidemia	substantiivi	14182
jälkeinen	adjektiivi, substantiivi	14182
vapaus	substantiivi	14168
isäntä	substantiivi	14167
lievä	adjektiivi	14152
lämmetä	verbi	14135
lähivuosi	substantiivi	14133
kuljetus	substantiivi	14131
laituri	substantiivi*	14101
epäselvä	adjektiivi	14072
tarkastus	substantiivi	14046
messi	substantiivi	14027
kohu	substantiivi	14018
tarkkaan	adverbi	13993
ruuhka	substantiivi	13973
peruskoulu	substantiivi	13964
edellytys	substantiivi	13962
tappo	substantiivi	13954
pikku	adjektiivi, adverbi	13938
olympiakomitea	substantiivi	13931
negatiivinen	adjektiivi	13915
ensi-ilta	substantiivi	13898
vapautua	verbi	13874
nurmi	substantiivi	13865
katse	substantiivi	13852
heiketä	verbi	13830
presidentinvaali	substantiivi	13814
ennakko	substantiivi	13805
linkki	substantiivi	13776
huutaa	verbi	13759
demokratia	substantiivi	13749
kuusi	substantiivi	13747
säveltäjä	substantiivi	13745
aueta	verbi	13736
aita	substantiivi	13727
uudenlainen	adjektiivi	13725
synkkä	adjektiivi	13717
este	substantiivi	13715
palvelus	substantiivi	13714
ainutlaatuinen	adjektiivi	13710
sairastaa	verbi	13695
kulutus	substantiivi	13685
treenata	verbi	13673
liiketoiminta	substantiivi	13672
aivot	substantiivi	13647
haltuun	postpositio	13639
laajeta	verbi	13633
kamppailla	verbi	13617
uimaranta	substantiivi	13604
esine	substantiivi	13603
kahvi	substantiivi	13601
enintään	adverbi	13597
lava	substantiivi	13593
koivu	substantiivi	13581
myöhään	adverbi	13577
ikäihminen	substantiivi	13555
mahtava	adjektiivi, substantiivi	13551
nimittää	verbi	13537
huomattava	adjektiivi	13514
edestä	adverbi, postpositio	13509
edeltää	verbi	13492
lukija	substantiivi	13477
sankari	substantiivi	13474
lattia	substantiivi	13435
alaikäinen	adjektiivi, substantiivi	13429
linja-auto	substantiivi	13424
yleisesti	adverbi	13423
askel	substantiivi	13411
kylki	substantiivi	13399
kahvila	substantiivi	13398
ehdottomasti	adverbi	13387
kovasti	adverbi	13362
loppuottelu	substantiivi	13359
edullinen	adjektiivi	13353
purra	verbi	13352
poikki	adverbi, postpositio, prepositio	13349
hidastaa	verbi	13345
puhdistaa	verbi	13335
kiitellä	verbi	13318
kotihoito	substantiivi	13304
puhelu	substantiivi	13295
hyötyä	verbi	13287
ylös	adverbi	13286
eteläinen	adjektiivi, substantiivi	13282
jonne	adverbi, substantiivi	13278
epävarmuus	substantiivi	13274
varmuus	substantiivi	13273
ominaisuus	substantiivi	13270
keittiö	substantiivi	13267
syöttää	verbi	13265
perään	adverbi, postpositio	13264
surmata	verbi	13257
taloyhtiö	substantiivi	13224
juuri	substantiivi	13214
markkinointi	substantiivi	13203
harmittaa	verbi	13202
aito	adjektiivi	13195
isi	substantiivi	13195
avaus	substantiivi	13193
veli	substantiivi	13173
haave	substantiivi	13151
lähikuva	substantiivi	13144
uni	substantiivi	13137
köyhä	adjektiivi, substantiivi	13125
väliin	adverbi, postpositio	13095
voimala	substantiivi	13084
kumota	verbi	13078
kerros	substantiivi	13060
jäsenmaa	substantiivi	13051
kirjo	substantiivi	13045
voittomaali	substantiivi	13044
alhainen	adjektiivi, substantiivi	13043
myymälä	substantiivi	13029
tarkkailla	verbi	13022
ehkäistä	verbi	13017
pronssi	substantiivi	13000
olennainen	adjektiivi, substantiivi	12994
risti	substantiivi	12990
vastaanottaa	verbi	12983
kansi	substantiivi	12975
käytävä	substantiivi	12972
periä	verbi	12966
tahtoa	verbi	12959
kiihtyä	verbi	12957
palautua	verbi	12947
valua	verbi	12947
tiimi	substantiivi	12944
peittää	verbi	12941
lahjoittaa	verbi	12934
hopea	substantiivi	12933
harmaa	adjektiivi, substantiivi	12911
ympärille	postpositio, adverbi	12900
huolestuttaa	verbi	12882
puolustusministeri	substantiivi	12866
kuntalainen	substantiivi	12862
pääjohtaja	substantiivi	12860
tulkinta	substantiivi	12860
ihana	adjektiivi	12858
asianajaja	substantiivi	12843
nimittäin	adverbi	12840
alentaa	verbi	12837
keskenään	adverbi	12836
tajuta	verbi	12836
juontaja	substantiivi	12830
rankka	adjektiivi	12829
erikseen	adverbi	12827
sijoittaja	substantiivi	12801
yhteydenotto	substantiivi	12801
käytös	substantiivi	12799
apteekki	substantiivi	12795
pääsihteeri	substantiivi	12792
keskimääräinen	adjektiivi	12791
muualle	adverbi	12784
peräkkäinen	adjektiivi	12775
kohtuullinen	adjektiivi	12774
hallussa	postpositio	12758
hirveä	adjektiivi, substantiivi	12730
totuus	substantiivi	12729
myöhä	adjektiivi, substantiivi	12717
lupaus	substantiivi	12711
tasoittaa	verbi	12703
omistus	substantiivi	12702
poissa	adverbi	12695
pitkälti	adverbi	12688
taidemuseo	substantiivi	12683
huima	adjektiivi	12657
pandemia	substantiivi	12649
muutto	substantiivi	12642
tavanomainen	adjektiivi	12612
teettää	verbi	12600
paino	substantiivi	12598
taitaa	verbi	12594
vesistö	substantiivi	12588
väylä	substantiivi	12586
ry	substantiivi	12585
veri	substantiivi	12565
lohko	substantiivi	12562
pinna	substantiivi*	12559
ehdoton	adjektiivi	12535
iäkäs	adjektiivi	12531
lapsiperhe	substantiivi	12527
digitaalinen	adjektiivi	12525
hyppy	substantiivi	12516
arvoinen	adjektiivi	12514
asetus	substantiivi	12484
kirkas	adjektiivi, substantiivi	12481
ennallaan	adverbi	12475
keli	substantiivi	12473
telakka	substantiivi	12469
sä	pronomini	12465
oppi	substantiivi	12456
varhain	adverbi	12455
verotus	substantiivi	12450
lahja	substantiivi	12445
ydinvoimala	substantiivi	12427
haavoittua	verbi	12420
lainsäädäntö	substantiivi	12411
kaukalo	substantiivi	12391
ikinä	adverbi	12390
verkosto	substantiivi	12381
häirintä	substantiivi	12353
kartoittaa	verbi	12346
surma	substantiivi	12343
jakautua	verbi	12328
ilmatiede	substantiivi	12320
patsas	substantiivi	12307
kunnanvaltuusto	substantiivi	12306
prosenttiyksikkö	substantiivi	12295
valtuustoryhmä	substantiivi	12295
harmitella	verbi	12283
penkki	substantiivi	12274
blogi	substantiivi	12270
suhteellinen	adjektiivi	12266
ikääntyä	verbi	12260
jotenkin	adverbi	12252
koripallo	substantiivi	12238
arviointi	substantiivi	12233
alkuperä	substantiivi	12230
valmennus	substantiivi	12219
raaka-aine	substantiivi	12205
helpotus	substantiivi	12188
kuski	substantiivi	12187
tanssi	substantiivi	12186
klikata	verbi	12177
entä	adverbi	12175
sulaa	verbi	12173
rakennustyö	substantiivi	12156
kahdeksas	numeraali	12153
taksi	substantiivi	12150
sisäministeri	substantiivi	12142
tiedottaja	substantiivi	12139
oja	substantiivi	12132
kenkä	substantiivi	12117
tasapeli	substantiivi	12116
evakuoida	verbi	12113
mielellään	adverbi	12104
pormestari	substantiivi	12086
itäinen	adjektiivi	12082
riita	substantiivi	12080
syöpä	substantiivi	12074
joukkoliikenne	substantiivi	12073
julkaisu	substantiivi	12065
maalintekijä	substantiivi	12063
ehdollinen	adjektiivi	12061
mennyt	adjektiivi, substantiivi	12058
rajusti	adverbi	12055
hehkuttaa	verbi	12050
hajota	verbi	12048
vertailu	substantiivi	12047
rauhoittaa	verbi	12040
kiistellä	verbi	12032
erikoistua	verbi	12020
marja	substantiivi	12005
perinteisesti	adverbi	12000
henkilövahinko	substantiivi	11998
itsenäinen	adjektiivi	11996
pesä	substantiivi	11996
litra	substantiivi	11992
näköinen	adjektiivi	11986
italialainen	adjektiivi, substantiivi	11980
valitettavasti	adverbi	11978
hiukan	adverbi	11976
neliö	substantiivi	11966
kataja	substantiivi	11957
romaani	substantiivi	11954
ilmaista	verbi	11943
syytetty	substantiivi	11936
tv	substantiivi	11928
pituus	substantiivi	11927
enempää		11924
solmia	verbi	11912
sisätila	substantiivi	11904
valtiovarainministeriö	substantiivi	11897
kolmasosa	substantiivi	11887
käänne	substantiivi	11887
ilmasto	substantiivi	11876
olettaa	verbi	11876
palomestari	substantiivi	11872
nähden	postpositio	11869
väline	substantiivi	11860
ambulanssi	substantiivi	11857
yliopistollinen	adjektiivi	11855
kipu	substantiivi	11848
loistaa	verbi	11848
kunnon	adverbi	11845
vankeusrangaistus	substantiivi	11840
salainen	adjektiivi	11832
varusmies	substantiivi	11823
tuulivoimala	substantiivi	11812
kotitalous	substantiivi	11811
jutella	verbi	11810
koivisto	substantiivi	11803
aktiivisesti	adverbi	11788
keskiarvo	substantiivi	11758
nolla	numeraali, substantiivi	11758
kirjoittaja	substantiivi	11754
siviili	substantiivi	11748
viivästyä	verbi	11745
lämmittää	verbi	11734
alkupuoli	substantiivi	11718
kirjoitus	substantiivi	11718
välille	postpositio, adverbi	11708
pala	substantiivi	11688
älypuhelin	substantiivi	11685
neuvo	substantiivi	11683
määräys	substantiivi	11667
peräkkäin	adverbi	11655
analysoida	verbi	11651
konflikti	substantiivi	11649
toimiva	adjektiivi	11644
hallitusohjelma	substantiivi	11642
mielenilmaus	substantiivi	11642
pahimmillaan	adverbi	11633
mainos	substantiivi	11628
viestintä	substantiivi	11625
kuorma-auto	substantiivi	11613
mainio	adjektiivi	11607
leikkiä	verbi	11605
välttämätön	adjektiivi, substantiivi	11591
seuraaja	substantiivi	11589
epävarma	adjektiivi	11586
ammattiliitto	substantiivi	11580
pyhä	adjektiivi, substantiivi	11556
tahto	substantiivi	11555
kolumni	substantiivi	11537
upota	verbi	11525
ooppera	substantiivi	11515
pienentää	verbi	11515
ohjelmisto	substantiivi	11511
hylly	substantiivi	11510
ruveta	verbi	11504
sittemmin	adverbi	11502
sormi	substantiivi	11502
terveysministeriö	substantiivi	11500
aika-ajo	substantiivi	11496
lehmä	substantiivi	11478
harrastaja	substantiivi	11476
niska	substantiivi	11476
kaupallinen	adjektiivi	11471
iho	substantiivi	11463
laskeutua	verbi	11456
voimalaitos	substantiivi	11455
maksuton	adjektiivi	11436
tyrmätä	verbi	11429
kiristyä	verbi	11426
itsenäisyyspäivä	substantiivi	11421
lomauttaa	verbi	11415
hätäkeskus	substantiivi	11412
olympiakisat	substantiivi	11408
tarjonta	substantiivi	11408
moderni	adjektiivi	11394
poikkeus	substantiivi	11387
oppilaitos	substantiivi	11362
piirtää	verbi	11351
vanhin	substantiivi, adjektiivi	11346
peruskorjaus	substantiivi	11339
päätoimittaja	substantiivi	11339
ajo	substantiivi	11332
laadukas	adjektiivi	11332
ruotsi	substantiivi	11311
suojelu	substantiivi	11300
uutistoimisto	substantiivi	11300
koskettaa	verbi	11294
jonottaa	verbi	11291
ikään	adverbi	11280
muualta	adverbi	11268
passi	substantiivi*	11263
perustelu	substantiivi	11233
portti	substantiivi	11229
sivusto	substantiivi	11211
kotoisin	adverbi	11210
perustuslaki	substantiivi	11197
kuntayhtymä	substantiivi	11192
arkisto	substantiivi	11188
ilmastonmuutos	substantiivi	11171
poro	substantiivi*	11165
tuotto	substantiivi	11163
laajasti	adverbi	11162
valmius	substantiivi	11160
seksi	substantiivi	11144
hätä	substantiivi	11131
suksi	substantiivi	11118
työllisyys	substantiivi	11083
lentopallo	substantiivi	11076
räjähtää	verbi	11070
kuluttaa	verbi	11051
lopuksi	adverbi	11051
keskuspankki	substantiivi	11044
poikanen	substantiivi	11040
suku	substantiivi	11038
värikäs	adjektiivi	11038
talousarvio	substantiivi	11035
varjo	substantiivi	11035
kallio	substantiivi	11034
meneillään	adverbi	11031
reilusti	adverbi	11025
ääri	substantiivi	11021
luonne	substantiivi	11020
tarkentaa	verbi	11015
toimipiste	substantiivi	11007
ruumis	substantiivi	11000
vahvistua	verbi	10994
poimia	verbi	10978
kampus	substantiivi	10975
maito	substantiivi	10961
aineisto	substantiivi	10960
honka	substantiivi	10947
helikopteri	substantiivi	10931
kiuru	substantiivi	10929
monesti	adverbi	10922
etäopetus	substantiivi	10920
maahanmuutto	substantiivi	10917
pyöräilijä	substantiivi	10917
pestä	verbi	10916
kollega	substantiivi	10903
lentoyhtiö	substantiivi	10899
selänne	substantiivi	10898
ilmapiiri	substantiivi	10896
kielto	substantiivi	10896
lainata	verbi	10892
ohjeistus	substantiivi	10892
puhaltaa	verbi	10890
laskelma	substantiivi	10887
onnettomuuspaikka	substantiivi	10885
helle	substantiivi	10877
reuna	substantiivi	10858
tuomioistuin	substantiivi	10858
olut	substantiivi	10854
näyttävä	adjektiivi	10849
hillitä	verbi	10845
metsästys	substantiivi	10839
kassa	substantiivi	10836
rekisteröidä	verbi	10836
sukulainen	substantiivi	10812
miehistö	substantiivi	10810
pörssi	substantiivi	10809
rikosilmoitus	substantiivi	10791
ylpeä	adjektiivi	10783
heitto	substantiivi	10779
uusiutua	verbi	10778
tienata	verbi	10777
pääsiäinen	substantiivi	10765
luona	postpositio	10764
läntinen	adjektiivi	10760
virasto	substantiivi	10758
elinkeinoelämä	substantiivi	10753
tunnustus	substantiivi	10739
maistua	verbi	10735
rinta	substantiivi	10733
jokisuu	substantiivi	10729
kaikenlainen	adjektiivi	10726
palomies	substantiivi	10724
näkyvä	adjektiivi	10718
neuvosto	substantiivi	10705
synnytys	substantiivi	10699
kaasu	substantiivi	10695
kenties	adverbi	10672
rautatieasema	substantiivi	10671
terrori-isku	substantiivi	10657
tohtori	substantiivi	10654
tyhjentää	verbi	10652
puutarha	substantiivi	10651
melkoinen	adjektiivi	10641
rikollinen	substantiivi, adjektiivi	10631
järjestys	substantiivi	10630
kulma	substantiivi	10630
pyyntö	substantiivi	10624
marssia	verbi	10616
poliisiauto	substantiivi	10606
ikäinen	adjektiivi, substantiivi	10604
kalastaja	substantiivi	10584
kokoelma	substantiivi	10572
kaupunginosa	substantiivi	10565
manageri	substantiivi	10563
virrata	verbi	10542
ankara	adjektiivi	10539
aurinkoinen	adjektiivi, substantiivi	10532
paistaa	verbi	10525
aamuyö	substantiivi	10520
puheenaihe	substantiivi	10507
espanjalainen	adjektiivi, substantiivi	10500
konkreettinen	adjektiivi	10496
käyttäytyä	verbi	10484
viljelijä	substantiivi	10483
kauppias	substantiivi	10482
sivussa	postpositio, adverbi	10481
satakunta	numeraali	10479
irrota	verbi	10478
hammas	substantiivi	10466
presidenttiehdokas	substantiivi	10464
menetys	substantiivi	10456
asuinalue	substantiivi	10455
sairas	adjektiivi, substantiivi	10448
rohkea	adjektiivi	10447
selitys	substantiivi	10441
luonnehtia	verbi	10437
kuuluisa	adjektiivi	10434
perustaja	substantiivi	10434
ajankohta	substantiivi	10412
tehopiste	substantiivi	10411
republikaani	substantiivi	10401
tumma	adjektiivi, substantiivi	10392
siivota	verbi	10386
moottoritie	substantiivi	10378
toistua	verbi	10371
tunneli	substantiivi	10358
alustava	adjektiivi	10357
korkeakoulu	substantiivi	10357
uskonto	substantiivi	10349
muovi	substantiivi	10346
todiste	substantiivi	10340
metsästäjä	substantiivi	10335
pienetä	verbi	10328
yläkoulu	substantiivi	10322
korostua	verbi	10313
väkivaltainen	adjektiivi	10313
sprintti	substantiivi	10301
hukkua	verbi	10296
vasten	postpositio, prepositio, adverbi	10294
itäraja	substantiivi	10289
britti	substantiivi	10286
vaiva	substantiivi	10276
kutsu	substantiivi	10270
hius	substantiivi	10264
kuitata	verbi	10254
demokraatti	substantiivi	10253
sekoittaa	verbi	10242
lauantai-ilta	substantiivi	10237
avustaja	substantiivi	10235
reaktio	substantiivi	10219
istuttaa	verbi	10212
verkkokauppa	substantiivi	10208
sähköauto	substantiivi	10204
aikaväli	substantiivi	10203
roska	substantiivi	10198
perehtyä	verbi	10188
haaveilla	verbi	10179
polkupyörä	substantiivi	10177
huumori	substantiivi	10175
ammattiopisto	substantiivi	10173
alkuviikko	substantiivi	10171
maapallo	substantiivi	10171
useimmiten	adverbi	10171
leipä	substantiivi	10156
tiede	substantiivi	10148
hyväksikäyttö	substantiivi	10141
määräaikainen	adjektiivi	10139
parisuhde	substantiivi	10128
avoinna	adverbi	10118
jätevesi	substantiivi	10103
hiipua	verbi	10097
investoida	verbi	10094
kalusto	substantiivi	10088
aktivisti	substantiivi	10083
järki	substantiivi	10082
luotsata	verbi	10081
tekoäly	substantiivi	10067
ympäröidä	verbi	10062
seuranta	substantiivi	10060
tunnus	substantiivi	10059
prinssi	substantiivi	10056
kriteeri	substantiivi	10052
mittari	substantiivi	10036
lähistö	substantiivi	10035
ilmavoimat	substantiivi	10022
repiä	verbi	10018
menetelmä	substantiivi	10017
saavutus	substantiivi	10016
treeni	substantiivi	10016
rock	substantiivi	10001
puku	substantiivi	9998
kapellimestari	substantiivi	9988
alkuvaihe	substantiivi	9982
kuntaliitos	substantiivi	9978
ylivoimainen	adjektiivi	9963
rintama	substantiivi	9960
kuningatar	substantiivi	9959
lykätä	verbi	9955
säännöllisesti	adverbi	9951
virallisesti	adverbi	9950
ampumahiihto	substantiivi	9949
taloudellisesti	adverbi	9947
arvokisa	substantiivi	9942
myöten	postpositio, adverbi	9939
kiireinen	adjektiivi	9938
liikenneturvallisuus	substantiivi	9937
kokonainen	adjektiivi, substantiivi	9932
harjoittaa	verbi	9931
supertähti	substantiivi	9929
mieluummin	adverbi	9923
japanilainen	adjektiivi, substantiivi	9916
anteeksi	adverbi	9897
riskiryhmä	substantiivi	9897
ilme	substantiivi	9893
saatavuus	substantiivi	9881
itsestään	adverbi	9880
peliaika	substantiivi	9874
protesti	substantiivi	9871
näky	substantiivi	9865
prisma	substantiivi	9865
minne	adverbi	9858
loppupuoli	substantiivi	9857
valmistus	substantiivi	9853
kulu	substantiivi	9848
lehdistötilaisuus	substantiivi	9839
kansanäänestys	substantiivi	9835
terrorismi	substantiivi	9813
kohdella	verbi	9802
taiteellinen	adjektiivi	9797
ryöstö	substantiivi	9785
alainen	adjektiivi, substantiivi	9772
murtaa	verbi	9767
sektori	substantiivi	9764
haudata	verbi	9761
näkyvyys	substantiivi	9752
onnistunut	adjektiivi	9751
tietoinen	adjektiivi	9747
kiri	substantiivi	9737
siirtolainen	substantiivi	9732
epäily	substantiivi	9731
avustaa	verbi	9728
mehiläinen	substantiivi	9727
tuollainen	adjektiivi, substantiivi	9722
vaivata	verbi	9720
arktinen	adjektiivi	9719
minkäänlainen	adjektiivi	9707
ratkoa	verbi	9699
innokas	adjektiivi	9694
lasi	substantiivi	9686
takavarikoida	verbi	9681
kirjallisuus	substantiivi	9673
suoda	verbi	9670
jako	substantiivi	9669
jazz	substantiivi	9666
aalto	substantiivi	9663
allas	substantiivi	9653
ulosajo	substantiivi	9653
vainaja	substantiivi	9652
trendi	substantiivi	9647
kuri	substantiivi	9630
perä	substantiivi	9627
puoluekokous	substantiivi	9621
esiintyjä	substantiivi	9617
luonnollinen	adjektiivi	9615
maaperä	substantiivi	9615
lumisade	substantiivi	9608
ylipäätään	adverbi	9605
vartija	substantiivi	9600
kontakti	substantiivi	9599
ydin	substantiivi	9593
pettää	verbi	9579
suvi	substantiivi	9577
pidentää	verbi	9571
asiakirja	substantiivi	9566
hämmentää	verbi	9540
maalaus	substantiivi*	9539
euroviisu	substantiivi	9527
valmistaja	substantiivi	9524
vuoto	substantiivi	9502
vaurio	substantiivi	9500
kirkkoherra	substantiivi	9497
neste	substantiivi	9488
luonnollisesti	adverbi	9483
kohta	adverbi	9478
peruna	substantiivi	9472
pappi	substantiivi	9467
kielteinen	adjektiivi	9465
äärellä	postpositio	9465
villi	adjektiivi, substantiivi	9461
toistaa	verbi	9453
eristää	verbi	9444
yhdeksäs	numeraali	9432
surullinen	adjektiivi	9429
brittiläinen	adjektiivi, substantiivi	9417
avausmaali	substantiivi	9413
pakollinen	adjektiivi	9407
maailmansota	substantiivi	9406
kannanotto	substantiivi	9398
pesti	substantiivi	9390
sisälle	adverbi, postpositio	9385
ammatillinen	adjektiivi	9382
tasa-arvo	substantiivi	9381
vappu	substantiivi	9379
rakentua	verbi	9376
riippuma	substantiivi	9376
koitua	verbi	9374
paljo	adjektiivi, adverbi, substantiivi	9367
pakata	verbi*	9362
kuvakaappaus	substantiivi	9356
sopeutua	verbi	9354
käsikirjoitus	substantiivi	9351
velvoittaa	verbi	9345
vaurioitua	verbi	9341
tää	pronomini	9336
avioliitto	substantiivi	9335
haitallinen	adjektiivi	9330
innostaa	verbi	9324
liikenneonnettomuus	substantiivi	9320
haavisto	substantiivi	9314
kaikkialla	adverbi	9313
liukas	adjektiivi	9310
rikas	adjektiivi, substantiivi	9306
varovainen	adjektiivi	9305
itseluottamus	substantiivi	9303
kultainen	adjektiivi	9302
lahjoitus	substantiivi	9289
soveltua	verbi	9288
yhtäkkiä	adverbi	9284
hiljattain	adverbi	9278
talouskasvu	substantiivi	9277
keskusliitto	substantiivi	9275
legendaarinen	adjektiivi	9266
bakteeri	substantiivi	9264
mielikuva	substantiivi	9258
virolainen	adjektiivi, substantiivi	9257
hoivakoti	substantiivi	9256
euroalue	substantiivi	9254
tiettävästi	adverbi	9252
rasismi	substantiivi	9250
maltillinen	adjektiivi	9248
ohjeistaa	verbi	9244
temppu	substantiivi	9221
yhtenäinen	adjektiivi	9221
eilinen	adjektiivi, substantiivi	9210
maanjäristys	substantiivi	9210
laboratorio	substantiivi	9209
tiukasti	adverbi	9201
laine	substantiivi	9194
suo	substantiivi	9170
heijastua	verbi	9163
suru	substantiivi	9161
saha	substantiivi	9157
paloauto	substantiivi	9154
kuvio	substantiivi	9139
itsenäisyys	substantiivi	9131
pelottaa	verbi	9124
keittää	verbi	9116
sotilaallinen	adjektiivi	9106
kumpi	pronomini	9102
lemmikki	substantiivi	9101
tiedotusväline	substantiivi	9098
keskelle	adverbi, postpositio	9091
klassinen	adjektiivi	9088
reissu	substantiivi	9075
velvollisuus	substantiivi	9066
pommi	substantiivi*	9056
työaika	substantiivi	9056
rauhoittua	verbi	9055
uhanalainen	adjektiivi	9030
luminen	adjektiivi	9029
projektipäällikkö	substantiivi	9026
toiminto	substantiivi	9019
opastaa	verbi	9015
kaista	substantiivi	9014
rajavartiolaitos	substantiivi	9011
valtakunta	substantiivi	8999
harju	substantiivi	8988
raivata	verbi	8986
vuori	substantiivi*	8985
palkkio	substantiivi	8973
pystyttää	verbi	8973
strategia	substantiivi	8969
kirjallinen	adjektiivi	8968
sisältyä	verbi	8968
kongressi	substantiivi	8960
ensisijaisesti	adverbi	8957
askele	substantiivi	8952
käyttöönotto	substantiivi	8950
varaus	substantiivi	8941
tapahtumapaikka	substantiivi	8938
työpäivä	substantiivi	8938
lyhentää	verbi	8934
henkirikos	substantiivi	8922
stressi	substantiivi	8914
parkkipaikka	substantiivi	8911
kohtelu	substantiivi	8908
mittaus	substantiivi	8908
polku	substantiivi	8901
pelikielto	substantiivi	8899
hullu	adjektiivi, substantiivi	8898
saaja	substantiivi	8890
tarpeellinen	adjektiivi	8890
annos	substantiivi	8886
motiivi	substantiivi	8876
taulu	substantiivi	8871
välitys	substantiivi	8864
kohdistaa	verbi	8860
demari	substantiivi	8857
ohjus	substantiivi	8857
ajoissa	adverbi	8855
maatila	substantiivi	8848
nosto	substantiivi	8839
lammas	substantiivi	8836
hävittää	verbi	8833
työkalu	substantiivi	8832
ärsyttää	verbi	8832
tasapaino	substantiivi	8831
ajattelu	substantiivi	8818
lastensuojelu	substantiivi	8817
puhemies	substantiivi	8817
työllistyä	verbi	8805
päinvastoin	adverbi	8799
raiskaus	substantiivi	8794
paloa	verbi	8792
varhainen	adjektiivi	8791
kauppatori	substantiivi	8789
konferenssi	substantiivi	8788
murto	substantiivi	8785
hallituspuolue	substantiivi	8777
kotiottelu	substantiivi	8773
saaristo	substantiivi	8758
etätyö	substantiivi	8747
tavallaan	adverbi	8726
maanantainen	adjektiivi	8720
hitaasti	adverbi	8715
inflaatio	substantiivi	8714
poikkeuslupa	substantiivi	8714
lähipäivä	substantiivi	8706
luetella	verbi	8703
luistella	verbi	8701
villa	substantiivi*	8695
dramaattinen	adjektiivi	8690
vähitellen	adverbi	8689
huipentua	verbi	8687
firma	substantiivi	8686
vihje	substantiivi	8685
resepti	substantiivi	8677
elintarvike	substantiivi	8675
sänky	substantiivi	8673
kannattava	adjektiivi	8668
käyttäytyminen	substantiivi	8656
tilapäinen	adjektiivi	8656
laajennus	substantiivi	8651
avoimesti	adverbi	8650
lukiolainen	substantiivi	8650
törmäys	substantiivi	8649
huolto	substantiivi	8634
tippua	verbi	8620
mansikka	substantiivi	8618
ristiriita	substantiivi	8610
uskonnollinen	adjektiivi	8610
läsnä	adverbi	8609
lähin	adjektiivi, postpositio	8606
kasvomaski	substantiivi	8591
kymmenkunta	numeraali	8589
paavi	substantiivi	8582
pääsääntöisesti	adverbi	8580
unohtua	verbi	8576
muuri	substantiivi	8573
kertomus	substantiivi	8571
ajankohtainen	adjektiivi	8565
suomenkielinen	adjektiivi, substantiivi	8551
varassa	postpositio	8551
sinänsä	adverbi	8550
akku	substantiivi	8537
titteli	substantiivi	8535
matkata	verbi	8531
viestiä	verbi	8529
kallistua	verbi*	8528
julkisesti	adverbi	8524
osuuskauppa	substantiivi	8517
lopullisesti	adverbi	8509
suuruus	substantiivi	8507
uudistua	verbi	8502
halukas	adjektiivi	8496
tukikohta	substantiivi	8492
kyseenalaistaa	verbi	8491
räppäri	substantiivi	8481
remontoida	verbi	8480
per	prepositio	8477
lähiaika	substantiivi	8472
hauta	substantiivi	8460
hiljaa	adverbi	8460
runo	substantiivi	8460
täyteen	adverbi	8460
viimein	adverbi	8460
jännitys	substantiivi	8459
alkukesä	substantiivi	8456
syli	substantiivi	8454
koetella	verbi	8452
päätellä	verbi	8444
komentaja	substantiivi	8437
sunnuntai-ilta	substantiivi	8436
kotiyleisö	substantiivi	8433
ennakkosuosikki	substantiivi	8431
pilvi	substantiivi	8429
itkeä	verbi	8427
suuntautua	verbi	8426
länsimaa	substantiivi	8425
vankeustuomio	substantiivi	8421
jäätyä	verbi	8419
rakennustyömaa	substantiivi	8415
huhu	substantiivi	8412
laatikko	substantiivi	8411
paikata	verbi	8405
karu	adjektiivi	8398
säveltää	verbi	8393
rauhallisesti	adverbi	8392
markkinoida	verbi	8383
työnhakija	substantiivi	8376
elokuvateatteri	substantiivi	8370
mäkihyppy	substantiivi	8369
sohva	substantiivi	8369
hälyttää	verbi	8366
junaliikenne	substantiivi	8363
ajoittain	adverbi	8352
turvautua	verbi	8335
kovaa	adverbi	8333
murtautua	verbi	8333
alusta	substantiivi	8322
tosissaan	adverbi	8320
työsuhde	substantiivi	8313
kansainvälisesti	adverbi	8311
kymmenes	numeraali	8311
vakituinen	adjektiivi	8310
pullo	substantiivi	8309
maatalous	substantiivi	8306
viileä	adjektiivi, substantiivi	8302
koittaa	verbi*	8301
enin	adjektiivi	8297
leikki	substantiivi	8297
pidellä	verbi	8296
puida	verbi	8291
varhaiskasvatus	substantiivi	8287
ostos	substantiivi	8277
lisäaika	substantiivi	8275
moottori	substantiivi	8262
kotikenttä	substantiivi	8261
tähtäin	substantiivi	8253
pilata	verbi	8246
rinnalle	postpositio, adverbi	8246
tuolla	adverbi	8233
lukeminen	substantiivi	8218
välitön	adjektiivi	8218
juoma	substantiivi	8215
päivittäinen	adjektiivi	8211
tutkinto	substantiivi	8208
ikäluokka	substantiivi	8200
puskea	verbi	8200
puhjeta	verbi	8199
tavallisesti	adverbi	8185
meteorologi	substantiivi	8180
matematiikka	substantiivi	8174
mikkeli	substantiivi	8166
monimutkainen	adjektiivi	8165
rakas	adjektiivi, substantiivi	8157
toisenlainen	adjektiivi	8153
lyönti	substantiivi	8151
portaat	substantiivi	8143
luokitella	verbi	8141
päivitys	substantiivi	8140
selvillä	adverbi	8124
kansallispuisto	substantiivi	8120
sähkökatko	substantiivi	8120
viidennes	substantiivi	8118
haju	substantiivi	8116
varustaa	verbi	8114
kesäloma	substantiivi	8111
hitti	substantiivi	8105
puhelimitse	adverbi	8105
siipi	substantiivi	8094
toimiala	substantiivi	8092
masennus	substantiivi	8088
golf	substantiivi	8084
näyttämö	substantiivi	8084
etäisyys	substantiivi	8082
torni	substantiivi	8081
juontaa	verbi	8076
semmoinen	adjektiivi	8075
toisinaan	adverbi	8075
soveltaa	verbi	8068
elementti	substantiivi	8060
sisäministeriö	substantiivi	8059
sinilevä	substantiivi	8053
ymmärrys	substantiivi	8053
lähialue	substantiivi	8050
lisä	substantiivi	8048
arkipäivä	substantiivi	8043
kierrättää	verbi	8040
kartano	substantiivi	8029
herkku	substantiivi	8028
vuosikausi	substantiivi	8026
eläinlääkäri	substantiivi	8023
pehmeä	adjektiivi, substantiivi	8022
hakata	verbi	8019
konserni	substantiivi	8019
päihde	substantiivi	8016
perättäinen	adjektiivi	8008
jäädyttää	verbi	8007
robotti	substantiivi	8006
satu	substantiivi	8006
turvapaikka	substantiivi	7987
lisätieto	substantiivi	7986
suistua	verbi	7983
johdosta	postpositio	7978
kantelu	substantiivi	7976
rattijuopumus	substantiivi	7976
formula	substantiivi	7972
taitava	adjektiivi	7967
tallentaa	verbi	7967
hienosti	adverbi	7962
hautausmaa	substantiivi	7959
piikki	substantiivi	7959
silloinen	adjektiivi	7959
loppusuora	substantiivi	7954
palokunta	substantiivi	7954
helpottua	verbi	7950
yksinäisyys	substantiivi	7935
työskentely	substantiivi	7932
väistötila	substantiivi	7930
alakoulu	substantiivi	7928
tulvia	verbi	7927
juniori	substantiivi	7926
hymy	substantiivi	7923
määrittää	verbi	7923
tieten	adverbi	7916
roikkua	verbi	7898
niukasti	adverbi	7895
ristiriitainen	adjektiivi	7894
vääntää	verbi	7891
fakta	substantiivi	7890
kuntosali	substantiivi	7884
raunio	substantiivi	7881
tyyppi	substantiivi	7881
hedelmä	substantiivi	7880
porilainen	adjektiivi, substantiivi	7880
työntää	verbi	7876
soitto	substantiivi	7869
kuvaaja	substantiivi	7867
poseerata	verbi	7867
laajuus	substantiivi	7860
kohtaus	substantiivi	7857
yksinkertaisesti	adverbi	7849
pakettiauto	substantiivi	7848
hirveästi	adverbi	7847
ravinto	substantiivi	7847
reikä	substantiivi	7840
oleellinen	adjektiivi	7835
tolppa	substantiivi	7833
etuala	substantiivi	7828
puolustusministeriö	substantiivi	7828
väkivaltaisuus	substantiivi	7828
messut	substantiivi	7813
lähettäjä	substantiivi	7812
tarjoilla	verbi	7808
olympiavoittaja	substantiivi	7801
joulupukki	substantiivi	7800
korruptio	substantiivi	7799
ammua	verbi	7798
pääkonttori	substantiivi	7793
vapaasti	adverbi	7793
toimintatapa	substantiivi	7785
alijäämä	substantiivi	7784
automaattisesti	adverbi	7781
turvaväli	substantiivi	7779
levätä	verbi	7777
herra	substantiivi	7770
rinnalla	postpositio, adverbi	7770
kotiseutu	substantiivi	7768
suunnittelija	substantiivi	7768
kierto	substantiivi	7767
arvostelu	substantiivi	7766
esimies	substantiivi	7757
vauhdittaa	verbi	7757
olympiastadion	substantiivi	7750
silminnäkijä	substantiivi	7743
painua	verbi	7740
panos	substantiivi	7740
pykälä	substantiivi	7739
veikkaus	substantiivi	7739
aukio	substantiivi	7732
salaisuus	substantiivi	7732
vaihtelu	substantiivi	7730
käsittämätön	adjektiivi	7727
muisti	substantiivi	7723
luotettava	adjektiivi	7722
monta	pronomini	7717
rikoskomisario	substantiivi	7713
nuoruus	substantiivi	7705
prikaati	substantiivi	7705
rajanylityspaikka	substantiivi	7704
vaalia	verbi	7699
vahvistus	substantiivi	7693
määräaika	substantiivi	7691
aie	substantiivi	7690
toiseksi	adverbi	7686
lentäjä	substantiivi	7680
valtavasti	adverbi	7678
kulttuuriministeriö	substantiivi	7674
sportti	substantiivi	7668
baari	substantiivi*	7663
sittenkin	adverbi	7662
aikakausi	substantiivi	7661
pahoin	adverbi	7660
tahko	substantiivi	7659
kuoro	substantiivi	7657
tulitauko	substantiivi	7657
toistainen	adjektiivi	7649
terassi	substantiivi	7640
lähipiiri	substantiivi	7635
satsata	verbi	7634
kiivas	adjektiivi	7630
suorastaan	adverbi	7629
draama	substantiivi	7625
viereen	postpositio, adverbi	7622
päähenkilö	substantiivi	7618
jyrkkä	adjektiivi	7615
seikka	substantiivi	7614
startata	verbi	7613
johdattaa	verbi	7609
teltta	substantiivi	7609
tulija	substantiivi	7602
ensihoito	substantiivi	7598
asu	substantiivi	7595
kasvatus	substantiivi	7591
huoltaja	substantiivi	7582
kaivosyhtiö	substantiivi	7582
traktori	substantiivi	7580
yksinäinen	adjektiivi	7578
kimppuun	postpositio	7577
vaativa	adjektiivi	7567
tuska	substantiivi	7563
ennätyksellinen	adjektiivi	7561
tanskalainen	adjektiivi, substantiivi	7558
olympiakulta	substantiivi	7557
mielenkiinto	substantiivi	7553
ruokkia	verbi	7553
leimata	verbi	7552
kynttilä	substantiivi	7546
saalis	substantiivi	7545
instituutti	substantiivi	7523
työehtosopimus	substantiivi	7519
ihailla	verbi	7512
jymy	substantiivi	7506
pro	prepositio, adjektiivi, substantiivi	7506
vessa	substantiivi	7502
senaatti	substantiivi	7499
vertailla	verbi	7487
nojata	verbi	7483
ruokakauppa	substantiivi	7482
nuoriso	substantiivi	7470
liittokansleri	substantiivi	7467
todistaja	substantiivi	7462
avaruus	substantiivi	7453
venäjä	substantiivi	7452
turpa	substantiivi*	7450
rahasto	substantiivi	7448
elinkeinoministeriö	substantiivi	7447
tehokkaasti	adverbi	7445
lähtökohtaisesti	adverbi	7439
tupakka	substantiivi	7419
lupaava	adjektiivi	7417
hattutemppu	substantiivi	7414
keskinäinen	adjektiivi	7413
osuuspankki	substantiivi	7412
virta	substantiivi	7409
henkisesti	adverbi	7406
kärkipaikka	substantiivi	7406
tennis	substantiivi	7405
seteli	substantiivi	7402
varas	substantiivi	7397
avausottelu	substantiivi	7393
sinfonia	substantiivi	7393
jyrätä	verbi	7391
katastrofi	substantiivi	7391
nopeuttaa	verbi	7389
pohjoismaa	substantiivi	7386
syrjäyttää	verbi	7386
lassi	substantiivi	7379
vastine	substantiivi	7378
vaalitulos	substantiivi	7375
vakaa	adjektiivi	7375
oikeusministeriö	substantiivi	7373
vähennys	substantiivi	7372
korpi	substantiivi	7370
ruokavalio	substantiivi	7369
tiedostaa	verbi	7360
tiiviisti	adverbi	7360
ruuhkautua	verbi	7359
vuosittainen	adjektiivi	7347
pikkuhiljaa	adverbi	7345
avain	substantiivi	7343
identiteetti	substantiivi	7342
huippukokous	substantiivi	7337
eläkeläinen	substantiivi	7336
piispa	substantiivi	7335
salata	verbi	7333
samankaltainen	adjektiivi	7331
kauhea	adjektiivi, substantiivi	7327
kävijämäärä	substantiivi	7327
moittia	verbi	7327
upottaa	verbi	7324
tuulivoima	substantiivi	7323
veljekset	substantiivi	7320
surkea	adjektiivi	7317
uhkaus	substantiivi	7315
takki	substantiivi	7314
korjaustyö	substantiivi	7303
tasaisesti	adverbi	7303
poissaolo	substantiivi	7302
kumma	substantiivi, adjektiivi	7301
maakuntajohtaja	substantiivi	7294
viereinen	adjektiivi	7286
toissa	adjektiivi	7283
naapurimaa	substantiivi	7282
rikkoutua	verbi	7282
inhimillinen	adjektiivi	7281
yhteenotto	substantiivi	7280
uimari	substantiivi	7277
sateinen	adjektiivi	7274
karjalainen	substantiivi, adjektiivi	7272
akuutti	adjektiivi, substantiivi	7270
kotikaupunki	substantiivi	7270
varaan	postpositio	7268
peruuntua	verbi	7264
perustuslakivaliokunta	substantiivi	7260
kunnostus	substantiivi	7252
puoleen	postpositio	7252
kaksinkertainen	adjektiivi	7250
kunnantalo	substantiivi	7244
vannas	substantiivi	7244
pallonhallinta	substantiivi	7242
valtakunnallisesti	adverbi	7238
isännöidä	verbi	7232
pentu	substantiivi	7231
löytö	substantiivi	7230
ruotsinkielinen	adjektiivi	7221
syytös	substantiivi	7215
puheenvuoro	substantiivi	7210
asetelma	substantiivi	7208
plussa	substantiivi	7207
massa	substantiivi	7204
vallita	verbi	7199
kehitysvammainen	adjektiivi, substantiivi	7198
muslimi	substantiivi	7195
vailla	postpositio, prepositio, adverbi	7185
vähiten	adverbi	7183
ulkonäkö	substantiivi	7181
alkuerä	substantiivi	7176
kannabis	substantiivi	7176
lisäys	substantiivi	7175
muutoin	adverbi	7172
nimetön	adjektiivi, substantiivi	7172
verottaja	substantiivi	7172
harkinta	substantiivi	7171
kauas	adverbi	7169
luultavasti	adverbi	7164
nykypäivä	substantiivi	7158
mielenterveys	substantiivi	7157
kori	substantiivi	7154
nenä	substantiivi	7153
mutka	substantiivi	7145
tehohoito	substantiivi	7143
yhdistelmä	substantiivi	7141
karkottaa	verbi	7139
talvinen	adjektiivi	7139
sieni	substantiivi	7136
kilpailuttaa	verbi	7134
työtehtävä	substantiivi	7132
varalta	postpositio, adverbi	7132
säästyä	verbi	7131
säännöllinen	adjektiivi	7127
sisältä	adverbi, postpositio	7126
ongelmallinen	adjektiivi	7125
mittakaava	substantiivi	7121
pätkä	substantiivi	7121
sotkea	verbi	7112
sattuma	substantiivi	7111
lappilainen	adjektiivi, substantiivi	7110
oksa	substantiivi	7110
päivähoito	substantiivi	7110
ahdas	adjektiivi	7109
rento	adjektiivi	7109
julki	adverbi	7106
häpeä	substantiivi	7097
rangaistuspotku	substantiivi	7095
myöhästyä	verbi	7094
vainio	substantiivi	7091
sallittu	adjektiivi	7088
parikymmentä	numeraali	7084
ajanvaraus	substantiivi	7082
virheellinen	adjektiivi	7080
levottomuus	substantiivi	7070
lentoliikenne	substantiivi	7069
nälkä	substantiivi	7069
psykologi	substantiivi	7068
leveä	adjektiivi	7067
dosentti	substantiivi	7065
sosiaalidemokraatti	substantiivi	7054
lenkki	substantiivi	7053
pääluottamusmies	substantiivi	7052
maantie	substantiivi	7051
sulkeutua	verbi	7049
kesto	substantiivi	7048
kuntoutus	substantiivi	7046
alkulohko	substantiivi	7045
pelottava	adjektiivi	7037
paksu	adjektiivi, substantiivi	7024
vaaratilanne	substantiivi	7018
metsästää	verbi	7016
empiä	verbi	7015
mopo	substantiivi*	7014
metsäteollisuus	substantiivi	7012
tutkimuslaitos	substantiivi	7012
viha	substantiivi	7012
vaunu	substantiivi	7004
pukea	verbi	6999
kaula	substantiivi	6998
tukija	substantiivi	6997
ilkivalta	substantiivi	6995
parveke	substantiivi	6990
äidinkieli	substantiivi	6981
työmarkkinat	substantiivi	6980
menneisyys	substantiivi	6975
luvaton	adjektiivi	6970
verotulo	substantiivi	6969
dokumenttielokuva	substantiivi	6968
syöminen	substantiivi	6962
tekstiviesti	substantiivi	6962
etappi	substantiivi	6958
nimimerkki	substantiivi	6955
metro	substantiivi	6950
ylin	adjektiivi	6949
jahdata	verbi	6948
kolmonen	substantiivi	6946
niminen	adjektiivi	6945
solisti	substantiivi	6945
yöpyä	verbi	6943
muotoilla	verbi	6942
kanadalainen	adjektiivi, substantiivi	6940
kulmapotku	substantiivi	6940
maila	substantiivi	6936
runko	substantiivi	6936
puukotus	substantiivi	6933
yksitoista	numeraali	6929
hyväksyntä	substantiivi	6928
jatkopaikka	substantiivi	6925
paloasema	substantiivi	6923
henkilökohtaisesti	adverbi	6921
huumausaine	substantiivi	6917
ympäristölupa	substantiivi	6913
tiukentaa	verbi	6912
kohtuuton	adjektiivi	6908
kipeä	adjektiivi, substantiivi	6903
rike	substantiivi	6899
perusopetus	substantiivi	6893
aukko	substantiivi	6888
lakiesitys	substantiivi	6886
vilja	substantiivi	6882
arvostus	substantiivi	6880
kalastus	substantiivi	6878
laajentua	verbi	6873
persoona	substantiivi	6873
murtua	verbi	6872
toistuvasti	adverbi	6871
jäähy	substantiivi	6861
rasistinen	adjektiivi	6856
nopeusrajoitus	substantiivi	6855
kolmikko	substantiivi	6854
potentiaali	substantiivi	6852
ylioppilas	substantiivi	6851
kuormittaa	verbi	6850
tämmöinen	adjektiivi	6850
kiinteä	adjektiivi	6847
ympäristökeskus	substantiivi	6846
vuokrasopimus	substantiivi	6845
nuorukainen	substantiivi	6843
salko	substantiivi	6843
hidastua	verbi	6841
kalenteri	substantiivi	6833
vuosisata	substantiivi	6832
enimmäkseen	adverbi	6824
kide	substantiivi	6824
vaalea	adjektiivi	6824
myöskään	adverbi	6823
rohkaista	verbi	6815
ukkonen	substantiivi	6812
syyllinen	adjektiivi, substantiivi	6804
ylöspäin	adverbi	6804
suunnitteilla	adverbi	6801
lakimuutos	substantiivi	6800
bisnes	substantiivi	6799
sijainen	substantiivi, adjektiivi	6796
vihkiä	verbi	6795
ylinopeus	substantiivi	6795
jäsenyys	substantiivi	6791
kruunu	substantiivi	6789
data	substantiivi	6786
painostaa	verbi	6778
erottua	verbi	6775
liekki	substantiivi	6772
yksityiskohta	substantiivi	6772
metalli	substantiivi	6769
haastateltava	substantiivi	6762
takoa	verbi	6757
tuoli	substantiivi	6754
kuutio	substantiivi	6753
maailmanlaajuinen	adjektiivi	6751
äänestysprosentti	substantiivi	6745
lounas	substantiivi	6735
rangaista	verbi	6733
luu	substantiivi	6731
maisteri	substantiivi	6731
huolettaa	verbi	6729
jakelu	substantiivi	6729
massiivinen	adjektiivi	6718
hollantilainen	adjektiivi, substantiivi	6715
työnteko	substantiivi	6714
ajokeli	substantiivi	6713
hallitusneuvottelut	substantiivi	6711
hävittäjä	substantiivi	6710
irtisanoutua	verbi	6708
kuulija	substantiivi	6704
liikemies	substantiivi	6699
juhlistaa	verbi	6694
navetta	substantiivi	6693
rajavartiosto	substantiivi	6684
vähemmistö	substantiivi	6684
kokki	substantiivi*	6673
ilmakuva	substantiivi	6671
taisto	substantiivi	6670
keskisuomalainen	adjektiivi, substantiivi	6666
ampuja	substantiivi	6665
toivottaa	verbi	6662
huominen	adjektiivi, substantiivi	6661
lunastaa	verbi	6657
lukeutua	verbi	6655
ali	postpositio, adverbi	6653
työstää	verbi	6645
johtopäätös	substantiivi	6643
petos	substantiivi	6643
syrjintä	substantiivi	6642
asemakaava	substantiivi	6641
kerrata	verbi	6641
oikeuttaa	verbi	6640
raketti	substantiivi	6640
kaventaa	verbi	6630
lakimies	substantiivi	6627
moottoripyörä	substantiivi	6624
sarjataulukko	substantiivi	6624
kemiallinen	adjektiivi	6623
parannus	substantiivi	6623
tunkeutua	verbi	6618
kannattavuus	substantiivi	6611
taru	substantiivi	6606
aula	substantiivi	6605
motivaatio	substantiivi	6598
suurlähetystö	substantiivi	6597
järjestäytyä	verbi	6594
loppuviikko	substantiivi	6594
aloitus	substantiivi	6590
meinata	verbi	6590
laillinen	adjektiivi	6589
tyhjillään	adverbi	6585
tutkintapyyntö	substantiivi	6583
vahingoittaa	verbi	6582
niukka	adjektiivi	6579
soittaja	substantiivi	6576
lyhyeen	adverbi	6573
turve	substantiivi	6573
läpimurto	substantiivi	6563
valloittaa	verbi	6559
takaa-ajo	substantiivi	6556
taklaus	substantiivi	6556
etusivu	substantiivi	6555
itsemurha	substantiivi	6549
hakkuu	substantiivi	6548
maaottelu	substantiivi	6539
rikki	adverbi	6538
haastaja	substantiivi	6535
kapasiteetti	substantiivi	6527
poliisiasema	substantiivi	6526
punkki	substantiivi*	6523
kokko	substantiivi*	6512
kävely	substantiivi	6510
ratti	substantiivi*	6501
pahoinpidellä	verbi	6500
rakennusala	substantiivi	6500
alempi	adjektiivi	6495
tämänhetkinen	adjektiivi	6495
keräys	substantiivi	6494
määräraha	substantiivi	6492
läsnäolo	substantiivi	6490
muna	substantiivi	6489
teoria	substantiivi	6487
laukaista	verbi	6486
matto	substantiivi	6486
metsänomistaja	substantiivi	6486
sävy	substantiivi	6484
aikaisin	adverbi	6481
suurlähettiläs	substantiivi	6478
irrottaa	verbi	6474
täsmentää	verbi	6473
koski	substantiivi	6469
turvallisuusneuvosto	substantiivi	6469
ilmaisku	substantiivi	6462
miltei	adverbi	6462
kitara	substantiivi	6461
pystyyn	adverbi	6457
voittoputki	substantiivi	6450
kohdentaa	verbi	6442
märkä	adjektiivi, substantiivi	6442
turhautua	verbi	6441
viiva	substantiivi	6440
taistelija	substantiivi	6439
festari	substantiivi	6436
maanomistaja	substantiivi	6436
siisti	adjektiivi	6430
liikennöidä	verbi	6429
sisäänkäynti	substantiivi	6424
vakuutusyhtiö	substantiivi	6424
hiekka	substantiivi	6420
pyrkimys	substantiivi	6420
taideteos	substantiivi	6419
ulkoistaa	verbi	6412
köyhyys	substantiivi	6409
vaihtoehtoinen	adjektiivi	6407
tempaus	substantiivi	6406
räjähde	substantiivi	6403
väsyä	verbi	6402
pieli	substantiivi	6395
kuolonuhri	substantiivi	6392
vaalikone	substantiivi	6380
pidätys	substantiivi	6377
osallinen	adjektiivi	6376
sähkölinja	substantiivi	6376
verohallinto	substantiivi	6376
realistinen	adjektiivi	6372
kiireellinen	adjektiivi	6371
eettinen	adjektiivi	6370
valoisa	adjektiivi, substantiivi	6370
tosiasia	substantiivi	6369
paitsio	substantiivi	6368
edellisvuosi	substantiivi	6364
käsittää	verbi	6364
sammutustyö	substantiivi	6363
kerääntyä	verbi	6360
lause	substantiivi	6353
elämäntapa	substantiivi	6352
jälkikäteen	adverbi	6351
anastaa	verbi	6348
kangas	substantiivi*	6347
ukraina	substantiivi	6346
rekrytointi	substantiivi	6343
syöttöpiste	substantiivi	6341
perille	adverbi	6339
pahoitella	verbi	6337
neuvola	substantiivi	6332
muoti	substantiivi	6328
venyttää	verbi	6327
huonokuntoinen	adjektiivi	6325
toteutus	substantiivi	6324
rytmi	substantiivi	6316
verottaa	verbi	6315
ehkäisy	substantiivi	6313
käteinen	adjektiivi, substantiivi	6312
pystyssä	adverbi	6310
rakentaja	substantiivi	6307
viini	substantiivi*	6306
kaukolämpö	substantiivi	6304
ajokortti	substantiivi	6299
globaali	adjektiivi	6298
aukioloaika	substantiivi	6295
supistaa	verbi	6287
vaalikausi	substantiivi	6287
ahdistaa	verbi	6284
julkisivu	substantiivi	6283
lyhyesti	adverbi	6283
rivitalo	substantiivi	6283
pienentyä	verbi	6282
prinsessa	substantiivi	6278
senttimetri	substantiivi	6278
vastuullinen	adjektiivi	6277
sisko	substantiivi	6274
yleisötilaisuus	substantiivi	6274
tuomaristo	substantiivi	6272
vierailija	substantiivi	6272
fyysisesti	adverbi	6268
henkilöllisyys	substantiivi	6266
elo	substantiivi	6264
pelastaja	substantiivi	6264
sananvapaus	substantiivi	6263
haukkua	verbi	6262
vastikään	adverbi	6257
rikko	substantiivi, adjektiivi	6253
ihmeellinen	adjektiivi	6248
raskaus	substantiivi	6245
nostattaa	verbi	6243
tieteellinen	adjektiivi	6242
vääntö	substantiivi	6240
makea	adjektiivi, substantiivi	6239
kasata	verbi	6237
huijata	verbi	6235
pussi	substantiivi	6234
eväs	substantiivi	6231
oikeusministeri	substantiivi	6220
mainostaa	verbi	6218
vitsi	substantiivi	6218
aines	substantiivi	6217
vaisu	adjektiivi	6217
raaka	substantiivi	6214
kana	substantiivi	6213
käsityö	substantiivi	6203
povata	verbi	6199
raja-asema	substantiivi	6198
turma	substantiivi	6197
ikäryhmä	substantiivi	6196
erimielisyys	substantiivi	6194
kapea	adjektiivi	6188
kuulustelu	substantiivi	6186
pyöräily	substantiivi	6186
suuruinen	adjektiivi	6181
syrjäytyä	verbi	6172
yleisurheilu	substantiivi	6172
lähiopetus	substantiivi	6170
kuivuus	substantiivi	6165
perheenjäsen	substantiivi	6164
keski-ikäinen	adjektiivi	6163
vastustus	substantiivi	6160
tuuri	substantiivi	6158
termi	substantiivi	6157
tuonti	substantiivi	6154
korkeintaan	adverbi	6150
salama	substantiivi	6150
lakata	verbi*	6147
sortua	verbi	6147
huutokauppa	substantiivi	6146
ylläpito	substantiivi	6144
potti	substantiivi*	6139
sinfoniaorkesteri	substantiivi	6134
varuskunta	substantiivi	6134
intohimo	substantiivi	6133
kehä	substantiivi	6132
syvyys	substantiivi	6132
seksuaalirikos	substantiivi	6130
hämärä	adjektiivi, substantiivi	6118
arkinen	adjektiivi	6117
eräänlainen	adjektiivi	6115
konttori	substantiivi	6115
parlamenttivaalit	substantiivi	6115
saatto	substantiivi	6115
ahdistus	substantiivi	6113
tytäryhtiö	substantiivi	6112
yksimielisesti	adverbi	6111
kerto	substantiivi	6107
kesätyö	substantiivi	6107
lääketiede	substantiivi	6106
valokuvaaja	substantiivi	6102
kuivua	verbi	6101
kaappi	substantiivi	6099
jätkä	substantiivi	6097
hiljaisuus	substantiivi	6095
miinus	adverbi, prepositio, substantiivi	6094
esikuva	substantiivi	6093
rohkeus	substantiivi	6090
klassikko	substantiivi	6089
kainuulainen	adjektiivi, substantiivi	6088
brändi	substantiivi	6087
pomo	substantiivi	6083
näytös	substantiivi	6080
polkea	verbi	6080
ylistää	verbi	6079
konkari	substantiivi	6073
alaisuus	substantiivi	6072
jengi	substantiivi	6072
maastopalo	substantiivi	6070
vakuutus	substantiivi	6067
demokraattinen	adjektiivi	6064
vammainen	adjektiivi, substantiivi	6060
ryöstää	verbi	6051
ulkopoliittinen	adjektiivi	6050
riehua	verbi	6049
nykyaika	substantiivi	6047
veronmaksaja	substantiivi	6046
asevoima	substantiivi	6044
monimuotoisuus	substantiivi	6033
keskikenttäpelaaja	substantiivi	6029
sähköyhtiö	substantiivi	6029
talteen	adverbi	6025
epäilys	substantiivi	6024
valtionosuus	substantiivi	6022
pysytellä	verbi	6021
tuhoisa	adjektiivi	6021
sokeri	substantiivi	6015
pato	substantiivi	6013
ELY-keskus	substantiivi	6012
kiitollinen	adjektiivi	6010
vuokra-asunto	substantiivi	6009
asioida	verbi	6008
tyyppinen	adjektiivi	6007
arvosana	substantiivi	6004
veteraani	substantiivi	6004
valio	substantiivi	5998
loppukesä	substantiivi	5996
keskiosa	substantiivi	5995
murskata	verbi	5995
huippu-urheilu	substantiivi	5993
jalkapalloilija	substantiivi	5991
rekisteri	substantiivi	5987
pituinen	adjektiivi	5986
jännittävä	adjektiivi	5984
terveellinen	adjektiivi	5982
juutalainen	substantiivi, adjektiivi	5980
ratikka	substantiivi	5980
surra	verbi	5980
hajottaa	verbi	5979
hengittää	verbi	5975
ennätysmäärä	substantiivi	5970
jäljittää	verbi	5968
turhaan	adverbi	5968
ydinkeskusta	substantiivi	5967
pitkittyä	verbi	5966
mustikka	substantiivi	5964
kumpikaan	pronomini	5957
maastohiihto	substantiivi	5953
väistyä	verbi	5953
piilo	substantiivi	5952
kellari	substantiivi	5950
agentti	substantiivi	5946
vaieta	verbi	5938
kyllästyä	verbi	5937
todennäköisyys	substantiivi	5936
vuosituhat	substantiivi	5935
kauppakamari	substantiivi	5932
kalastaa	verbi	5929
katko	substantiivi*	5929
perintö	substantiivi	5929
täysillä	adverbi	5927
epäselvyys	substantiivi	5925
humala	substantiivi	5925
tabletti	substantiivi	5919
peruuttaa	verbi	5917
turvallisesti	adverbi	5916
valtiollinen	adjektiivi	5914
todistus	substantiivi	5910
kunnallinen	adjektiivi	5909
ylittyä	verbi	5903
sellutehdas	substantiivi	5899
riippumaton	adjektiivi	5895
kitkeä	verbi	5894
yksimielinen	adjektiivi	5894
kymppi	substantiivi	5891
vieri	substantiivi	5886
tupakointi	substantiivi	5885
tulokas	substantiivi	5883
uupua	verbi	5882
herätys	substantiivi	5877
pakkaus	substantiivi	5876
voi	substantiivi	5876
soitin	substantiivi	5875
viljellä	verbi	5872
piano	substantiivi, adverbi	5871
ateria	substantiivi	5870
pihapiiri	substantiivi	5870
meininki	substantiivi	5868
puutteellinen	adjektiivi	5867
aikoinaan	adverbi	5865
partio	substantiivi	5864
veroprosentti	substantiivi	5862
palanen	substantiivi	5861
kontti	substantiivi*	5859
ennakkoäänestys	substantiivi	5855
peitto	substantiivi	5851
ehdokkuus	substantiivi	5845
tanssija	substantiivi	5841
pohjalainen	adjektiivi, substantiivi	5838
kirjeenvaihtaja	substantiivi	5835
toimihenkilö	substantiivi	5831
ohut	adjektiivi	5830
tasku	substantiivi	5827
liittovaltio	substantiivi	5826
osaaja	substantiivi	5824
kaupunginvaltuutettu	substantiivi	5822
selventää	verbi	5821
hämmästyä	verbi	5815
ellei	alistuskonjunktio, kieltoverbi	5814
hissi	substantiivi	5814
ylen	adverbi	5814
osto	substantiivi	5813
sinetöidä	verbi	5812
kansalaisuus	substantiivi	5810
kaupata	verbi	5809
ahkera	adjektiivi	5804
sähköverkko	substantiivi	5802
kivuta	verbi	5797
klubi	substantiivi	5795
uhkaava	adjektiivi	5791
hattu	substantiivi	5790
iltalehti	substantiivi	5790
urakoitsija	substantiivi	5790
sovittaa	verbi	5786
varuste	substantiivi	5785
tyypillisesti	adverbi	5783
siivittää	verbi	5780
velvoite	substantiivi	5774
lähemmäs	prepositio, postpositio, adverbi	5773
riippuvainen	adjektiivi	5770
ylivoimaisesti	adverbi	5770
sairausloma	substantiivi	5767
taajama	substantiivi	5766
istunto	substantiivi	5765
katti	substantiivi	5759
tähtipelaaja	substantiivi	5758
keskeytyä	verbi	5757
mummo	substantiivi	5755
vastaavanlainen	adjektiivi	5755
ahkerasti	adverbi	5754
rikollisuus	substantiivi	5752
apuraha	substantiivi	5751
podcast	substantiivi	5751
siepata	verbi	5749
tahallaan	adverbi	5745
neliömetri	substantiivi	5744
poliisipartio	substantiivi	5742
ylempi	adjektiivi	5740
lukuvuosi	substantiivi	5739
haasteellinen	adjektiivi	5738
pohdinta	substantiivi	5736
epäkohta	substantiivi	5735
ympäristöministeriö	substantiivi	5734
maraton	substantiivi	5733
tärkeys	substantiivi	5729
kroppa	substantiivi	5726
tiikeri	substantiivi	5722
olohuone	substantiivi	5717
rattijuoppo	substantiivi	5717
siemen	substantiivi	5716
kuninkaallinen	adjektiivi, substantiivi	5708
tietoisuus	substantiivi	5704
melu	substantiivi	5703
jälkimmäinen	adjektiivi	5700
tv-sarja	substantiivi	5697
peili	substantiivi	5693
lyseo	substantiivi	5692
vähätellä	verbi	5689
kunnossapito	substantiivi	5686
alaspäin	adverbi	5684
saame	substantiivi	5681
kaksitoista	numeraali	5679
ahdinko	substantiivi	5677
liikevoitto	substantiivi	5675
kypärä	substantiivi	5671
lähiviikko	substantiivi	5668
kesäteatteri	substantiivi	5667
lama	substantiivi*	5665
päihittää	verbi	5664
terroristi	substantiivi	5664
hurrikaani	substantiivi	5661
herkästi	adverbi	5657
taival	substantiivi	5654
aikamoinen	adjektiivi	5653
näyttäytyä	verbi	5653
paheta	verbi	5653
osa-alue	substantiivi	5652
lahjakas	adjektiivi	5650
kaivo	substantiivi	5649
startti	substantiivi	5645
puhtaasti	adverbi	5643
yhteiskunnallinen	adjektiivi	5643
kuve	substantiivi	5640
painia	verbi	5640
rankkasade	substantiivi	5637
sakka	substantiivi	5631
lukumäärä	substantiivi	5626
takaisku	substantiivi	5626
vihollinen	substantiivi	5623
työura	substantiivi	5622
maanviljelijä	substantiivi	5620
jääkiekkoilija	substantiivi	5617
uinti	substantiivi	5617
perusterveydenhuolto	substantiivi	5615
keskiö	substantiivi	5614
kesäinen	adjektiivi	5612
pommi-isku	substantiivi	5610
vaakuna	substantiivi	5610
viikoittain	adverbi	5610
aluevaltuusto	substantiivi	5608
viisitoista	numeraali	5608
väkiluku	substantiivi	5605
räjäyttää	verbi	5601
selvitellä	verbi	5596
kierrätys	substantiivi	5593
opisto	substantiivi	5592
visio	substantiivi	5591
jännite	substantiivi	5589
sukeltaa	verbi	5589
musiikkivideo	substantiivi	5588
nimitys	substantiivi	5584
kerho	substantiivi	5582
lähihoitaja	substantiivi	5579
keskeytys	substantiivi	5578
majoitus	substantiivi	5577
keskinen	adjektiivi	5576
naama	substantiivi	5574
protestoida	verbi	5570
toimintamalli	substantiivi	5568
tuotantokausi	substantiivi	5568
radikaali	adjektiivi, substantiivi	5567
taklata	verbi	5567
lelu	substantiivi	5562
puoluesihteeri	substantiivi	5561
nurkka	substantiivi	5556
testaus	substantiivi	5556
vuodeosasto	substantiivi	5556
huoltoasema	substantiivi	5552
kaatopaikka	substantiivi	5550
koru	substantiivi	5550
elinkeinoministeri	substantiivi	5549
taktiikka	substantiivi	5549
viisas	adjektiivi, substantiivi	5549
pohjautua	verbi	5547
seminaari	substantiivi	5544
vuorovaikutus	substantiivi	5544
tilinpäätös	substantiivi	5542
astia	substantiivi	5540
vakiintua	verbi	5540
huoneisto	substantiivi	5537
maksullinen	adjektiivi	5535
kuuro	substantiivi*	5528
turkkilainen	adjektiivi, substantiivi	5526
sisarus	substantiivi	5523
valaista	verbi	5520
merialue	substantiivi	5519
teknillinen	adjektiivi	5518
vaalipäivä	substantiivi	5518
ylitarkastaja	substantiivi	5516
omena	substantiivi	5515
koettaa	verbi	5514
alin	adjektiivi	5513
elimistö	substantiivi	5512
tuntemus	substantiivi	5512
supistua	verbi	5510
teini	substantiivi	5510
muistomerkki	substantiivi	5509
ennestään	adverbi	5507
kaksinkertaistua	verbi	5507
ensisijainen	adjektiivi	5506
luottavainen	adjektiivi	5506
tutkimuskeskus	substantiivi	5503
keventää	verbi	5502
sika	substantiivi	5493
ympärivuorokautinen	adjektiivi	5493
suola	substantiivi	5490
kiivetä	verbi	5488
diabetes	substantiivi	5486
harvemmin	adverbi	5485
vastakkain	adverbi	5484
yksilöllinen	adjektiivi	5482
terveysala	substantiivi	5476
kurdi	substantiivi	5472
eteläosa	substantiivi	5470
kustannusarvio	substantiivi	5469
koppi	substantiivi*	5468
englanninkielinen	adjektiivi	5463
parkki	substantiivi*	5458
juoksija	substantiivi	5456
sveitsiläinen	adjektiivi, substantiivi	5455
osin		5453
sillanpää	substantiivi	5451
vuokralainen	substantiivi	5451
sammua	verbi	5446
liittymä	substantiivi	5445
vastaavasti	adverbi	5438
gaala	substantiivi	5435
kyläläinen	substantiivi	5435
lepistö	substantiivi	5435
salibandy	substantiivi	5435
kesämökki	substantiivi	5430
vierasjoukkue	substantiivi	5428
maailmanlaajuisesti	adverbi	5424
norppa	substantiivi	5423
lihas	substantiivi	5422
maltti	substantiivi	5422
vaatimaton	adjektiivi	5418
jättimäinen	adjektiivi	5415
para	substantiivi	5415
synty	substantiivi	5414
kiihdyttää	verbi	5411
rouva	substantiivi	5411
lausua	verbi	5410
tyly	adjektiivi	5410
vannoa	verbi	5406
kreikkalainen	adjektiivi, substantiivi	5404
luotto	substantiivi	5396
seurakuntayhtymä	substantiivi	5391
englantilainen	adjektiivi, substantiivi	5385
ystävyys	substantiivi	5383
maailmanennätys	substantiivi	5377
puoltaa	verbi	5376
lievästi	adverbi	5374
hiljalleen	adverbi	5373
alamäki	substantiivi	5371
kypsyä	verbi	5371
kertaalleen	adverbi	5369
lautanen	substantiivi	5369
vaille	postpositio, prepositio, adverbi	5369
tietynlainen	adjektiivi	5365
pääty	substantiivi	5363
vanheta	verbi	5363
elvyttää	verbi	5360
aggressiivinen	adjektiivi	5356
kehu	substantiivi	5356
sosiaalityöntekijä	substantiivi	5355
vala	substantiivi	5353
päteä	verbi	5352
asutus	substantiivi	5349
luo	postpositio	5348
vauhdikas	adjektiivi	5346
lähiö	substantiivi	5339
pistepörssi	substantiivi	5339
huomautus	substantiivi	5336
järkyttyä	verbi	5334
suihku	substantiivi	5332
kettu	substantiivi	5330
juhlavuosi	substantiivi	5328
rasva	substantiivi	5328
väärentää	verbi	5327
planeetta	substantiivi	5326
kaaos	substantiivi	5317
poikia	verbi	5317
aidosti	adverbi	5315
ympäristövaikutus	substantiivi	5315
menettely	substantiivi	5314
diagnoosi	substantiivi	5313
musikaali	substantiivi	5307
hyytyä	verbi	5303
keihäs	substantiivi	5303
joutsen	substantiivi	5302
eteläpuoli	substantiivi	5301
sulku	substantiivi	5300
nappi	substantiivi, adjektiivi	5298
vallankumous	substantiivi	5292
vedenpinta	substantiivi	5288
harmi	substantiivi	5285
ilotulitus	substantiivi	5284
kielletty	adjektiivi	5284
oikeustalo	substantiivi	5281
toimitila	substantiivi	5279
vastus	substantiivi	5279
vetäjä	substantiivi	5279
syöksyä	verbi	5276
reippaasti	adverbi	5273
saldo	substantiivi	5272
purkautua	verbi	5268
alennus	substantiivi	5267
opas	substantiivi	5264
työkaveri	substantiivi	5260
legenda	substantiivi	5258
tuomiokirkko	substantiivi	5258
koulurakennus	substantiivi	5255
väkisin	adverbi	5255
tosiaan	adverbi	5253
show	substantiivi	5250
akatemia	substantiivi	5248
kioski	substantiivi	5248
erotuomari	substantiivi	5247
kohentaa	verbi	5246
vetoomus	substantiivi	5245
osoitus	substantiivi	5241
vatsa	substantiivi	5237
rohkeasti	adverbi	5233
pesiä	verbi	5232
taantuma	substantiivi	5232
ennemmin	adverbi	5230
hämmästellä	verbi	5228
pesäpallo	substantiivi	5228
eläköityä	verbi	5224
kyseenalainen	adjektiivi	5223
kenraali	substantiivi	5222
väitöskirja	substantiivi	5219
velkaantua	verbi	5218
oppitunti	substantiivi	5215
niemimaa	substantiivi	5213
varsinaisesti	adverbi	5211
pelisääntö	substantiivi	5208
vanhentua	verbi	5208
kytkeä	verbi	5207
kemikaali	substantiivi	5206
merkintä	substantiivi	5205
syntymä	substantiivi	5203
liikkuva	adjektiivi	5192
hyönteinen	substantiivi	5191
kiteyttää	verbi	5188
huumausainerikos	substantiivi	5185
psykiatrinen	adjektiivi	5185
painava	adjektiivi	5184
lakka	substantiivi*	5182
länsimainen	adjektiivi	5181
puukottaa	verbi	5181
pohjavesi	substantiivi	5177
luokse	postpositio	5171
rakennuslupa	substantiivi	5170
myöskin	adverbi	5169
nato	substantiivi	5169
kärsimys	substantiivi	5167
aktiivisuus	substantiivi	5165
vihapuhe	substantiivi	5159
suuresti	adverbi	5158
pääoma	substantiivi	5154
seikkailu	substantiivi	5154
kiriä	verbi	5153
päärakennus	substantiivi	5153
murhata	verbi	5149
suunnilleen	adverbi	5149
järkyttävä	adjektiivi	5144
katukuva	substantiivi	5143
kamala	adjektiivi, substantiivi	5136
arpoa	verbi	5133
vetovoima	substantiivi	5132
edistyä	verbi	5131
laivasto	substantiivi	5127
kristillinen	adjektiivi	5126
veikata	verbi	5125
miellyttää	verbi	5124
ammuskelu	substantiivi	5123
kosteus	substantiivi	5121
käsite	substantiivi	5118
salon	substantiivi	5114
lomake	substantiivi	5113
ilmeinen	adjektiivi*	5111
kampanjoida	verbi	5109
vartioida	verbi	5102
edelle	adverbi, postpositio, prepositio	5101
kääriä	verbi	5101
sääennuste	substantiivi	5100
kriitikko	substantiivi	5097
nollapeli	substantiivi	5097
taimi	substantiivi	5097
innostus	substantiivi	5094
kaavoitus	substantiivi	5092
kristillisdemokraatti	substantiivi	5092
lautta	substantiivi	5089
etänä	adverbi	5082
osakas	substantiivi	5081
tarpeeton	adjektiivi	5080
ennalta	adverbi	5076
systeemi	substantiivi	5075
saanti	substantiivi	5074
mantere	substantiivi	5069
purku	substantiivi	5069
lääketieteellinen	adjektiivi	5068
elämys	substantiivi	5065
kortteli	substantiivi	5064
leipomo	substantiivi	5064
väsymys	substantiivi	5063
jersey	substantiivi	5061
kiihkeä	adjektiivi	5060
vältellä	verbi	5060
eläinpuisto	substantiivi	5058
levy-yhtiö	substantiivi	5057
sentään	adverbi	5057
happi	substantiivi	5056
keskikenttä	substantiivi	5056
kiireetön	adjektiivi	5055
tasoitus	substantiivi	5055
humanitaarinen	adjektiivi	5054
viive	substantiivi	5050
tukkia	verbi	5048
tylsä	adjektiivi	5047
lieventää	verbi	5046
metsätalousministeriö	substantiivi	5045
jalostaa	verbi	5043
pysäköinti	substantiivi	5043
liitos	substantiivi	5042
kaapata	verbi	5037
rantautua	verbi	5037
vaikuttaja	substantiivi	5035
doping	substantiivi	5032
merkeli	substantiivi	5029
puinen	adjektiivi	5029
kärjistyä	verbi	5028
kukkia	verbi	5026
viite	substantiivi	5025
ruma	adjektiivi, substantiivi	5020
kylpylä	substantiivi	5015
ydinvoima	substantiivi	5014
elektroninen	adjektiivi	5007
ruusu	substantiivi	5007
jalankulkija	substantiivi	5004
ydinase	substantiivi	5004
luonteva	adjektiivi	5002
paljas	adjektiivi	5002
sekava	adjektiivi, substantiivi	5001
säädellä	verbi	5001
fysiikka	substantiivi	4998
kanslia	substantiivi	4998
sivullinen	adjektiivi, substantiivi	4993
järistys	substantiivi	4989
ortodoksinen	adjektiivi	4989
hallinnoida	verbi	4982
euromaa	substantiivi	4980
toistakymmentä	numeraali	4980
ehjä	adjektiivi	4979
pyrintö	substantiivi	4978
palopaikka	substantiivi	4977
koulupäivä	substantiivi	4974
romahdus	substantiivi	4972
veronkorotus	substantiivi	4971
mietityttää	verbi	4970
hankaloittaa	verbi	4969
asuntolaina	substantiivi	4967
juliste	substantiivi	4967
puolalainen	adjektiivi, substantiivi	4967
tervehtiä	verbi	4966
poisto	substantiivi	4962
vireillä	adverbi	4955
lampi	substantiivi	4947
vakuuttava	adjektiivi	4946
katkos	substantiivi	4944
väistää	verbi	4943
kehitellä	verbi	4942
toimeentulotuki	substantiivi	4942
sähköpotkulauta	substantiivi	4939
ohessa	postpositio, adverbi	4938
lehdistö	substantiivi	4935
hyödyllinen	adjektiivi	4932
moskeija	substantiivi	4932
raitti	substantiivi	4932
eristys	substantiivi	4931
johtokunta	substantiivi	4929
liika	adjektiivi, substantiivi, adverbi	4928
kolikko	substantiivi	4924
ilmaisu	substantiivi	4923
vaikeutua	verbi	4923
lanka	substantiivi	4915
rekrytoida	verbi	4915
kummallinen	adjektiivi	4912
laajalti	adverbi	4910
rahoittaja	substantiivi	4908
syyteharkinta	substantiivi	4908
ostoskeskus	substantiivi	4907
pudotus	substantiivi	4907
kultamitali	substantiivi	4904
kuvitus	substantiivi	4903
hyväksyttävä	adjektiivi	4902
avajaiset	substantiivi	4896
langettaa	verbi	4896
samanaikaisesti	adverbi	4896
olemassaolo	substantiivi	4895
hallintojohtaja	substantiivi	4894
ilmaantua	verbi	4894
ilahduttaa	verbi	4887
uhkailla	verbi	4885
jyrkästi	adverbi	4884
kauhu	substantiivi	4884
gramma	substantiivi	4874
abortti	substantiivi	4871
reipas	adjektiivi	4869
ennakkoluulo	substantiivi	4866
leirintäalue	substantiivi	4865
urho	substantiivi	4864
harjoitusottelu	substantiivi	4862
oiva	adjektiivi	4861
alppihiihto	substantiivi	4859
piilottaa	verbi	4859
maakaasu	substantiivi	4856
viihde	substantiivi	4855
asiakaspalvelu	substantiivi	4854
australialainen	adjektiivi, substantiivi	4854
symboli	substantiivi	4852
kurittaa	verbi	4851
ranne	substantiivi	4847
tuomi	substantiivi	4847
komisario	substantiivi	4843
merivartiosto	substantiivi	4840
tutkimustulos	substantiivi	4839
sulattaa	verbi	4837
valikoima	substantiivi	4836
raati	substantiivi	4835
vihainen	adjektiivi	4835
hermo	substantiivi	4832
elpyä	verbi	4830
haava	substantiivi*	4826
pyöräillä	verbi	4824
kansliapäällikkö	substantiivi	4820
kiehtoa	verbi	4820
vaikuttava	adjektiivi	4820
epätodennäköinen	adjektiivi	4819
talouskriisi	substantiivi	4819
työpaja	substantiivi	4819
vasemmisto	substantiivi	4817
ulkoinen	adjektiivi	4806
komitea	substantiivi	4805
kolaroida	verbi	4804
hiili	substantiivi	4800
kansakunta	substantiivi	4798
valaistus	substantiivi	4798
nykyaikainen	adjektiivi	4794
saimaannorppa	substantiivi	4794
odotetusti	adverbi	4792
miehittää	verbi	4791
kellua	verbi	4789
alkuilta	substantiivi	4785
luova	adjektiivi	4785
aurinkopaneeli	substantiivi	4781
syke	substantiivi	4781
lähetä	verbi	4779
marketti	substantiivi	4777
tinkiä	verbi	4777
business	substantiivi	4776
sietää	verbi	4776
filosofia	substantiivi	4772
huoltaa	verbi	4769
hovi	substantiivi	4767
hallituskausi	substantiivi	4764
ilotulite	substantiivi	4764
jarruttaa	verbi	4763
kuolemantapaus	substantiivi	4762
likainen	adjektiivi	4758
osuuskunta	substantiivi	4752
eurovaalit	substantiivi	4751
sarjakuva	substantiivi	4750
strateginen	adjektiivi	4749
tilaaja	substantiivi	4749
paikallaan	adverbi	4748
sielu	substantiivi	4747
puristaa	verbi	4746
pyörätuoli	substantiivi	4746
pesu	substantiivi	4742
liiketila	substantiivi	4737
ylijohtaja	substantiivi	4737
välikohtaus	substantiivi	4735
selville	adverbi	4734
hammaslääkäri	substantiivi	4733
malttaa	verbi	4733
tuoksu	substantiivi	4733
kyläkoulu	substantiivi	4732
naureskella	verbi	4731
kostea	adjektiivi	4730
tyytymätön	adjektiivi	4730
nauru	substantiivi	4729
ulkoa	adverbi	4729
rakenteellinen	adjektiivi	4728
myrkky	substantiivi	4727
voimavarat	substantiivi	4725
matkapuhelin	substantiivi	4724
asento	substantiivi	4723
tarkastelu	substantiivi	4716
alkuperäiskansa	substantiivi	4715
rehellinen	adjektiivi	4715
ruokailu	substantiivi	4713
riemu	substantiivi	4712
vuotuinen	adjektiivi	4712
epäasiallinen	adjektiivi	4711
kuormitus	substantiivi	4704
insinööri	substantiivi	4703
sääntely	substantiivi	4703
heitellä	verbi	4701
poimija	substantiivi	4700
arkkitehtuuri	substantiivi	4699
mylly	substantiivi	4698
varsi	substantiivi	4697
erinomaisesti	adverbi	4692
punnita	verbi	4691
satanen	substantiivi	4688
joulukuusi	substantiivi	4687
niellä	verbi	4687
nyrkki	substantiivi	4687
onnitella	verbi	4687
pelipaikka	substantiivi	4687
katua	verbi	4682
huijaus	substantiivi	4681
viisumi	substantiivi	4681
adressi	substantiivi	4679
pysäköidä	verbi	4678
täysistunto	substantiivi	4676
rutiini	substantiivi	4669
huuto	substantiivi	4668
painottua	verbi	4668
työmatka	substantiivi	4667
asianomistaja	substantiivi	4664
uuni	substantiivi	4664
terminaali	substantiivi	4663
neuvonantaja	substantiivi	4659
debytoida	verbi	4656
hiki	substantiivi	4655
oppositiopuolue	substantiivi	4655
aarre	substantiivi	4653
ohikulkija	substantiivi	4652
eläintarha	substantiivi	4648
ruskea	adjektiivi	4644
viulu	substantiivi	4643
kätilö	substantiivi	4640
operaattori	substantiivi	4640
sävel	substantiivi	4640
siivous	substantiivi	4639
toiveikas	adjektiivi	4639
suojautua	verbi	4636
mellakka	substantiivi	4635
toi	pronomini	4630
ruoka-apu	substantiivi	4628
yrittäjyys	substantiivi	4628
europarlamentaarikko	substantiivi	4627
kuuntelija	substantiivi	4626
bulla	substantiivi	4625
sote	substantiivi	4621
osaksi	adverbi	4605
anonyymi	adjektiivi	4603
varoa	verbi	4603
panostus	substantiivi	4601
teollinen	adjektiivi	4601
toimialajohtaja	substantiivi	4599
rikostutkinta	substantiivi	4597
suostumus	substantiivi	4597
rupla	substantiivi	4596
kuulemma	adverbi	4594
hylky	substantiivi	4591
profiili	substantiivi	4590
tasapainottaa	verbi	4589
mielenterveysongelma	substantiivi	4586
sekaisin	adverbi	4585
flunssa	substantiivi	4584
myönteisesti	adverbi	4584
väliaikaisesti	adverbi	4584
laukku	substantiivi	4577
veitsi	substantiivi	4577
yökerho	substantiivi	4573
leipoa	verbi	4570
tuumia	verbi	4570
vakuuttua	verbi	4565
urheilla	verbi	4563
avoimuus	substantiivi	4561
syyllisyys	substantiivi	4557
veistos	substantiivi	4556
lappi	substantiivi	4551
heikkous	substantiivi	4550
henkilötyövuosi	substantiivi	4550
toimintakyky	substantiivi	4547
sisäilma	substantiivi	4545
tehokkuus	substantiivi	4544
ensikertalainen	substantiivi	4543
kireä	adjektiivi	4543
kysymysmerkki	substantiivi	4542
paliskunta	substantiivi	4538
lauma	substantiivi	4534
myöhäinen	adjektiivi, substantiivi	4532
tavaratalo	substantiivi	4527
automaatti	substantiivi	4524
tarkentua	verbi	4523
nilkka	substantiivi	4522
ympäriajo	substantiivi	4522
ale	substantiivi*	4521
älykäs	adjektiivi	4521
loppuunmyydä	verbi	4520
pätevä	adjektiivi	4519
ylle	postpositio, adverbi	4515
ulkopuoli	substantiivi	4513
varapresidentti	substantiivi	4511
käsikirjoittaja	substantiivi	4509
tasa-arvoinen	adjektiivi	4509
potentiaalinen	adjektiivi	4508
suinkaan	adverbi	4507
kelkka	substantiivi	4505
influenssa	substantiivi	4504
peru	substantiivi	4503
spekuloida	verbi	4503
toppari	substantiivi	4501
laittomasti	adverbi	4500
arvata	verbi	4499
kulissi	substantiivi	4499
edeltäjä	substantiivi	4498
tiistainen	adjektiivi	4498
housut	substantiivi	4497
teollisuusalue	substantiivi	4497
kuvataiteilija	substantiivi	4496
talvisota	substantiivi	4494
journalismi	substantiivi	4493
kustantaa	verbi	4492
liittolainen	substantiivi	4491
nuuska	substantiivi	4491
salo	substantiivi	4491
alustaa	verbi	4490
järkyttää	verbi	4489
järjestellä	verbi	4488
aino	substantiivi	4486
ilmatila	substantiivi	4484
kuvernööri	substantiivi	4484
oikeusasiamies	substantiivi	4482
internet	substantiivi	4479
siirtymä	substantiivi	4477
kurkku	substantiivi*	4474
päämaja	substantiivi	4473
toimeentulo	substantiivi	4473
uskottava	adjektiivi	4473
vartti	substantiivi	4472
homo	substantiivi	4471
oikeuskansleri	substantiivi	4469
nätti	adjektiivi	4468
kompromissi	substantiivi	4466
ammattitaito	substantiivi	4465
kuusisto	substantiivi	4465
juomavesi	substantiivi	4464
yritystoiminta	substantiivi	4461
kuula	substantiivi	4459
liikkeellä	adverbi	4459
katolinen	adjektiivi, substantiivi	4457
komedia	substantiivi	4457
aikaisintaan	adverbi	4453
oppositiojohtaja	substantiivi	4452
voi	interjektio	4451
elinkautinen	adjektiivi	4449
luoma	substantiivi	4448
kategoria	substantiivi	4445
kruunata	verbi	4445
live	substantiivi	4445
jätehuolto	substantiivi	4441
tykittää	verbi	4440
hus	interjektio	4438
palkankorotus	substantiivi	4437
pianisti	substantiivi	4436
operoida	verbi	4432
paniikki	substantiivi	4425
kasvis	substantiivi	4424
tietomurto	substantiivi	4424
irtautua	verbi	4422
kunnianhimoinen	adjektiivi	4421
vinkata	verbi	4419
sukeltaja	substantiivi	4418
eksyä	verbi	4416
heiluttaa	verbi	4415
rinki	substantiivi	4409
pikaisesti	adverbi	4408
pinta-ala	substantiivi	4408
lepo	substantiivi	4404
äärioikeistolainen	adjektiivi, substantiivi	4403
veneilijä	substantiivi	4402
virtuaalinen	adjektiivi	4402
tulkki	substantiivi*	4399
taka	substantiivi	4397
kirkonkylä	substantiivi	4396
virittää	verbi	4395
pääkirjasto	substantiivi	4393
amfetamiini	substantiivi	4392
häät	substantiivi	4392
ajella	verbi	4389
syrjiä	verbi	4388
kasvatti	substantiivi	4384
vankka	adjektiivi	4384
harteet	substantiivi	4383
pelinjohtaja	substantiivi	4382
rakastua	verbi	4382
varressa	postpositio	4379
juhlinta	substantiivi	4378
viina	substantiivi	4378
etninen	adjektiivi	4377
kuulustella	verbi	4375
bensa	substantiivi	4374
arvonlisävero	substantiivi	4372
pysäkki	substantiivi	4372
tappelu	substantiivi	4371
väre	substantiivi	4371
äänestyspaikka	substantiivi	4366
fiksu	adjektiivi	4364
ope	substantiivi	4363
jumalanpalvelus	substantiivi	4361
työyhteisö	substantiivi	4360
asunnoton	adjektiivi, substantiivi	4357
olkapää	substantiivi	4354
marssi	substantiivi	4353
eliitti	substantiivi	4351
islam	substantiivi	4351
kaavoittaa	verbi	4351
poikkeusolot	substantiivi	4345
suhteuttaa	verbi	4344
konsepti	substantiivi	4342
äänioikeutettu	adjektiivi, substantiivi	4341
äskettäin	adverbi	4340
arvoitus	substantiivi	4337
kauneus	substantiivi	4337
seurue	substantiivi	4337
diesel	substantiivi	4336
luovuus	substantiivi	4335
omata	verbi	4335
uusivuosi	substantiivi	4335
DJ	substantiivi	4334
seksuaalisuus	substantiivi	4333
tuijottaa	verbi	4333
pyyhkiä	verbi	4332
bruttokansantuote	substantiivi	4328
kosketus	substantiivi	4328
onnekas	adjektiivi	4325
valottaa	verbi	4324
palautus	substantiivi	4322
lauantaiaamu	substantiivi	4321
merkityksellinen	adjektiivi	4320
mänty	substantiivi	4320
väärinkäytös	substantiivi	4318
väärinkäyttö	substantiivi	4317
luukku	substantiivi	4316
tositoimi	substantiivi	4311
edesmennyt	adjektiivi, substantiivi	4310
tietojärjestelmä	substantiivi	4309
tutka	substantiivi	4309
täydellisesti	adverbi	4306
terapia	substantiivi	4304
koulunkäynti	substantiivi	4303
punta	substantiivi	4303
rautatie	substantiivi	4300
ravintola-ala	substantiivi	4300
entistää	verbi	4297
väkijoukko	substantiivi	4297
solmita	verbi	4296
kätellä	verbi	4295
ylioppilastutkintolautakunta	substantiivi	4294
israelilainen	adjektiivi, substantiivi	4293
kohokohta	substantiivi	4293
nauha	substantiivi	4293
intialainen	adjektiivi, substantiivi	4292
uudisrakennus	substantiivi	4292
takavuosi	substantiivi	4290
lakisääteinen	adjektiivi	4288
lukuisa	adjektiivi	4282
puukko	substantiivi	4281
vastoa	verbi	4281
huippu-urheilija	substantiivi	4280
sotaharjoitus	substantiivi	4279
moninkertainen	adjektiivi	4277
valikoitua	verbi	4277
mikrofoni	substantiivi	4276
suojatie	substantiivi	4276
keksintö	substantiivi	4265
toistamiseen	adverbi	4264
vaalikampanja	substantiivi	4261
lappu	substantiivi	4260
lauantainen	adjektiivi	4260
paperitehdas	substantiivi	4259
helmi	substantiivi	4258
halata	verbi*	4257
hyödyttää	verbi	4257
luottamushenkilö	substantiivi	4257
puhdistus	substantiivi	4257
hukata	verbi	4256
kestävyys	substantiivi	4253
rotta	substantiivi	4252
kutistua	verbi	4249
jäljessä	postpositio, adverbi	4246
työvuoro	substantiivi	4246
äkillinen	adjektiivi	4244
poliittisesti	adverbi	4239
rauta	substantiivi	4236
yltyä	verbi	4236
käskeä	verbi	4235
ylioppilaskirjoitukset	substantiivi	4233
semifinaali	substantiivi	4229
liikennemerkki	substantiivi	4228
romani	substantiivi	4228
tasata	verbi	4226
levä	substantiivi	4225
altistaa	verbi	4224
kohtalainen	adjektiivi	4223
potkia	verbi	4221
työttömyysaste	substantiivi	4218
kuori	substantiivi*	4217
levypallo	substantiivi	4216
ponnistaa	verbi	4215
pikkarainen	adjektiivi	4214
leppä	substantiivi	4213
tuisku	substantiivi	4213
biojäte	substantiivi	4211
äärioikeisto	substantiivi	4211
osallisuus	substantiivi	4210
luottamusmies	substantiivi	4205
ensinnä	adverbi	4203
ylitys	substantiivi	4200
pimeys	substantiivi	4199
automaattinen	adjektiivi	4198
viimevuotinen	adjektiivi	4196
joustava	adjektiivi	4195
signaali	substantiivi	4194
kemia	substantiivi	4192
pakoon	adverbi	4191
opetusministeri	substantiivi	4187
piippu	substantiivi	4187
viikonloppuisin	adverbi	4187
karkuun	adverbi	4186
luonnos	substantiivi	4185
muotoilu	substantiivi	4185
äkkiä	adverbi	4184
ele	substantiivi	4183
taulukko	substantiivi	4183
tallenne	substantiivi	4182
konservatiivinen	adjektiivi	4181
turvakoti	substantiivi	4180
aamulehti	substantiivi	4176
revontulet	substantiivi	4176
lähitulevaisuus	substantiivi	4174
perjantainen	adjektiivi	4171
eläkeikä	substantiivi	4170
tuulivoimapuisto	substantiivi	4169
muutosneuvottelu	substantiivi	4167
päämäärä	substantiivi	4167
hiiri	substantiivi	4166
taloustutkimus	substantiivi	4165
lähempi	adjektiivi	4162
nuotio	substantiivi	4162
katkoa	verbi	4161
työministeri	substantiivi	4161
ratapiha	substantiivi	4160
ekologinen	adjektiivi	4158
sesonki	substantiivi	4155
turku	substantiivi	4154
imago	substantiivi	4153
retki	substantiivi	4151
perustaso	substantiivi	4148
ikuinen	adjektiivi	4147
yksityisyys	substantiivi	4147
hahmottaa	verbi	4146
viihdyttää	verbi	4146
kolmesti	adverbi	4145
fossiilinen	adjektiivi	4143
tarkkuus	substantiivi	4143
veturi	substantiivi	4143
keski-ikä	substantiivi	4141
kotipeli	substantiivi	4134
päiväkirja	substantiivi	4134
tytti	substantiivi	4134
korte	substantiivi	4131
lääkitys	substantiivi	4126
panttivanki	substantiivi	4126
puoluejohtaja	substantiivi	4125
ulkopolitiikka	substantiivi	4125
runoilija	substantiivi	4124
kypsä	adjektiivi	4120
nurmikko	substantiivi	4120
rikosnimike	substantiivi	4120
valitettava	adjektiivi	4120
tankata	verbi*	4119
talkoot	substantiivi	4116
vasa	substantiivi*	4116
tappioputki	substantiivi	4115
liittouma	substantiivi	4114
teini-ikäinen	adjektiivi	4111
välistä	postpositio, adverbi	4110
syrjä	substantiivi	4109
entuudestaan	adverbi	4108
kielitaito	substantiivi	4106
pikkupoika	substantiivi	4106
laitto	substantiivi	4105
pommitus	substantiivi	4103
kaivaus	substantiivi	4102
kananmuna	substantiivi	4101
lauta	substantiivi	4101
peräsin	substantiivi	4100
evakko	substantiivi	4097
varikko	substantiivi	4097
tehdasalue	substantiivi	4095
peruskorjata	verbi	4094
haavi	substantiivi	4092
hanska	substantiivi	4092
terroristijärjestö	substantiivi	4091
pelastustoimi	substantiivi	4090
syntymäpäivä	substantiivi	4090
hiihtokeskus	substantiivi	4089
epäilyttävä	adjektiivi	4085
unkari	substantiivi	4081
alivoima	substantiivi	4079
palkansaaja	substantiivi	4079
tuttava	substantiivi, adjektiivi	4078
liikuttaa	verbi	4076
lennättää	verbi	4075
tuoreeltaan	adverbi	4074
ikäraja	substantiivi	4073
kulkeutua	verbi	4072
saalistaa	verbi	4071
itsenäistyä	verbi	4070
peura	substantiivi	4069
liehua	verbi	4068
konsultti	substantiivi	4067
pikainen	adjektiivi	4067
provinssi	substantiivi	4066
ammattimainen	adjektiivi	4065
kiirehtiä	verbi	4064
kipinä	substantiivi	4064
painopiste	substantiivi	4064
pyörähtää	verbi	4064
ajoittua	verbi	4063
jäinen	adjektiivi	4063
saastua	verbi	4063
islamilainen	adjektiivi, substantiivi	4061
stressata	verbi	4061
biologinen	adjektiivi	4060
voimistua	verbi	4058
erikoissairaanhoito	substantiivi	4057
tupa	substantiivi	4056
osaottelu	substantiivi	4052
rakennuttaa	verbi	4052
varjostaa	verbi	4052
lukkari	substantiivi*	4051
neljäsosa	substantiivi	4050
liberaali	substantiivi, adjektiivi	4049
kuoppa	substantiivi	4048
valikoida	verbi	4044
kiinteistövero	substantiivi	4043
hyökkäyssota	substantiivi	4042
kunnioitus	substantiivi	4042
sauma	substantiivi	4042
oranssi	adjektiivi, substantiivi	4041
uskottavuus	substantiivi	4041
vajota	verbi	4041
opetussuunnitelma	substantiivi	4040
ennenaikainen	adjektiivi	4038
mahtaa	verbi	4036
naimisiin	adverbi	4035
pop	adverbi, substantiivi	4032
puheenjohtajuus	substantiivi	4032
kesäaika	substantiivi	4031
hankaluus	substantiivi	4025
jääkaappi	substantiivi	4025
repo	substantiivi	4025
käräjät	substantiivi	4024
noste	substantiivi	4024
noutaa	verbi	4023
poutainen	adjektiivi	4022
kukkaro	substantiivi	4020
ankkuri	substantiivi	4015
karsiutua	verbi	4014
tyhmä	adjektiivi, substantiivi	4010
ennennäkemätön	adjektiivi	4008
asfaltti	substantiivi	4007
painostus	substantiivi	4007
itäosa	substantiivi	4006
mysteeri	substantiivi	4006
helvetti	substantiivi	4005
kilpakumppani	substantiivi	4005
tiski	substantiivi	4005
sarjataso	substantiivi	4001
sukka	substantiivi	4001
laiho	substantiivi	3999
maakunnallinen	adjektiivi	3999
elinkeino	substantiivi	3997
julma	adjektiivi	3995
pöly	substantiivi	3995
tuhka	substantiivi	3995
pako	substantiivi	3994
houkuttaa	verbi	3992
laiminlyönti	substantiivi	3991
terveydenhoitaja	substantiivi	3988
kehno	adjektiivi, substantiivi	3987
pommittaa	verbi	3985
sunnuntaiaamu	substantiivi	3985
vanhainkoti	substantiivi	3984
jätevedenpuhdistamo	substantiivi	3983
työhuone	substantiivi	3983
hioa	verbi	3981
viljely	substantiivi	3980
tarvike	substantiivi	3979
asuinpaikka	substantiivi	3978
rahallinen	adjektiivi	3977
finalisti	substantiivi	3976
heilua	verbi	3975
lyly	substantiivi	3974
itsenäisesti	adverbi	3973
lahjakkuus	substantiivi	3973
tyytymättömyys	substantiivi	3973
kesäisin	adverbi	3972
anoa	verbi	3971
vihannes	substantiivi	3971
mukavasti	adverbi	3968
tukipaketti	substantiivi	3966
olemus	substantiivi	3961
emäntä	substantiivi	3960
satelliitti	substantiivi	3958
koomikko	substantiivi	3955
lämmitys	substantiivi	3954
promille	substantiivi	3951
pyöritellä	verbi	3951
kirjautua	verbi	3949
tuntuvasti	adverbi	3947
raitiovaunu	substantiivi	3945
koordinoida	verbi	3943
kontrolloida	verbi	3942
psyykkinen	adjektiivi	3942
testitulos	substantiivi	3942
vierasvoitto	substantiivi	3942
kuorma	substantiivi	3937
piinata	verbi	3937
varovaisuus	substantiivi	3933
ihastella	verbi	3932
vesisade	substantiivi	3932
betoni	substantiivi	3931
positiivisesti	adverbi	3929
tuulipuisto	substantiivi	3929
älytön	adjektiivi, substantiivi	3929
kerttu	substantiivi	3928
hermostua	verbi	3924
musiikillinen	adjektiivi	3924
koristella	verbi	3922
lyhytaikainen	adjektiivi	3922
loppiainen	substantiivi	3921
kaukaa	adverbi	3919
etteikö	alistuskonjunktio, kieltoverbi	3918
pääomatulo	substantiivi	3918
mieltää	verbi	3915
byrokratia	substantiivi	3914
paraati	substantiivi	3913
pukukoppi	substantiivi	3913
eka	numeraali	3910
paisua	verbi	3909
selvittely	substantiivi	3909
pönttö	substantiivi	3908
konservatiivi	substantiivi	3907
lausunta	substantiivi	3905
napapiiri	substantiivi	3905
pelitapa	substantiivi	3904
mieletön	adjektiivi, substantiivi	3903
naurattaa	verbi	3903
huolellisesti	adverbi	3902
kupari	substantiivi	3902
lukita	verbi	3900
valehdella	verbi	3900
kansalaisopisto	substantiivi	3899
purjehtia	verbi	3899
palveluasuminen	substantiivi	3898
vuodenaika	substantiivi	3897
hiilidioksidi	substantiivi	3896
tiivistyä	verbi	3892
mielikuvitus	substantiivi	3891
muistisairas	adjektiivi, substantiivi	3891
hoiva	substantiivi	3888
sisu	substantiivi	3886
vakuus	substantiivi	3886
armo	substantiivi	3884
kymi	substantiivi	3881
nöyryyttää	verbi	3881
kansalaisjärjestö	substantiivi	3880
perhonen	substantiivi	3880
tappiollinen	adjektiivi	3879
leffa	substantiivi	3878
sotilasliitto	substantiivi	3878
asuntomessut	substantiivi	3877
valvontakamera	substantiivi	3877
vesivahinko	substantiivi	3877
maaliton	adjektiivi*	3875
lompakko	substantiivi	3873
kohtalokas	adjektiivi	3869
DNA	substantiivi	3868
havahtua	verbi	3868
luola	substantiivi	3865
imeä	verbi	3864
sinkku	substantiivi	3862
matsi	substantiivi	3861
liikennöinti	substantiivi	3860
pyöreä	adjektiivi	3859
käsky	substantiivi	3858
peräänkuuluttaa	verbi	3858
kaivinkone	substantiivi	3857
skandaali	substantiivi	3854
sunnuntainen	adjektiivi	3853
esittely	substantiivi	3852
piirros	substantiivi	3852
ah	interjektio	3850
aseellinen	adjektiivi	3849
tapella	verbi	3849
kunnas	substantiivi	3847
ääneen	adverbi	3844
saksa	substantiivi	3841
siili	substantiivi*	3839
syventää	verbi	3838
kupla	substantiivi	3837
vieraskenttä	substantiivi	3837
kulkue	substantiivi	3836
huuli	substantiivi	3835
laitahyökkääjä	substantiivi	3835
kunnari	substantiivi	3834
teknisesti	adverbi	3834
tiedustella	verbi	3834
ekonomisti	substantiivi	3832
kynsi	substantiivi	3828
mustavalkoinen	adjektiivi	3828
elokuvajuhlat	substantiivi	3826
innovaatio	substantiivi	3823
kauppahalli	substantiivi	3823
kärkisija	substantiivi	3823
millimetri	substantiivi	3823
geeni	substantiivi	3821
ideoida	verbi	3821
mainonta	substantiivi	3819
ymmärrettävä	adjektiivi	3818
sanktio	substantiivi	3817
havitella	verbi	3815
lasti	substantiivi	3814
teho-osasto	substantiivi	3814
kuulumiset	substantiivi	3811
anti	substantiivi	3808
ansiotulo	substantiivi	3807
heittäytyä	verbi	3804
loppukilpailu	substantiivi	3804
kota	substantiivi	3803
väkevä	adjektiivi, substantiivi	3803
kuntouttaa	verbi	3802
hengenvaarallinen	adjektiivi	3801
työtaistelu	substantiivi	3801
intressi	substantiivi	3800
vapaaehtoisesti	adverbi	3800
saamelaiskäräjät	substantiivi	3799
rauhanturvaaja	substantiivi	3798
kotiuttaa	verbi	3797
lehtori	substantiivi	3796
vierasottelu	substantiivi	3796
väläyttää	verbi	3796
käännyttää	verbi	3794
menevä	adjektiivi	3790
uusinta	substantiivi	3790
afrikkalainen	adjektiivi, substantiivi	3789
natsi	substantiivi	3789
myrkyllinen	adjektiivi	3787
määritelmä	substantiivi	3787
halki	adverbi, postpositio, prepositio	3786
hoitohenkilökunta	substantiivi	3784
kunnollinen	adjektiivi	3783
biokaasu	substantiivi	3781
rentoutua	verbi	3781
kaksivuotinen	adjektiivi	3778
taakka	substantiivi	3777
tiedekunta	substantiivi	3777
sentteri	substantiivi	3776
virheellisesti	adverbi	3775
tallentua	verbi	3774
nurin	adverbi	3772
piillä	verbi	3770
vaarantua	verbi	3770
sirkus	substantiivi	3766
kakku	substantiivi	3765
liiallinen	adjektiivi	3765
palava	adjektiivi	3765
riski	adjektiivi	3764
tuominen	substantiivi	3763
uhkailu	substantiivi	3763
nykyisellään	adverbi	3758
heimo	substantiivi	3756
pahentaa	verbi	3754
jäljelle	adverbi	3751
lainvoimainen	adjektiivi	3750
hetkinen	substantiivi	3749
sovittelu	substantiivi	3749
kuume	substantiivi	3746
valtuuttaa	verbi	3742
suojatti	substantiivi	3739
tuotantolaitos	substantiivi	3739
hintalappu	substantiivi	3738
isovanhemmat	substantiivi	3736
ympäristöministeri	substantiivi	3736
sitkeä	adjektiivi	3735
tatuointi	substantiivi	3735
hana	substantiivi	3734
metsäyhtiö	substantiivi	3734
arkkipiispa	substantiivi	3733
torstainen	adjektiivi	3733
pidätetty	adjektiivi, substantiivi	3732
pumpata	verbi	3732
kuntauudistus	substantiivi	3731
sävellys	substantiivi	3730
operatiivinen	adjektiivi	3726
yleisradioyhtiö	substantiivi	3726
keula	substantiivi	3720
arvonta	substantiivi	3714
kaupunginorkesteri	substantiivi	3714
asuinrakennus	substantiivi	3713
kehysriihi	substantiivi	3713
alittaa	verbi	3712
poikkeuksellisesti	adverbi	3710
saunoa	verbi	3710
muistutus	substantiivi	3709
edustusjoukkue	substantiivi	3706
talousjohtaja	substantiivi	3706
pokaali	substantiivi	3703
ihastua	verbi	3702
suunnistus	substantiivi	3701
aikalisä	substantiivi	3700
ihmetyttää	verbi	3699
kooste	substantiivi	3699
leikkipuisto	substantiivi	3698
aviomies	substantiivi	3695
väsynyt	adjektiivi	3695
lähetystö	substantiivi	3694
tieosuus	substantiivi	3694
yhtiökokous	substantiivi	3694
antautua	verbi	3693
vihata	verbi	3693
puuha	substantiivi	3692
tarkastaja	substantiivi	3692
riittävyys	substantiivi	3690
taaksepäin	adverbi	3688
panda	substantiivi	3685
touhu	substantiivi	3685
ilmakehä	substantiivi	3684
jouluaatto	substantiivi	3682
kuumuus	substantiivi	3675
diplomaatti	substantiivi	3673
maa-alue	substantiivi	3673
vaihtopenkki	substantiivi	3673
lady	substantiivi	3672
apuvalmentaja	substantiivi	3671
läpäistä	verbi	3671
metroasema	substantiivi	3671
patistaa	verbi	3670
loistavasti	adverbi	3669
ostovoima	substantiivi	3668
kriittisesti	adverbi	3666
vesitorni	substantiivi	3666
vitsailla	verbi	3666
luontainen	adjektiivi	3665
luoti	substantiivi	3665
pyörätie	substantiivi	3665
kouluttaja	substantiivi	3664
pohjoismainen	adjektiivi	3664
verkkopalvelu	substantiivi	3664
iva	substantiivi	3663
puite	substantiivi	3663
vointi	substantiivi	3663
allekirjoitus	substantiivi	3662
kera	postpositio, prepositio	3662
kierre	substantiivi	3661
lokki	substantiivi	3661
organisoida	verbi	3660
laiha	adjektiivi	3659
luostari	substantiivi	3659
maakuntaliitto	substantiivi	3659
syntyvyys	substantiivi	3659
hämmennys	substantiivi	3652
klinikka	substantiivi	3650
propaganda	substantiivi	3650
puro	substantiivi	3649
aatto	substantiivi	3648
satunnainen	adjektiivi	3648
alunen	substantiivi	3645
pastori	substantiivi	3645
rahanpesu	substantiivi	3645
hiha	substantiivi	3643
kotikunta	substantiivi	3642
kirjain	substantiivi	3641
isoisä	substantiivi	3637
pitoisuus	substantiivi	3636
puhelinnumero	substantiivi	3635
kuutti	substantiivi*	3634
seurajoukkue	substantiivi	3634
elintärkeä	adjektiivi	3627
keihäänheitto	substantiivi	3627
vanhemmuus	substantiivi	3626
journalisti	substantiivi	3625
kaukainen	adjektiivi	3625
ääreen	postpositio	3625
luotsi	substantiivi	3624
vaikeasti	adverbi	3623
kulttuuriministeri	substantiivi	3622
separatisti	substantiivi	3622
abi	substantiivi	3621
jäänne	substantiivi	3621
epävirallinen	adjektiivi	3620
horjuttaa	verbi	3620
inspiroida	verbi	3620
isoäiti	substantiivi	3620
lotta	substantiivi*	3619
motivoida	verbi	3618
sula	adjektiivi, substantiivi	3614
perinteikäs	adjektiivi	3612
vastasyntynyt	adjektiivi, substantiivi	3612
nosturi	substantiivi	3609
ahdistelu	substantiivi	3607
karmea	adjektiivi	3606
mielekäs	adjektiivi	3606
arkku	substantiivi	3605
asianmukainen	adjektiivi	3604
hilla	substantiivi	3604
seikkailla	verbi	3600
moottorikelkka	substantiivi	3599
käsillä	adverbi	3597
putka	substantiivi	3597
senkki	substantiivi	3596
taitoluistelu	substantiivi	3596
tuskailla	verbi	3596
aiheuttaja	substantiivi	3595
itävaltalainen	adjektiivi, substantiivi	3595
konkurssipesä	substantiivi	3595
loppukiri	substantiivi	3594
sihteeri	substantiivi	3593
autokauppa	substantiivi	3591
ensiapu	substantiivi	3590
maahantulo	substantiivi	3589
kerrostaloasunto	substantiivi	3588
reaktori	substantiivi	3588
itsetunto	substantiivi	3587
piristää	verbi	3587
keskeneräinen	adjektiivi	3583
murhe	substantiivi	3583
tragedia	substantiivi	3581
juominen	substantiivi	3580
tehtailla	verbi	3580
päivittyä	verbi	3578
tunturi	substantiivi	3578
kate	substantiivi	3577
luoto	substantiivi	3577
muinainen	adjektiivi	3576
rasittaa	verbi	3576
kolminkertainen	adjektiivi	3575
perusteellinen	adjektiivi	3575
valinnanvapaus	substantiivi	3575
varteen	postpositio, adverbi	3572
lahjus	substantiivi	3571
huvipuisto	substantiivi	3570
tarkkailija	substantiivi	3570
hyttynen	substantiivi	3568
kuolemantuottamus	substantiivi	3567
asiallinen	adjektiivi	3566
huvila	substantiivi	3565
hinnoittelu	substantiivi	3563
mullistaa	verbi	3563
menestyksekäs	adjektiivi	3562
nelinpeli	substantiivi	3562
kultakaivos	substantiivi	3561
hei	interjektio	3560
järeä	adjektiivi	3560
heijastaa	verbi	3558
kemppi	substantiivi	3557
suosittaa	verbi	3557
avainpelaaja	substantiivi	3555
oppimäärä	substantiivi	3554
tukala	adjektiivi	3553
ojentaa	verbi	3548
alakerta	substantiivi	3547
poliisipäällikkö	substantiivi	3547
metsäkeskus	substantiivi	3546
vaikutusvalta	substantiivi	3545
home	substantiivi	3543
aseistaa	verbi	3540
hiljentää	verbi	3539
vähävarainen	adjektiivi	3538
aikaistaa	verbi	3537
viikonvaihde	substantiivi	3536
huijari	substantiivi	3535
neljännesvälierä	substantiivi	3535
ravistella	verbi	3533
tietoisesti	adverbi	3533
verenpaine	substantiivi	3533
öisin	adverbi	3533
kitaristi	substantiivi	3532
budjettiriihi	substantiivi	3531
johtoasema	substantiivi	3531
jäänmurtaja	substantiivi	3531
ennakkotieto	substantiivi	3530
oleskella	verbi	3529
rauhoitella	verbi	3529
koolla	adverbi	3528
taittua	verbi	3528
tarkkailu	substantiivi	3526
ulko	substantiivi	3526
uutuus	substantiivi	3526
tyttöystävä	substantiivi	3523
ammunta	substantiivi*	3522
vastalause	substantiivi	3521
rakennushanke	substantiivi	3517
tyssätä	verbi	3517
varrelta	postpositio	3517
terveydentila	substantiivi	3516
kätkeä	verbi	3515
länsirannikko	substantiivi	3513
sijoituspaikka	substantiivi	3513
selostaa	verbi	3509
huonekalu	substantiivi	3508
maksimi	substantiivi	3508
alkuun	adverbi	3507
hauki	substantiivi	3506
lataus	substantiivi	3506
elinvoima	substantiivi	3505
käärme	substantiivi	3505
makkara	substantiivi	3505
verinen	adjektiivi	3505
nelonen	substantiivi	3504
sopivasti	adverbi	3503
valituslupa	substantiivi	3503
mieliä	verbi	3501
pikkuinen	adjektiivi, substantiivi	3501
mystinen	adjektiivi	3499
osakeyhtiö	substantiivi	3497
santa	substantiivi	3497
ensihoitaja	substantiivi	3493
keskushyökkääjä	substantiivi	3493
visuaalinen	adjektiivi	3493
tyylikäs	adjektiivi	3492
väistämättä	adverbi	3490
ommella	verbi	3489
ääniharava	substantiivi	3489
juusto	substantiivi	3488
peto	substantiivi	3488
sarjakärki	substantiivi	3487
äänimäärä	substantiivi	3487
kristitty	adjektiivi, substantiivi	3486
laskija	substantiivi	3486
osinko	substantiivi	3486
mukaa	adverbi	3484
kouluruoka	substantiivi	3483
tapaturma	substantiivi	3483
tekeillä	adverbi	3483
aistia	verbi	3482
neuloa	verbi	3482
pelastus	substantiivi	3482
arkeologi	substantiivi	3481
sähkölasku	substantiivi	3481
hämmentyä	verbi	3478
elokuvaohjaaja	substantiivi	3476
myyty	adjektiivi	3476
pelikenttä	substantiivi	3476
antibiootti	substantiivi	3473
hellittää	verbi	3472
päivämäärä	substantiivi	3471
tankki	substantiivi	3470
terveysministeri	substantiivi	3470
ratkaisija	substantiivi	3469
house	substantiivi	3465
kuultaa	verbi	3465
partioida	verbi	3465
poikkeustila	substantiivi	3465
laajamittainen	adjektiivi	3464
vieraslaji	substantiivi	3464
ratina	substantiivi	3463
alhaalla	adverbi	3460
puhutella	verbi	3460
galleria	substantiivi	3459
lennokki	substantiivi	3457
varastoida	verbi	3457
varakas	adjektiivi, substantiivi	3455
nimekäs	adjektiivi	3454
oireeton	adjektiivi	3453
fysioterapeutti	substantiivi	3451
nollata	verbi	3450
elinympäristö	substantiivi	3449
murros	substantiivi	3449
liigajoukkue	substantiivi	3448
arka	adjektiivi	3447
taimen	substantiivi	3447
pronssiottelu	substantiivi	3445
taittaa	verbi	3445
heinä	substantiivi	3444
laantua	verbi	3444
olematon	adjektiivi, substantiivi	3444
tiedustelu	substantiivi	3444
kiusallinen	adjektiivi	3443
parras	substantiivi	3442
perusta	substantiivi	3441
hiippakunta	substantiivi	3440
vahingonkorvaus	substantiivi	3440
hyväkuntoinen	adjektiivi	3439
kyläyhdistys	substantiivi	3439
pilaantua	verbi	3439
tuuma	substantiivi*	3439
useasti	adverbi	3439
ohjaamo	substantiivi	3437
vertaistuki	substantiivi	3437
viivästyttää	verbi	3437
sanoitus	substantiivi	3432
täysosuma	substantiivi	3432
keskeltä	adverbi, postpositio	3428
murre	substantiivi	3427
vieminen	substantiivi	3426
nujertaa	verbi	3423
oikaisuvaatimus	substantiivi	3423
viimeistely	substantiivi	3423
orava	substantiivi	3422
paikallisesti	adverbi	3421
täräyttää	verbi	3420
otollinen	adjektiivi	3419
keskusjärjestö	substantiivi	3418
kunnostautua	verbi	3418
rotu	substantiivi	3418
valuutta	substantiivi	3418
vakavuus	substantiivi	3416
yläpuoli	substantiivi	3416
alasajo	substantiivi	3415
riisua	verbi	3415
jalkakäytävä	substantiivi	3414
nuorisotyö	substantiivi	3414
majoittaa	verbi	3413
kiintiö	substantiivi	3412
valtakunnansovittelija	substantiivi	3409
asiointi	substantiivi	3405
lakkautus	substantiivi	3405
suklaa	substantiivi	3405
päällystää	verbi	3400
istutus	substantiivi	3398
sotia	verbi	3398
aloitella	verbi	3397
riippuvuus	substantiivi	3397
naapurikunta	substantiivi	3396
sensori	substantiivi*	3396
säädös	substantiivi	3396
tarha	substantiivi	3396
hukkaan	adverbi	3394
rakentava	adjektiivi	3394
asukasluku	substantiivi	3391
keskustalainen	substantiivi, adjektiivi	3391
hyökkäyspeli	substantiivi	3390
pitkäjänteinen	adjektiivi	3390
turvatoimi	substantiivi	3389
haalia	verbi	3388
pörssiyhtiö	substantiivi	3388
haltija	substantiivi	3386
koetus	substantiivi	3386
lastata	verbi	3386
yhtenäiskoulu	substantiivi	3385
sulkia	verbi	3382
tallipäällikkö	substantiivi	3380
kontio	substantiivi	3379
terveydenhoito	substantiivi	3378
viestittää	verbi	3378
alijäämäinen	adjektiivi	3377
raikas	adjektiivi	3377
rajallinen	adjektiivi	3377
mari	substantiivi	3374
pienituloinen	adjektiivi	3374
inspiraatio	substantiivi	3373
tasan	adverbi	3373
kaari	substantiivi*	3372
vietto	substantiivi	3372
top	interjektio	3370
viimeaikainen	adjektiivi	3370
akateeminen	adjektiivi	3369
palkintokoroke	substantiivi	3369
itku	substantiivi	3368
alihankkija	substantiivi	3367
vapaapäivä	substantiivi	3367
koukku	substantiivi	3365
vakaus	substantiivi*	3363
asumistuki	substantiivi	3362
talviolympialaiset	substantiivi	3361
halme	substantiivi	3359
järjestyä	verbi	3358
pilkku	substantiivi	3358
erikoisuus	substantiivi	3357
vieraissa	adverbi	3356
tasoristeys	substantiivi	3355
tulvavesi	substantiivi	3354
ratsastaa	verbi	3353
vartalo	substantiivi	3352
urheilullinen	adjektiivi	3351
senaattori	substantiivi	3350
kunta-ala	substantiivi	3349
kärkijoukkue	substantiivi	3348
työikäinen	adjektiivi	3348
ylipäänsä	adverbi	3347
yrityskauppa	substantiivi	3347
psykologia	substantiivi	3346
kanne	substantiivi	3345
levoton	adjektiivi, substantiivi	3345
merikotka	substantiivi	3345
ylioppilaskunta	substantiivi	3343
kanto	substantiivi*	3340
paini	substantiivi	3340
yleisradio	substantiivi	3339
maininta	substantiivi	3338
puhuja	substantiivi	3338
selättää	verbi	3338
yksiö	substantiivi	3338
kohderyhmä	substantiivi	3336
vierestä	postpositio, adverbi	3334
eturivi	substantiivi	3333
länsiranta	substantiivi	3333
marina	substantiivi*	3333
valmiste	substantiivi	3331
hiljetä	verbi	3330
kynä	substantiivi	3329
sopeuttaa	verbi	3329
työsopimus	substantiivi	3329
lehto	substantiivi	3328
purkutyö	substantiivi	3328
taantua	verbi	3328
säiliö	substantiivi	3326
kuvastaa	verbi	3324
kytkös	substantiivi	3324
maauimala	substantiivi	3324
takuu	substantiivi	3323
aloituspaikka	substantiivi	3322
otso	substantiivi	3322
räätälöidä	verbi	3322
liikennejärjestely	substantiivi	3321
kariutua	verbi	3320
komeasti	adverbi	3319
päällimmäinen	adjektiivi	3319
teräase	substantiivi	3319
pikkukaupunki	substantiivi	3318
reppu	substantiivi	3318
kaide	substantiivi	3317
värittää	verbi	3316
kaakko	substantiivi	3315
varalle	postpositio, adverbi	3312
perusturva	substantiivi	3309
alkusyksy	substantiivi	3308
joustaa	verbi	3308
sivistys	substantiivi	3308
ammattijärjestö	substantiivi	3307
ripustaa	verbi	3307
julkkis	substantiivi	3306
rajavartija	substantiivi	3305
seutukunta	substantiivi	3305
salaatti	substantiivi	3304
uskollinen	adjektiivi	3303
vaikutusvaltainen	adjektiivi	3303
solu	substantiivi	3302
talvikausi	substantiivi	3302
raiskata	verbi	3301
tšekki	substantiivi	3301
kulkija	substantiivi	3300
parvi	substantiivi*	3300
tuplata	verbi	3300
kannus	substantiivi*	3299
astella	verbi	3298
kiinniotto	substantiivi	3298
neuvonta	substantiivi	3298
nolo	adjektiivi	3298
heikosti	adverbi	3296
laulukilpailu	substantiivi	3296
lyhytelokuva	substantiivi	3296
anto	substantiivi	3295
pelastua	verbi	3294
evakuointi	substantiivi	3293
syyskausi	substantiivi	3293
ympärivuotinen	adjektiivi	3293
helteinen	adjektiivi	3290
ammentaa	verbi	3289
merivesi	substantiivi	3289
metso	substantiivi	3288
tutkimusryhmä	substantiivi	3288
velkoja	substantiivi	3288
väitellä	verbi	3288
kokaiini	substantiivi	3284
ratsia	substantiivi	3284
laiminlyödä	verbi	3280
kuohua	verbi	3277
trauma	substantiivi	3277
ikimuistoinen	adjektiivi	3276
yleisömäärä	substantiivi	3276
vahingonteko	substantiivi	3275
kolmekymppinen	adjektiivi	3274
tunteikas	adjektiivi	3274
bensiini	substantiivi	3272
etujärjestö	substantiivi	3272
kamara	substantiivi	3271
allergia	substantiivi	3269
terä	substantiivi	3269
viipyä	verbi	3268
bonus	substantiivi	3266
päärooli	substantiivi	3266
harakka	substantiivi	3265
jatkosota	substantiivi	3265
tietokirjailija	substantiivi	3265
asetella	verbi	3264
häkki	substantiivi	3264
piippo	substantiivi	3264
väitöstutkimus	substantiivi	3264
yhteisöllinen	adjektiivi	3264
kiinnittyä	verbi	3263
riidellä	verbi	3263
ulosmarssi	substantiivi	3260
suomalaisittain	adverbi	3259
pienimuotoinen	adjektiivi	3257
turkki	substantiivi*	3255
tuulinen	adjektiivi	3254
unelmoida	verbi	3254
luonnonsuojelualue	substantiivi	3251
pronssimitali	substantiivi	3250
varatoimitusjohtaja	substantiivi	3250
kouluttautua	verbi	3249
viemäri	substantiivi	3249
kuivata	verbi	3247
liigaottelu	substantiivi	3247
ammattikoulu	substantiivi	3246
alustavasti	adverbi	3245
hoitua	verbi	3245
paneeli	substantiivi	3245
jäämeri	substantiivi	3244
sankka	adjektiivi	3243
rajoittua	verbi	3242
kolmisen	numeraali	3241
soitella	verbi	3241
tutkimustieto	substantiivi	3241
vaeltaa	verbi	3239
edelläkävijä	substantiivi	3238
päinvastainen	adjektiivi	3238
tuulla	verbi	3238
välikysymys	substantiivi	3238
riista	substantiivi	3237
venäjänkielinen	adjektiivi	3235
käyttötarkoitus	substantiivi	3234
majoittua	verbi	3234
mönkijä	substantiivi	3233
arkkitehti	substantiivi	3232
kasvattaja	substantiivi	3230
keväinen	adjektiivi	3229
kirpputori	substantiivi	3229
suoriutua	verbi	3227
tekstiili	substantiivi	3227
isäntämaa	substantiivi	3226
loputon	adjektiivi	3226
tiheä	adjektiivi	3226
kärsivällisyys	substantiivi	3225
puolisko	substantiivi	3225
oikeanlainen	adjektiivi	3221
opetusministeriö	substantiivi	3221
thaimaalainen	adjektiivi, substantiivi	3218
kiertotie	substantiivi	3217
lupailla	verbi	3216
osittainen	adjektiivi	3215
paalupaikka	substantiivi	3215
yhdistellä	verbi	3215
upseeri	substantiivi	3212
emo	substantiivi	3211
arvostelija	substantiivi	3210
virkavelvollisuus	substantiivi	3208
soul	substantiivi	3207
erikoiskoe	substantiivi	3206
kulttuurikeskus	substantiivi	3205
tutkimusprofessori	substantiivi	3204
myhäillä	verbi	3203
kartoitus	substantiivi	3202
ruuhkauttaa	verbi	3202
villisika	substantiivi	3202
peitellä	verbi	3200
sarka	substantiivi*	3200
keskisuuri	adjektiivi	3199
kantautua	verbi	3198
kiristys	substantiivi	3197
jonnekin	adverbi	3193
kontrolli	substantiivi	3192
perusasia	substantiivi	3192
vaikute	substantiivi	3191
tango	substantiivi	3190
kino	substantiivi	3187
järjetön	adjektiivi, substantiivi	3186
kassi	substantiivi	3186
ajokielto	substantiivi	3184
omaksua	verbi	3181
alokas	substantiivi	3180
katkera	adjektiivi	3180
oikeudenmukainen	adjektiivi	3179
herätellä	verbi	3177
iltavuoro	substantiivi	3177
seassa	postpositio, adverbi	3175
sukellusvene	substantiivi	3175
kurkistaa	verbi	3172
viivästys	substantiivi	3171
vyö	substantiivi	3171
analyytikko	substantiivi	3170
sotarikos	substantiivi	3170
liikkuja	substantiivi	3169
työväki	substantiivi	3169
laitteisto	substantiivi	3168
niemi	substantiivi	3168
ylitse	postpositio, adverbi, prepositio	3168
viestintäministeriö	substantiivi	3167
yläaste	substantiivi	3167
kosto	substantiivi	3166
tuottavuus	substantiivi	3163
laskenta	substantiivi	3162
leima	substantiivi	3162
ravinne	substantiivi	3162
poltto	substantiivi	3161
vastahyökkäys	substantiivi	3159
bongata	verbi	3157
nyrkkeily	substantiivi	3157
hetkellisesti	adverbi	3156
huveta	verbi	3155
sumu	substantiivi	3155
herkullinen	adjektiivi	3154
kehotus	substantiivi	3154
porkkana	substantiivi	3154
etumatka	substantiivi	3150
kaapeli	substantiivi	3150
talouspolitiikka	substantiivi	3150
altis	adjektiivi	3148
lapsenlapsi	substantiivi	3148
pylväs	substantiivi	3148
vuokranantaja	substantiivi	3148
hanki	substantiivi	3147
vastoinkäyminen	substantiivi	3147
viheltää	verbi	3145
koristaa	verbi	3144
aktivoida	verbi	3143
työllisyysaste	substantiivi	3141
luistelu	substantiivi	3140
jäätelö	substantiivi	3138
vastakkainasettelu	substantiivi	3138
virtaama	substantiivi	3137
lohduttaa	verbi	3136
kehittäjä	substantiivi	3135
torvi	substantiivi	3135
hoitopaikka	substantiivi	3134
tammi	substantiivi*	3134
liikennevalo	substantiivi	3132
yhtenäisyys	substantiivi	3131
epämääräinen	adjektiivi	3130
kiinnitys	substantiivi	3127
luomu	substantiivi	3127
marjanpoimija	substantiivi	3126
hilkka	substantiivi	3125
pila	substantiivi	3124
nauta	substantiivi	3123
hämmästyttää	verbi	3121
palatsi	substantiivi	3121
käännös	substantiivi	3120
monipuolisesti	adverbi	3120
järjestyksenvalvoja	substantiivi	3119
levittäytyä	verbi	3119
vilkastua	verbi	3117
turvallisuuspoliittinen	adjektiivi	3116
matkustajakone	substantiivi	3114
merimetso	substantiivi	3114
saapas	substantiivi	3114
pakki	substantiivi*	3112
hyväntekeväisyys	substantiivi	3111
maavoimat	substantiivi	3111
tukahduttaa	verbi	3111
välittyä	verbi	3111
pahentua	verbi	3110
tähdentää	verbi	3110
ihmisoikeus	substantiivi	3109
marginaali	substantiivi	3109
tentti	substantiivi	3109
valvoja	substantiivi	3109
hävetä	verbi	3108
pujottelu	substantiivi	3108
siivooja	substantiivi	3108
päätöspäivä	substantiivi	3106
kulkuneuvo	substantiivi	3105
ajokaista	substantiivi	3104
työläs	adjektiivi	3103
lomailla	verbi	3102
joululahja	substantiivi	3100
kyteä	verbi	3100
tarjouskilpailu	substantiivi	3100
valtaus	substantiivi	3099
säännös	substantiivi	3098
suorituskyky	substantiivi	3097
aseistautua	verbi	3096
divisioona	substantiivi	3095
kiehtova	adjektiivi	3095
kipeästi	adverbi	3095
vapaapotku	substantiivi	3095
väittely	substantiivi	3094
kotoa	adverbi	3093
vaalivoitto	substantiivi	3093
tilikausi	substantiivi	3092
perillä	adverbi	3091
iltaisin	adverbi	3090
muotokuva	substantiivi	3090
tietotekniikka	substantiivi	3090
kehitystyö	substantiivi	3087
maanalainen	adjektiivi, substantiivi	3086
ammus	substantiivi	3085
sukia	verbi	3085
lumilautailu	substantiivi	3084
seistä	verbi	3084
kukinta	substantiivi	3082
savolainen	adjektiivi, substantiivi	3082
selittyä	verbi	3082
infrastruktuuri	substantiivi	3081
lamppu	substantiivi	3081
multa	substantiivi	3081
virtaus	substantiivi	3079
hätänumero	substantiivi	3078
mauste	substantiivi	3078
oikaista	verbi	3078
taktinen	adjektiivi	3078
vesilaitos	substantiivi	3078
filmi	substantiivi	3076
huivi	substantiivi	3075
lausuntokierros	substantiivi	3075
lennosto	substantiivi	3075
sellu	substantiivi	3075
sovitella	verbi	3074
kauppahinta	substantiivi	3073
työttömyysturva	substantiivi	3072
vaurioittaa	verbi	3072
rynnätä	verbi	3071
salkku	substantiivi	3071
selata	verbi	3069
kertoma	substantiivi	3068
linnoitus	substantiivi	3068
yhtiöittää	verbi	3068
piristyä	verbi	3066
rullata	verbi	3066
työterveyshuolto	substantiivi	3066
miellyttävä	adjektiivi	3065
kilpa	substantiivi	3064
tsunami	substantiivi	3060
hihamerkki	substantiivi	3059
joululaulu	substantiivi	3059
turvallisuuspolitiikka	substantiivi	3059
vety	substantiivi	3059
johtajuus	substantiivi	3058
umpeutua	verbi	3058
haista	verbi	3056
työmäärä	substantiivi	3056
riittämätön	adjektiivi	3055
hakuaika	substantiivi	3053
kirjava	adjektiivi, substantiivi	3053
puutalo	substantiivi	3053
enkeli	substantiivi	3052
niittää	verbi	3052
tapaninpäivä	substantiivi	3052
urakoida	verbi	3052
pesintä	substantiivi	3051
työehto	substantiivi	3051
huolia	verbi	3047
nokka	substantiivi	3047
sekaantua	verbi	3045
valtameri	substantiivi	3045
revetä	verbi	3044
kuumentaa	verbi	3043
eksoottinen	adjektiivi	3042
osio	substantiivi	3041
pirteä	adjektiivi	3040
hiljentyä	verbi	3039
hirvittävä	adjektiivi	3038
rumpali	substantiivi	3038
hotellihuone	substantiivi	3037
kiina	substantiivi	3037
mieliala	substantiivi	3036
hoitoala	substantiivi	3035
sopraano	substantiivi	3035
kirjastoauto	substantiivi	3033
huipputaso	substantiivi	3032
juristi	substantiivi	3032
kuljetusala	substantiivi	3030
logistiikka	substantiivi	3030
jättäytyä	verbi	3029
koulumatka	substantiivi	3029
osa-aikainen	adjektiivi	3029
ääretön	adjektiivi, substantiivi	3029
lietsoa	verbi	3028
keskustelija	substantiivi	3027
konsti	substantiivi	3026
oireilla	verbi	3026
hallinnollinen	adjektiivi	3024
salaa	adverbi	3024
haja-asutusalue	substantiivi	3023
pitkäaikaistyötön	adjektiivi, substantiivi	3023
vaakalauta	substantiivi	3023
debyytti	substantiivi	3022
toiminnallinen	adjektiivi	3022
ohitse	adverbi, postpositio	3021
vihjata	verbi	3021
etuus	substantiivi	3020
arkisin	adverbi	3017
kulttuurinen	adjektiivi	3016
pihamaa	substantiivi	3016
terveystarkastus	substantiivi	3016
paukku	substantiivi	3015
tiukentua	verbi	3015
sormus	substantiivi	3014
arkeologinen	adjektiivi	3011
pitkäkestoinen	adjektiivi	3011
graffiti	substantiivi	3010
jokapäiväinen	adjektiivi	3010
kuvataide	substantiivi	3010
murehtia	verbi	3010
muutostyö	substantiivi	3010
uniikki	adjektiivi	3010
romanttinen	adjektiivi	3009
rumpu	substantiivi	3008
mielentilatutkimus	substantiivi	3006
kansannousu	substantiivi	3004
takaraja	substantiivi	3004
risteily	substantiivi	3003
uraani	substantiivi	3003
sukunimi	substantiivi	3002
valhe	substantiivi	3001
puolittaa	verbi	3000
pistemies	substantiivi	2999
kuutiometri	substantiivi	2998
aurinkovoimala	substantiivi	2995
hurmata	verbi	2995
kerran	adverbi	2994
panssarivaunu	substantiivi	2994
lohtu	substantiivi	2993
siistiä	verbi	2993
välittäjä	substantiivi	2993
kattila	substantiivi	2991
just	adverbi	2990
linja-autoasema	substantiivi	2990
riesa	substantiivi	2989
innostunut	adjektiivi	2988
sadekuuro	substantiivi	2986
aukiolo	substantiivi	2985
keuhko	substantiivi	2985
luistin	substantiivi	2985
päältä	postpositio, adverbi	2985
yhteydenpito	substantiivi	2985
korvaaja	substantiivi	2982
varallisuus	substantiivi	2982
edesauttaa	verbi	2980
hyppääjä	substantiivi	2980
saneeraus	substantiivi	2979
tietovuoto	substantiivi	2979
henkilökuva	substantiivi	2978
pipo	substantiivi	2978
tippa	substantiivi	2978
ketterä	adjektiivi	2977
yläkoululainen	substantiivi	2977
julistus	substantiivi	2976
tilastoida	verbi	2976
perusteellisesti	adverbi	2975
lannoite	substantiivi	2974
puntaroida	verbi	2974
valtti	substantiivi	2974
lajiliitto	substantiivi	2973
vastarinta	substantiivi	2973
normi	substantiivi	2972
kommunistinen	adjektiivi	2971
tulostaa	verbi	2970
sisar	substantiivi	2968
ylipaino	substantiivi	2968
korkki	substantiivi	2966
panimo	substantiivi	2964
rauhanneuvottelut	substantiivi	2964
ympyrä	substantiivi	2964
ainu	substantiivi	2962
musiikkiopisto	substantiivi	2961
soundi	substantiivi	2961
tv-lähetys	substantiivi	2961
päiväsakko	substantiivi	2959
apuväline	substantiivi	2958
saali	substantiivi	2958
hassu	adjektiivi, substantiivi	2957
tarkalleen	adverbi	2957
raivo	substantiivi, adjektiivi	2955
puristus	substantiivi	2954
dominoida	verbi	2953
kantaesitys	substantiivi	2953
teräs	substantiivi	2953
suomalaisuus	substantiivi	2949
ajanjakso	substantiivi	2948
musiikkijuhla	substantiivi	2948
tuotantoyhtiö	substantiivi	2948
ystävällinen	adjektiivi	2948
abiturientti	substantiivi	2947
nojalla	postpositio	2946
viitisen	numeraali	2946
kuntoutua	verbi	2945
autotalli	substantiivi	2944
baletti	substantiivi	2943
vedenjakelu	substantiivi	2941
varttua	verbi	2940
alleviivata	verbi	2939
nokkakolari	substantiivi	2939
kopio	substantiivi	2937
perävaunu	substantiivi	2935
pysähdys	substantiivi	2935
ylpeys	substantiivi	2935
harmillinen	adjektiivi	2934
kummuta	verbi	2932
läpiajo	substantiivi	2931
side	substantiivi	2931
sponsori	substantiivi	2931
oikeusjuttu	substantiivi	2930
reservi	substantiivi	2929
elastinen	adjektiivi	2928
diktaattori	substantiivi	2927
ranking	substantiivi	2927
tyydyttää	verbi	2927
kalasatama	substantiivi	2925
suotuisa	adjektiivi	2925
länsiosa	substantiivi	2924
laakso	substantiivi	2923
tieliikenne	substantiivi	2923
tyyni	adjektiivi, substantiivi	2923
murto-osa	substantiivi	2921
syrjäinen	adjektiivi	2921
kohottaa	verbi	2920
naaras	substantiivi	2919
rankkari	substantiivi	2919
suurkaupunki	substantiivi	2918
kotipiha	substantiivi	2917
maakuntahallitus	substantiivi	2917
uhkakuva	substantiivi	2917
pyynti	substantiivi	2916
viulisti	substantiivi	2916
gallup	substantiivi	2915
koostaa	verbi	2915
oloinen	adjektiivi	2915
utelias	adjektiivi, substantiivi	2915
animaatio	substantiivi	2914
roimasti	adverbi	2914
maaliviiva	substantiivi*	2913
matalapaine	substantiivi	2912
kaksikymmentä	numeraali	2911
infektio	substantiivi	2909
kurki	substantiivi	2908
nova	substantiivi	2907
kivihiili	substantiivi	2906
rehu	substantiivi	2906
toukka	substantiivi	2906
kustantaja	substantiivi	2905
vilpas	adjektiivi	2905
suutari	substantiivi	2904
psykiatria	substantiivi	2903
ilahtua	verbi	2902
traaginen	adjektiivi	2902
maistaa	verbi	2901
poliisitutkinta	substantiivi	2901
liikenneministeri	substantiivi	2898
emeritusprofessori	substantiivi	2897
itsestäänselvyys	substantiivi	2897
työrauha	substantiivi	2897
puolukka	substantiivi	2895
sahata	verbi	2895
alapuoli	substantiivi	2893
ryöstäjä	substantiivi	2891
aavistus	substantiivi	2890
samainen	adjektiivi	2890
työkone	substantiivi	2890
suututtaa	verbi	2889
sivuta	verbi	2888
roskis	substantiivi	2887
indeksi	substantiivi	2885
megawatti	substantiivi	2885
toimipaikka	substantiivi	2885
arvaamaton	adjektiivi	2881
olympiamitali	substantiivi	2881
ranska	substantiivi	2881
uros	substantiivi	2881
teloittaa	verbi	2880
hintataso	substantiivi	2879
asuttaa	verbi	2878
kasvihuone	substantiivi	2878
moite	substantiivi	2878
sähkökatkos	substantiivi	2878
lanseerata	verbi	2876
paljastus	substantiivi	2876
kevättalvi	substantiivi	2875
metsätalous	substantiivi	2874
paheksua	verbi	2874
tuhopoltto	substantiivi	2874
tukku	substantiivi	2874
liikkuvuus	substantiivi	2873
pelastustyö	substantiivi	2873
puoleinen	adjektiivi	2873
puolittua	verbi	2873
hiertää	verbi	2870
luokkahuone	substantiivi	2870
jarru	substantiivi	2866
maukas	adjektiivi	2866
kotietsintä	substantiivi	2865
työmarkkinajärjestö	substantiivi	2864
rehellisesti	adverbi	2862
teline	substantiivi	2862
hereillä	adverbi	2860
kaupunkipyörä	substantiivi	2860
menekki	substantiivi	2860
mieluinen	adjektiivi	2859
ylijäämä	substantiivi	2859
alkoholijuoma	substantiivi	2857
mieluiten	adverbi	2857
suurvalta	substantiivi	2857
sinnitellä	verbi	2856
välimatka	substantiivi	2855
putti	substantiivi	2854
maksaja	substantiivi	2853
äänittää	verbi	2853
ennallistaa	verbi	2852
lykkääntyä	verbi	2852
huonontua	verbi	2851
avauskokoonpano	substantiivi	2849
kauttaaltaan	adverbi	2848
radiokanava	substantiivi	2848
työväenpuolue	substantiivi	2848
jollainen	adjektiivi	2846
häviäjä	substantiivi	2843
valuuttarahasto	substantiivi	2841
aurata	verbi	2840
paukkua	verbi	2839
levyttää	verbi	2837
markka	substantiivi	2837
torppa	substantiivi	2837
seuraamus	substantiivi	2836
valkokangas	substantiivi	2836
lajitella	verbi	2834
puuska	substantiivi	2834
luistelija	substantiivi	2833
ponnistus	substantiivi	2833
sanonta	substantiivi	2833
siirtymäaika	substantiivi	2831
kinkku	substantiivi	2830
kuolinsyy	substantiivi	2830
valjastaa	verbi	2830
liputtaa	verbi	2828
rajanylitys	substantiivi	2828
maankäyttö	substantiivi	2827
mäkiviikko	substantiivi	2827
shokki	substantiivi	2825
kapina	substantiivi	2824
keppi	substantiivi	2824
viittomakieli	substantiivi	2823
puolikas	substantiivi	2822
tahallinen	adjektiivi	2822
huoata	verbi	2820
koriste	substantiivi	2819
nihkeä	adjektiivi	2819
tv-kanava	substantiivi	2819
hyppiä	verbi	2818
kalatie	substantiivi	2817
tomaatti	substantiivi	2817
musa	substantiivi	2816
kantapää	substantiivi	2815
mekko	substantiivi	2815
näköpiiri	substantiivi	2815
purkki	substantiivi	2815
poski	substantiivi	2814
viranhaltija	substantiivi	2814
kunnianloukkaus	substantiivi	2813
turhauttaa	verbi	2812
turismi	substantiivi	2812
hengityssuojain	substantiivi	2810
tykki	substantiivi*	2809
hyllyttää	verbi*	2808
koordinaattori	substantiivi	2807
aikomus	substantiivi	2806
elin	substantiivi	2806
kastella	verbi	2806
kauppakatu	substantiivi	2806
status	substantiivi	2806
taajuus	substantiivi	2806
sujuva	adjektiivi	2805
luonnonvara	substantiivi	2804
sekoittua	verbi	2804
potkaista	verbi	2803
koulutusohjelma	substantiivi	2802
muikku	substantiivi	2802
maailmantalous	substantiivi	2801
pohdiskella	verbi	2801
maja	substantiivi	2800
polvivamma	substantiivi	2799
karja	substantiivi	2798
puolustautua	verbi	2797
kullata	verbi	2796
saamenkielinen	adjektiivi	2796
harvinaisuus	substantiivi	2794
määräytyä	verbi	2794
pulma	substantiivi	2794
rajapyykki	substantiivi	2794
nukke	substantiivi	2793
diplomaattinen	adjektiivi	2792
esittäytyä	verbi	2792
innoittaa	verbi	2792
jyllätä	verbi	2791
komissaari	substantiivi	2791
krooninen	adjektiivi	2789
matkakeskus	substantiivi	2789
tulittaa	verbi	2789
epäreilu	adjektiivi	2788
suuttua	verbi	2788
vastaisesti	adverbi	2788
alkusarja	substantiivi	2787
periksi	adverbi	2787
ylityö	substantiivi	2787
poronhoitoalue	substantiivi	2786
kotisivu	substantiivi	2785
äijä	substantiivi	2785
muovinen	adjektiivi	2784
ruotia	verbi	2784
etsivä	substantiivi	2783
upeasti	adverbi	2783
ennakkoääni	substantiivi	2782
kotiutua	verbi	2782
valtiontalous	substantiivi	2782
nuija	substantiivi, adjektiivi	2781
salakuljettaa	verbi	2781
tuomiokapituli	substantiivi	2781
yhteisövero	substantiivi	2781
spekulaatio	substantiivi	2780
varvas	substantiivi	2780
lyhetä	verbi	2779
skenaario	substantiivi	2776
vuoropuhelu	substantiivi	2775
haloo	interjektio, substantiivi	2774
majailla	verbi	2770
bileet	substantiivi	2769
teurastamo	substantiivi	2769
työmies	substantiivi	2769
keskitys	substantiivi	2768
kuluttajavirasto	substantiivi	2767
sosiaalipalvelu	substantiivi	2767
dynamo	substantiivi	2766
idoli	substantiivi	2766
varustamo	substantiivi	2765
havainnekuva	substantiivi	2763
paperiton	adjektiivi, substantiivi	2763
sademäärä	substantiivi	2763
salasana	substantiivi	2763
huoltotyö	substantiivi	2762
jälkeenpäin	adverbi	2762
kirjaus	substantiivi	2762
väkivallanteko	substantiivi	2761
päätavoite	substantiivi	2760
silakka	substantiivi	2760
armoton	adjektiivi	2759
luotettavuus	substantiivi	2759
tv-ohjelma	substantiivi	2759
syksyinen	adjektiivi	2757
taika	substantiivi	2757
vilkkaasti	adverbi	2757
nukahtaa	verbi	2756
valaa	verbi	2756
onnellisuus	substantiivi	2755
säteily	substantiivi	2755
voimakkuus	substantiivi	2755
oikeuskäsittely	substantiivi	2754
ramppi	substantiivi	2753
valkea	adjektiivi, substantiivi	2753
ahma	substantiivi	2752
katsaus	substantiivi	2752
näkymätön	adjektiivi	2752
ulkoilla	verbi	2752
kohentua	verbi	2751
olympiajoukkue	substantiivi	2750
räpätä	verbi*	2750
ulottuvuus	substantiivi	2750
painoarvo	substantiivi	2749
liito-orava	substantiivi	2748
pääsykoe	substantiivi	2748
savuta	verbi	2748
valkovenäläinen	adjektiivi, substantiivi	2748
värvätä	verbi	2748
jalkautua	verbi	2746
pitäjä	substantiivi	2746
puusto	substantiivi	2746
sara	substantiivi	2746
louhia	verbi	2744
hukassa	adverbi	2743
maailmanlista	substantiivi	2743
tovi	substantiivi	2742
tuntuva	adjektiivi	2741
valtiovalta	substantiivi	2741
ylioppilaskoe	substantiivi	2741
ympäristöjärjestö	substantiivi	2741
kilpailukykyinen	adjektiivi	2740
ala-aste	substantiivi	2739
ekaluokkalainen	substantiivi	2739
lähiruoka	substantiivi	2739
europarlamentti	substantiivi	2738
laidun	substantiivi	2738
huolellinen	adjektiivi	2737
kurri	substantiivi	2736
turvallisuuspalvelu	substantiivi	2736
suoranainen	adjektiivi	2734
vakoilu	substantiivi	2734
hyvitys	substantiivi	2732
sikäli	adverbi	2732
kuolleisuus	substantiivi	2731
jalkapallostadion	substantiivi	2730
loukku	substantiivi	2730
oikeudellinen	adjektiivi	2730
jäätie	substantiivi	2728
epätavallinen	adjektiivi	2727
nälkäinen	adjektiivi	2727
oppilasmäärä	substantiivi	2727
satakuntalainen	adjektiivi, substantiivi	2727
merivoimat	substantiivi	2724
miss	substantiivi	2724
romuttaa	verbi	2724
hautajaiset	substantiivi	2723
lastensairaala	substantiivi	2723
pukuhuone	substantiivi	2720
arpa	substantiivi	2718
kokoomuslainen	adjektiivi, substantiivi	2718
kuroa	verbi	2718
kuuntelu	substantiivi	2718
potilasturvallisuus	substantiivi	2717
vedellä	verbi	2717
opastus	substantiivi	2716
sitra	substantiivi	2715
lintuinfluenssa	substantiivi	2714
meteli	substantiivi	2714
räntä	substantiivi	2713
esteetön	adjektiivi	2712
lihava	adjektiivi	2712
rakennusyhtiö	substantiivi	2712
ilmanvaihto	substantiivi	2711
hoitotyö	substantiivi	2709
huudella	verbi	2709
radiouutiset	substantiivi	2708
vakiinnuttaa	verbi	2708
ai	interjektio	2705
häätää	verbi	2705
keskiaika	substantiivi	2705
synnyttäjä	substantiivi	2705
järkytys	substantiivi	2704
sotatoimi	substantiivi	2702
verho	substantiivi	2702
ensiksi	adverbi	2701
sivuuttaa	verbi	2699
ulko-ovi	substantiivi	2699
islamisti	substantiivi	2697
laillistaa	verbi	2697
rapistua	verbi	2697
leuto	adjektiivi	2696
osakseen		2696
salassa	adverbi	2696
sähköisesti	adverbi	2695
yhtälö	substantiivi	2694
joskin	konjunktio	2690
rasti	substantiivi	2690
leski	substantiivi	2688
tyhjetä	verbi	2687
yläkerta	substantiivi	2687
valtuus	substantiivi	2685
kostaa	verbi	2684
sanella	verbi	2684
lohkoa	verbi	2683
kappeli	substantiivi	2682
kopra	substantiivi	2682
avioero	substantiivi	2680
postilaatikko	substantiivi	2680
kaupunginkirjasto	substantiivi	2679
työnhaku	substantiivi	2679
uurna	substantiivi	2679
vähempi	adjektiivi, adverbi	2678
yöuni	substantiivi	2678
koulukiusaaminen	substantiivi	2677
instituutio	substantiivi	2676
kantakaupunki	substantiivi	2676
ainut	adjektiivi	2674
junavuoro	substantiivi	2674
salakuljetus	substantiivi	2674
ylhäältä	adverbi	2673
edustajainhuone	substantiivi	2672
hanhi	substantiivi	2672
katastrofaalinen	adjektiivi	2672
värinen	adjektiivi	2672
ansiosidonnainen	adjektiivi	2671
motivoitua	verbi	2671
hiihtolatu	substantiivi	2669
junarata	substantiivi	2668
rakennusliike	substantiivi	2668
joo	interjektio	2666
kärry	substantiivi	2666
kuohuttaa	verbi	2665
tahkota	verbi	2665
intohimoinen	adjektiivi	2664
muttei	rinnastuskonjunktio, kieltoverbi	2664
suurpujottelu	substantiivi	2664
loikata	verbi	2663
loppuvaihe	substantiivi	2663
ympäristöystävällinen	adjektiivi	2663
kyynelkaasu	substantiivi	2660
lukematon	adjektiivi	2660
yksimielisyys	substantiivi	2660
yllättäjä	substantiivi	2660
kanerva	substantiivi	2658
piirittää	verbi	2658
saati	konjunktio	2658
konkreettisesti	adverbi	2657
kopioida	verbi	2656
tulehdus	substantiivi	2656
lujaa	adverbi	2655
talousvesi	substantiivi	2655
kampanjointi	substantiivi	2654
tukka	substantiivi	2654
ihmisyys	substantiivi	2653
kouluikäinen	adjektiivi	2653
päätösvalta	substantiivi	2651
raide	substantiivi	2651
kyynele	substantiivi	2650
sinetti	substantiivi	2650
äärelle	postpositio	2650
hunaja	substantiivi	2646
komento	substantiivi	2646
nuotti	substantiivi	2646
omituinen	adjektiivi	2646
suure	substantiivi	2646
innokkaasti	adverbi	2645
tavaton	adjektiivi	2645
väliltä	postpositio, adverbi	2645
nyrkkeilijä	substantiivi	2644
kirves	substantiivi	2643
paneutua	verbi	2643
aktivoitua	verbi	2642
konstaapeli	substantiivi	2641
öinen	adjektiivi	2640
tiimoilta	postpositio	2639
kylvää	verbi	2638
laajuinen	adjektiivi	2638
muistio	substantiivi	2638
raitiotie	substantiivi	2638
ryhmittymä	substantiivi	2637
pohjoisosa	substantiivi	2636
kytkeytyä	verbi	2635
maustaa	verbi	2634
sadasosa	substantiivi	2634
proteiini	substantiivi	2633
säestää	verbi	2633
vanhanaikainen	adjektiivi, substantiivi	2632
velloa	verbi	2632
monitoimitalo	substantiivi	2631
oyj	substantiivi	2631
säväyttää	verbi	2631
avanto	substantiivi	2630
taltuttaa	verbi	2630
äityä	verbi	2630
kesätyöpaikka	substantiivi	2629
koveta	verbi	2629
pöllö	substantiivi, adjektiivi	2628
mielipidemittaus	substantiivi	2627
rattaat	substantiivi	2626
vuorotella	verbi	2626
kaksonen	substantiivi	2625
kyy	substantiivi	2625
minimoida	verbi	2625
pikkulapsi	substantiivi	2625
valokuvata	verbi	2625
vuosineljännes	substantiivi	2625
oivaltaa	verbi	2624
ehdokaslista	substantiivi	2622
kyläkauppa	substantiivi	2622
kirjakauppa	substantiivi	2620
opiskelupaikka	substantiivi	2620
sitoutumaton	adjektiivi	2620
hytti	substantiivi	2619
juhlija	substantiivi	2618
lapsilisä	substantiivi	2617
siunata	verbi	2617
harjoituskausi	substantiivi	2616
lukutaito	substantiivi	2614
egyptiläinen	adjektiivi, substantiivi	2613
hiota	verbi	2613
ruuma	substantiivi	2612
ravintoloitsija	substantiivi	2611
trilleri	substantiivi	2611
uhkasakko	substantiivi	2611
ahven	substantiivi	2610
kiilata	verbi	2610
liikuttua	verbi	2610
piipahtaa	verbi	2610
oikaisu	substantiivi	2609
suurituloinen	adjektiivi, substantiivi	2609
tukitoimi	substantiivi	2609
salmi	substantiivi	2608
myytti	substantiivi	2607
budjettiesitys	substantiivi	2606
sinivalkoinen	adjektiivi	2606
keikkailla	verbi	2603
moottoripyöräilijä	substantiivi	2603
ruokala	substantiivi	2603
oikeustiede	substantiivi	2601
otos	substantiivi	2600
hollanti	substantiivi	2599
taite	substantiivi	2599
hygienia	substantiivi	2598
kasvo	substantiivi	2598
mietintö	substantiivi	2596
koditon	adjektiivi	2595
puska	substantiivi	2594
hinata	verbi	2593
lempinimi	substantiivi	2593
eversti	substantiivi	2591
hätätila	substantiivi	2591
vastakkainen	adjektiivi	2591
lisäselvitys	substantiivi	2590
osakkeenomistaja	substantiivi	2590
yhteishaku	substantiivi	2590
kuilu	substantiivi	2589
kuppi	substantiivi	2588
parta	substantiivi	2588
halukkuus	substantiivi	2587
merkata	verbi	2587
jatkuvuus	substantiivi	2585
juuttua	verbi	2584
otto	substantiivi	2584
railo	substantiivi	2584
hiilinielu	substantiivi	2583
lähemmäksi	prepositio, postpositio, adverbi	2583
pilkkoa	verbi	2583
putkirikko	substantiivi	2583
sekaan	postpositio, adverbi	2583
vyöhyke	substantiivi	2583
ma	pronomini	2581
mestaruussarja	substantiivi	2581
psykologinen	adjektiivi	2581
ruokailla	verbi	2581
rakennemuutos	substantiivi	2580
satavuotias	adjektiivi	2579
siika	substantiivi	2579
vastapaino	substantiivi	2579
kaavamuutos	substantiivi	2578
vesialue	substantiivi	2578
maalitykki	substantiivi	2577
tehota	verbi	2577
itäpuoli	substantiivi	2576
kansanmurha	substantiivi	2576
väliaika	substantiivi	2576
kaupankäynti	substantiivi	2575
kantti	substantiivi	2574
runnella	verbi	2573
kompensoida	verbi	2572
parkkihalli	substantiivi	2572
lähdettää	verbi	2571
käyminen	substantiivi	2570
informaatio	substantiivi	2569
jauhaa	verbi	2569
ruokapöytä	substantiivi	2569
pelipaita	substantiivi	2568
juoksuttaa	verbi	2567
lepakko	substantiivi	2567
maamerkki	substantiivi	2567
nykyä	adverbi	2567
ylikapellimestari	substantiivi	2567
häkä	substantiivi	2566
puhdistamo	substantiivi	2566
sosiaaliturva	substantiivi	2566
rukoilla	verbi	2565
sotku	substantiivi*	2565
sovitus	substantiivi	2565
anteeksipyyntö	substantiivi	2564
mökkiläinen	substantiivi	2564
pilotti	substantiivi	2563
kunnianosoitus	substantiivi	2560
kuninkuusravit	substantiivi	2558
kurikka	substantiivi	2558
listaus	substantiivi	2558
uupumus	substantiivi	2558
häikäistä	verbi	2557
terveystieto	substantiivi	2557
timantti	substantiivi, adjektiivi	2557
iskelmä	substantiivi	2556
dramaattisesti	adverbi	2555
sääolosuhteet	substantiivi	2555
kymmenes	substantiivi	2553
portugali	substantiivi	2553
kiltti	adjektiivi, substantiivi	2551
suojavaruste	substantiivi	2551
taltioida	verbi	2551
lintuharrastaja	substantiivi	2550
syvästi	adverbi	2550
astronautti	substantiivi	2549
perjantaisin	adverbi	2549
tabu	substantiivi*	2547
elossa	adverbi	2546
maanmies	substantiivi	2546
alho	substantiivi	2545
laskuttaa	verbi	2545
palsta	substantiivi	2545
kolaus	substantiivi	2544
lajike	substantiivi	2544
sysätä	verbi	2544
äänekäs	adjektiivi	2544
vallitseva	adjektiivi	2543
tanska	substantiivi	2542
jälkeläinen	substantiivi	2541
poliklinikka	substantiivi	2541
raskia	verbi	2540
vainota	verbi	2540
yhtyä	verbi	2540
yhteystiedot	substantiivi	2539
karkki	substantiivi	2537
kolmetoista	numeraali	2537
juoni	substantiivi, adjektiivi	2536
liioitella	verbi	2536
rangaistusalue	substantiivi	2536
sakkorangaistus	substantiivi	2535
yksityishenkilö	substantiivi	2535
keihäänheittäjä	substantiivi	2533
hammashoito	substantiivi	2532
ihmiskauppa	substantiivi	2532
kahtia	adverbi	2532
kuolemantuomio	substantiivi	2532
tulivuori	substantiivi	2532
kaikua	verbi	2531
sopimaton	adjektiivi, substantiivi	2531
talvisin	adverbi	2531
tulitus	substantiivi	2531
yöaika	substantiivi	2531
puuhata	verbi	2530
päänvaiva	substantiivi	2530
kotitalo	substantiivi	2529
pizza	substantiivi	2529
epäluottamus	substantiivi	2528
hallintoneuvosto	substantiivi	2527
askarruttaa	verbi	2526
ulospäin	adverbi	2526
villasukka	substantiivi	2526
grilli	substantiivi	2525
ripeä	adjektiivi	2525
vedenkorkeus	substantiivi	2525
tartuttaa	verbi	2524
kauemmas	adverbi	2523
parhain	adjektiivi	2523
veikko	substantiivi	2519
aidata	verbi	2518
tornitalo	substantiivi	2518
karva	substantiivi	2517
kierrellä	verbi	2517
radiolähetys	substantiivi	2517
jokilaakso	substantiivi	2516
valtionavustus	substantiivi	2515
rapu	substantiivi	2514
erityisasiantuntija	substantiivi	2513
kieliä	verbi	2513
koheta	verbi	2513
lomassa	postpositio	2513
vaiheittain	adverbi	2512
halla	substantiivi	2511
hämäläinen	adjektiivi, substantiivi	2510
kannatella	verbi	2510
eriarvoisuus	substantiivi	2509
liikuntahalli	substantiivi	2507
mopoauto	substantiivi	2507
kuunnelma	substantiivi	2506
silmälasit	substantiivi	2505
varrelle	postpositio	2505
oppiaine	substantiivi	2504
ostopalvelu	substantiivi	2504
persoonallinen	adjektiivi	2504
hengenvaara	substantiivi	2503
tyytyväisyys	substantiivi	2503
veroparatiisi	substantiivi	2502
metsäpalo	substantiivi	2501
pinkki	substantiivi, adjektiivi	2501
työpöytä	substantiivi	2501
leijua	verbi	2499
taipale	substantiivi	2498
EU-parlamentti	substantiivi	2497
kahmia	verbi	2497
muotoinen	adjektiivi	2497
alkuaika	substantiivi	2495
energinen	adjektiivi	2495
hieroa	verbi	2494
ilmastosopimus	substantiivi	2493
ihmetys	substantiivi	2492
ravit	substantiivi	2492
retkeilijä	substantiivi	2491
sukupuutto	substantiivi	2491
ylikonstaapeli	substantiivi	2491
ajoittaa	verbi	2490
alfa	substantiivi	2490
huokaista	verbi	2490
talvehtia	verbi	2490
esikunta	substantiivi	2489
liimata	verbi	2488
mobiilisovellus	substantiivi	2488
haikea	adjektiivi	2487
testamentti	substantiivi	2487
hengitys	substantiivi	2486
isännöitsijä	substantiivi	2486
tarkoin	adverbi	2485
peruutus	substantiivi	2484
pidentyä	verbi	2484
trooppinen	adjektiivi	2484
mopoilija	substantiivi	2483
vaino	substantiivi	2483
optio	substantiivi	2482
syvetä	verbi	2482
takapiha	substantiivi	2482
olennaisesti	adverbi	2481
keisari	substantiivi	2480
syrjäseutu	substantiivi	2480
kalle	substantiivi	2479
pino	substantiivi	2479
tunto	substantiivi	2478
värjätä	verbi	2478
golfkenttä	substantiivi	2477
luottamuspula	substantiivi	2477
kehitysmaa	substantiivi	2476
vaalitentti	substantiivi	2476
vastuullisuus	substantiivi	2476
oleskelulupa	substantiivi	2475
pureutua	verbi	2475
rikkomus	substantiivi	2475
ennättää	verbi	2474
lossi	substantiivi	2474
opaste	substantiivi	2473
säde	substantiivi	2473
luettava	adjektiivi, substantiivi	2472
yleisötapahtuma	substantiivi	2472
kainalo	substantiivi	2471
kotipaikka	substantiivi	2470
muistisairaus	substantiivi	2470
oikeussali	substantiivi	2470
raatihuone	substantiivi	2470
johtohahmo	substantiivi	2469
nöyrä	adjektiivi	2469
vierekkäin	adverbi	2469
lipunmyynti	substantiivi	2468
oletus	substantiivi	2467
jakaantua	verbi	2466
pysäköintialue	substantiivi	2466
jännä	adjektiivi	2465
liepeillä	postpositio, adverbi	2465
suunnistaa	verbi	2465
asteittain	adverbi	2464
genre	substantiivi	2464
murskavoitto	substantiivi	2464
oopperajuhlat	substantiivi	2464
pohjanmaa	substantiivi	2464
kaupunginsairaala	substantiivi	2462
kiivaasti	adverbi	2462
ruuhkainen	adjektiivi	2462
nettikauppa	substantiivi	2461
sitaatti	substantiivi	2461
tarjoutua	verbi	2460
tilapäisesti	adverbi	2460
kätevä	adjektiivi	2459
rasitus	substantiivi	2458
vasemmistolainen	adjektiivi, substantiivi	2458
luento	substantiivi	2457
single	substantiivi	2457
avara	adjektiivi	2456
kopteri	substantiivi	2456
aktiivi	substantiivi, adjektiivi	2455
hymähtää	verbi	2455
kuoliaaksi	adverbi	2455
mellakkapoliisi	substantiivi	2455
sairaanhoito	substantiivi	2455
esittäjä	substantiivi	2454
jumi	substantiivi*	2454
kurja	adjektiivi	2454
kannustus	substantiivi	2452
vastatoimi	substantiivi	2452
viestintäministeri	substantiivi	2452
evätä	verbi	2451
kauheasti	adverbi	2451
langaton	adjektiivi	2450
mieto	adjektiivi	2450
työnseisaus	substantiivi	2450
aho	substantiivi	2449
huippupelaaja	substantiivi	2449
romu	substantiivi	2449
perheyritys	substantiivi	2448
setä	substantiivi	2448
hirmumyrsky	substantiivi	2447
valtakausi	substantiivi	2447
ikuistaa	verbi	2446
koura	substantiivi	2446
vieraspeli	substantiivi	2445
viritellä	verbi	2445
kokelas	substantiivi	2444
suuntaus	substantiivi	2444
tipahtaa	verbi	2444
hienoinen	adjektiivi	2443
jalkapallokenttä	substantiivi	2443
jännittyä	verbi	2443
uhrata	verbi	2443
vahtia	verbi	2442
hengellinen	adjektiivi	2441
jäätikkö	substantiivi	2441
luoja	substantiivi	2441
ankka	substantiivi	2439
maajoukkuepelaaja	substantiivi	2439
raami	substantiivi	2439
lordi	substantiivi	2438
rutkasti	adverbi	2438
tasapainoinen	adjektiivi	2438
toppuutella	verbi	2437
kilpi	substantiivi	2436
sairauspoissaolo	substantiivi	2436
vakuuttavasti	adverbi	2434
foorumi	substantiivi	2431
leikkaussali	substantiivi	2431
tennisturnaus	substantiivi	2431
nippu	substantiivi	2430
liikelaitos	substantiivi	2429
autoilu	substantiivi	2427
päänsärky	substantiivi	2427
komeetta	substantiivi	2425
langeta	verbi	2425
matti	substantiivi*	2425
rakennuttaja	substantiivi	2425
ylhäällä	adverbi	2425
perimä	substantiivi	2424
tutkijatohtori	substantiivi	2424
urheiluseura	substantiivi	2424
asennus	substantiivi	2423
viiletä	verbi	2423
koitos	substantiivi	2422
pomppia	verbi	2422
uskomus	substantiivi	2421
journalistinen	adjektiivi	2420
riskitekijä	substantiivi	2420
valtiosihteeri	substantiivi	2420
elvytys	substantiivi	2419
puhelinpalvelu	substantiivi	2419
tuulilasi	substantiivi	2419
elämäkerta	substantiivi	2418
pidot	substantiivi	2418
avainasema	substantiivi	2416
puomi	substantiivi	2416
vaaleanpunainen	adjektiivi	2416
isoveli	substantiivi	2415
kohuta	verbi	2415
mehu	substantiivi	2415
selvyys	substantiivi	2415
tavoittelu	substantiivi	2415
virastotalo	substantiivi	2415
konservatorio	substantiivi	2414
patja	substantiivi	2414
puolustuspeli	substantiivi	2414
talouspakote	substantiivi	2414
elinikäinen	adjektiivi	2413
kesäkausi	substantiivi	2413
paratiisi	substantiivi	2412
puoluehallitus	substantiivi	2412
kukoistaa	verbi	2411
sipuli	substantiivi	2411
valkama	substantiivi	2411
suoratoistopalvelu	substantiivi	2410
ylivoimamaali	substantiivi	2409
lajittelu	substantiivi	2408
pahoinvointi	substantiivi	2408
päihtyä	verbi	2408
uloste	substantiivi	2408
yksipuolinen	adjektiivi	2408
perustus	substantiivi	2407
tulospalvelu	substantiivi	2407
sora	substantiivi	2406
välieräottelu	substantiivi	2406
virkailija	substantiivi	2405
jatkaja	substantiivi	2404
lomamatka	substantiivi	2404
norsu	substantiivi	2404
filosofi	substantiivi	2403
askarrella	verbi	2402
juhlapäivä	substantiivi	2400
katselu	substantiivi	2400
kuoriutua	verbi	2400
sarjapaikka	substantiivi	2400
ideologia	substantiivi	2399
huumekauppa	substantiivi	2398
ajoitus	substantiivi	2396
auttaja	substantiivi	2396
säästöohjelma	substantiivi	2395
asemies	substantiivi	2394
epäonni	substantiivi	2394
löydös	substantiivi	2394
säkki	substantiivi	2392
tuhlata	verbi	2391
väkivaltarikos	substantiivi	2390
aasialainen	adjektiivi, substantiivi	2389
harjoitusleiri	substantiivi	2389
tuulimylly	substantiivi	2389
näppäimistö	substantiivi	2388
näkyvästi	adverbi	2387
työolot	substantiivi	2387
jänis	substantiivi	2386
psykoterapeutti	substantiivi	2386
valkoposkihanhi	substantiivi	2386
fantastinen	adjektiivi	2385
keskiaikainen	adjektiivi	2385
luovutus	substantiivi	2385
pilvinen	adjektiivi	2385
elektroniikka	substantiivi	2384
riistanhoitoyhdistys	substantiivi	2384
syyni	substantiivi	2383
valtionyhtiö	substantiivi	2383
näkövammainen	adjektiivi, substantiivi	2382
optimistinen	adjektiivi	2382
pokata	verbi*	2382
yrityssaneeraus	substantiivi	2382
luottokortti	substantiivi	2381
monimuotoinen	adjektiivi	2381
hajauttaa	verbi	2380
leveys	substantiivi	2379
espanja	substantiivi	2378
kansanpuolue	substantiivi	2378
hoitokoti	substantiivi	2377
nahka	substantiivi	2377
vastaanottaja	substantiivi	2377
autotehdas	substantiivi	2376
perusoikeus	substantiivi	2376
rima	substantiivi	2376
satatuhatta	numeraali	2376
satsaus	substantiivi	2376
aikaansaada	verbi	2375
chatti	substantiivi	2375
maaginen	adjektiivi	2375
miehitys	substantiivi	2375
monipuolisuus	substantiivi	2375
rajamaa	substantiivi	2375
varotoimi	substantiivi	2375
yksiselitteinen	adjektiivi	2373
erämaa	substantiivi	2372
madonna	substantiivi	2372
tyrmistyä	verbi	2372
äitiys	substantiivi	2372
biologia	substantiivi	2371
hinnannousu	substantiivi	2371
perus	substantiivi	2371
asianmukaisesti	adverbi	2370
hiihtoloma	substantiivi	2370
luovuttaja	substantiivi	2367
nelikymppinen	adjektiivi	2367
hiilijalanjälki	substantiivi	2366
humalainen	adjektiivi, substantiivi	2366
kehittynyt	adjektiivi	2366
kiihottaa	verbi	2366
maailmanluokka	substantiivi	2366
painajainen	substantiivi	2366
seilata	verbi	2366
välitunti	substantiivi	2366
kaksikerroksinen	adjektiivi	2365
laiska	adjektiivi, substantiivi	2365
säilöä	verbi	2365
parlamentaarinen	adjektiivi	2364
pyry	substantiivi	2364
kuha	substantiivi	2363
lähtöruutu	substantiivi	2363
viisivuotias	adjektiivi	2363
säikähtää	verbi	2362
viidesosa	substantiivi	2362
tiedotus	substantiivi	2361
porrastaa	verbi	2360
ikoni	substantiivi	2359
purkaus	substantiivi	2359
harppaus	substantiivi	2358
kauaa	adverbi	2358
rintauinti	substantiivi	2358
väläytellä	verbi	2358
epätietoisuus	substantiivi	2357
kärähtää	verbi	2357
pakastaa	verbi	2356
mäkihyppääjä	substantiivi	2355
suitsia	verbi	2354
työllisyystilanne	substantiivi	2354
tarra	substantiivi	2353
uoma	substantiivi	2353
basso	substantiivi	2352
onnistuneesti	adverbi	2352
tartuntatauti	substantiivi	2352
vallankaappaus	substantiivi	2352
karvas	adjektiivi	2351
istuntosali	substantiivi	2350
kymmenys	substantiivi	2350
sello	substantiivi	2350
säästellä	verbi	2350
kosteikko	substantiivi	2349
vastarintaliike	substantiivi	2349
olympiakarsinta	substantiivi	2348
biopolttoaine	substantiivi	2346
kokematon	adjektiivi	2346
pelaajasopimus	substantiivi	2346
muistotilaisuus	substantiivi	2344
edustus	substantiivi	2343
kiistanalainen	adjektiivi	2343
koivuniemi	substantiivi	2343
riistää	verbi	2343
hakkeri	substantiivi	2342
kävelijä	substantiivi	2342
paikkakuntalainen	substantiivi	2342
perata	verbi	2341
sisustus	substantiivi	2338
neliökilometri	substantiivi	2336
iiris	substantiivi	2335
kulttuurihistoriallinen	adjektiivi	2335
satuttaa	verbi	2335
kärkinimi	substantiivi	2334
ulkoilu	substantiivi	2334
elintapa	substantiivi	2333
läpinäkyvä	adjektiivi	2333
peruspalvelu	substantiivi	2333
tasalla	postpositio, adverbi	2332
majakka	substantiivi	2331
vyöryä	verbi	2331
etäyhteys	substantiivi	2330
pata	substantiivi*	2329
pubi	substantiivi	2328
suunnistaja	substantiivi	2328
trio	substantiivi	2328
kirkkovaltuusto	substantiivi	2326
rennosti	adverbi	2326
lahjakortti	substantiivi	2325
pulla	substantiivi	2325
vaalimainos	substantiivi	2324
bussiliikenne	substantiivi	2323
rovio	substantiivi	2323
esiopetus	substantiivi	2322
ikuisesti	adverbi	2322
pilke	substantiivi*	2322
salomaa	substantiivi	2322
väljä	adjektiivi	2322
iskulause	substantiivi	2321
kantaja	substantiivi	2321
haistaa	verbi	2320
kauempana	adverbi	2318
varustautua	verbi	2318
yksityistää	verbi	2318
kähärä	adjektiivi	2315
sujuvasti	adverbi	2314
tämänvuotinen	adjektiivi	2313
metsäkone	substantiivi	2312
nikkeli	substantiivi	2311
hääriä	verbi	2310
opiskelija-asunto	substantiivi	2309
purjehdus	substantiivi	2309
matkatoimisto	substantiivi	2308
raastaa	verbi	2308
työnjako	substantiivi	2308
lihavuus	substantiivi	2307
miehinen	adjektiivi	2307
rakennelma	substantiivi	2307
täysi-ikäinen	adjektiivi	2307
vieremä	substantiivi	2307
televisiokanava	substantiivi	2306
kolea	adjektiivi	2305
alkoholinkäyttö	substantiivi	2303
kaluste	substantiivi	2303
koulutyö	substantiivi	2303
poissulkea	verbi	2303
kanssakäyminen	substantiivi	2302
liukua	verbi	2302
mieluisa	adjektiivi	2302
hautakivi	substantiivi	2301
maltillisesti	adverbi	2300
potea	verbi	2300
rajatarkastus	substantiivi	2299
käyttöikä	substantiivi	2298
suunnite	substantiivi	2298
uima-allas	substantiivi	2298
pilli	substantiivi	2297
vaitonainen	adjektiivi	2297
apulanta	substantiivi	2296
lauhtua	verbi	2296
ämpäri	substantiivi	2296
basisti	substantiivi	2295
unkarilainen	adjektiivi, substantiivi	2295
päätekijä	substantiivi	2294
urbaani	adjektiivi	2294
alahuone	substantiivi	2293
ruoho	substantiivi	2293
design	substantiivi	2292
elättää	verbi	2292
höllentää	verbi	2292
kartonki	substantiivi	2291
latinalainen	adjektiivi	2291
junior	substantiivi	2290
ken	pronomini	2290
vanhustenhoito	substantiivi	2289
välipäivä	substantiivi	2289
biokaasulaitos	substantiivi	2288
huokua	verbi	2288
ilmaantuvuus	substantiivi	2288
kuraattori	substantiivi	2288
kuukausittain	adverbi	2288
päätöslauselma	substantiivi	2287
veropetos	substantiivi	2287
häntä	substantiivi	2286
käännekohta	substantiivi	2286
tasaantua	verbi	2286
totutella	verbi	2286
jäteastia	substantiivi	2285
kylmyys	substantiivi	2285
putsata	verbi	2285
varoitella	verbi	2285
kärkitulos	substantiivi	2284
kansantalous	substantiivi	2282
kulttuuriperintö	substantiivi	2282
pohjustaa	verbi	2282
lauha	adjektiivi	2281
sisällissota	substantiivi	2281
elanto	substantiivi	2280
kourallinen	substantiivi	2280
vaaliliitto	substantiivi	2279
vuoristo	substantiivi	2279
tuotekehitys	substantiivi	2278
konsulaatti	substantiivi	2277
paviljonki	substantiivi	2277
perätön	adjektiivi, substantiivi	2277
erikoistutkija	substantiivi	2276
ajorata	substantiivi	2275
leuka	substantiivi	2275
haittavaikutus	substantiivi	2274
jousto	substantiivi	2274
lähijuna	substantiivi	2274
neutraali	adjektiivi	2274
sensaatiomainen	adjektiivi	2274
yritystuki	substantiivi	2274
jäsenvaltio	substantiivi	2273
torjuntaprosentti	substantiivi	2273
kadoksissa	adverbi	2272
rakennusvalvonta	substantiivi	2272
talousarvioesitys	substantiivi	2272
antiikki	substantiivi	2271
piilotella	verbi	2271
pohjoispuoli	substantiivi	2271
ruokalista	substantiivi	2270
selostus	substantiivi	2270
luja	adjektiivi	2269
moninainen	adjektiivi	2269
apina	substantiivi	2267
intensiivinen	adjektiivi	2267
kummastella	verbi	2267
lääkehoito	substantiivi	2267
puolinen	substantiivi, adjektiivi	2266
runous	substantiivi	2266
moraalinen	adjektiivi	2265
kaasuputki	substantiivi	2264
kuitu	substantiivi	2264
lakialoite	substantiivi	2264
miksei	adverbi, kieltoverbi	2264
pankkitili	substantiivi	2264
vahingoittua	verbi	2263
kaksinkertaistaa	verbi	2262
läppäri	substantiivi	2262
varovasti	adverbi	2262
kukko	substantiivi	2260
reviiri	substantiivi	2260
tesla	substantiivi	2260
datakeskus	substantiivi	2259
huoltovarmuus	substantiivi	2259
suullinen	adjektiivi, substantiivi	2257
komeilla	verbi	2256
tekonurmi	substantiivi	2256
toimivalta	substantiivi	2256
tuomas	substantiivi	2255
muovipussi	substantiivi	2253
patentti	substantiivi	2253
pointti	substantiivi	2253
vastatuuli	substantiivi	2253
epävakaa	adjektiivi	2252
kattorakenne	substantiivi	2252
selli	substantiivi	2252
synnytysosasto	substantiivi	2252
tautitapaus	substantiivi	2252
vastaantuleva	adjektiivi, substantiivi	2252
kliininen	adjektiivi	2251
laitoshoito	substantiivi	2251
malmi	substantiivi	2251
teatterinjohtaja	substantiivi	2251
emoyhtiö	substantiivi	2250
kiuas	substantiivi	2250
luokki	substantiivi	2250
paljolti	adverbi	2250
soratie	substantiivi	2250
jokseenkin	adverbi	2249
keskilämpötila	substantiivi	2249
maanosa	substantiivi	2249
soittolista	substantiivi	2249
avaruusasema	substantiivi	2248
kosteusvaurio	substantiivi	2248
lovi	substantiivi	2248
palkkaus	substantiivi	2248
ennaltaehkäisy	substantiivi	2247
lähete	substantiivi	2247
stadi	substantiivi	2247
visioida	verbi	2246
nakertaa	verbi	2245
ratsastaja	substantiivi	2244
graafinen	adjektiivi	2243
influenssarokote	substantiivi	2242
kuitti	substantiivi, adjektiivi	2242
intendentti	substantiivi	2241
kattojärjestö	substantiivi	2241
siinä	adverbi	2241
liivi	substantiivi*	2240
dialogi	substantiivi	2239
häämöttää	verbi	2239
jahti	substantiivi*	2239
lähiympäristö	substantiivi	2239
parhaimmisto	substantiivi	2239
mekanismi	substantiivi	2238
myyrä	substantiivi	2238
ihanteellinen	adjektiivi	2237
paksuus	substantiivi	2237
ampuma-ase	substantiivi	2236
epätoivoinen	adjektiivi	2236
pikavauhti	substantiivi	2236
saastuttaa	verbi	2235
öljy-yhtiö	substantiivi	2235
algoritmi	substantiivi	2234
kuolonkolari	substantiivi	2234
neula	substantiivi	2234
länsipuoli	substantiivi	2233
vaikutelma	substantiivi	2233
siivu	substantiivi	2232
terapeutti	substantiivi	2231
alkutalvi	substantiivi	2230
kansallisuus	substantiivi	2230
lainvastainen	adjektiivi	2230
isokokoinen	adjektiivi	2228
minimi	substantiivi	2228
kauemmin	adverbi	2227
omiaan	adverbi	2227
rappukäytävä	substantiivi	2226
heittäjä	substantiivi	2225
hyvinvointivaltio	substantiivi	2225
valtuuskunta	substantiivi	2225
saartaa	verbi	2224
elinkaari	substantiivi	2223
leirikeskus	substantiivi	2223
työhyvinvointi	substantiivi	2223
tämänkaltainen	adjektiivi	2223
parannella	verbi	2222
valtakunnansyyttäjä	substantiivi	2222
kadottaa	verbi	2221
pyyhe	substantiivi	2220
sisäpiha	substantiivi	2220
epäröidä	verbi	2219
kielenkäyttö	substantiivi	2218
saatella	verbi	2218
solmu	substantiivi	2218
kuntaministeri	substantiivi	2217
pieniä	verbi	2217
valmiuslaki	substantiivi	2216
duo	substantiivi	2215
koodi	substantiivi	2215
lakana	substantiivi	2215
ukko	substantiivi	2214
vastapuoli	substantiivi	2214
käsiala	substantiivi	2213
erotella	verbi	2212
paperinen	adjektiivi	2212
eriävä	adjektiivi	2211
illallinen	substantiivi, adjektiivi	2211
kandidaatti	substantiivi	2211
keskiyö	substantiivi	2210
nuorisojärjestö	substantiivi	2210
huvittaa	verbi	2209
lievittää	verbi	2209
riemuita	verbi	2209
etunimi	substantiivi	2208
paikantaa	verbi	2206
ääripää	substantiivi	2206
siintää	verbi	2205
keskialue	substantiivi	2204
köysi	substantiivi	2204
naimisissa	adverbi	2204
hartia	substantiivi	2203
rahapula	substantiivi	2203
sisämaa	substantiivi	2202
erilaisuus	substantiivi	2201
turvapaikkahakemus	substantiivi	2201
hallussapito	substantiivi	2200
poppi	substantiivi	2199
vaje	substantiivi	2199
kevätkausi	substantiivi	2198
ripeästi	adverbi	2198
so	interjektio	2198
tora	substantiivi	2198
asiantuntemus	substantiivi	2197
kaura	substantiivi	2196
miljardööri	substantiivi	2196
Ahti	substantiivi	2195
aate	substantiivi	2194
kanala	substantiivi	2194
tasapisteet	substantiivi	2194
palkanmaksu	substantiivi	2193
asepalvelus	substantiivi	2192
esityö	substantiivi	2192
allerginen	adjektiivi	2191
haapa	substantiivi	2191
noki	substantiivi	2191
sokea	adjektiivi, substantiivi	2191
sotaveteraani	substantiivi	2191
jäätävä	adjektiivi	2190
postimerkki	substantiivi	2190
kiusaaja	substantiivi	2188
uhmata	verbi	2188
nähtävyys	substantiivi	2187
aamupala	substantiivi	2186
käsidesi	substantiivi	2186
luottoluokitus	substantiivi	2186
oikeuslaitos	substantiivi	2186
säätö	substantiivi	2186
syytön	adjektiivi	2184
boikotoida	verbi	2183
direktiivi	substantiivi	2182
kaikenikäinen	adjektiivi	2182
kolumnisti	substantiivi	2182
myllerrys	substantiivi	2182
portugalilainen	adjektiivi, substantiivi	2182
sarvi	substantiivi	2181
työkyky	substantiivi	2181
alakoululainen	substantiivi	2180
sala	substantiivi	2180
tehoton	adjektiivi	2180
ylläpitäjä	substantiivi	2180
kansalaisaloite	substantiivi	2179
nykytaide	substantiivi	2179
naula	substantiivi	2177
selkeyttää	verbi	2177
valli	substantiivi	2177
ihmiskunta	substantiivi	2176
äänisaalis	substantiivi	2176
jatkohoito	substantiivi	2175
jälki-istunto	substantiivi	2173
pestata	verbi	2173
sinällään	adverbi	2173
syyllistää	verbi	2173
yksinään	adverbi	2173
jatkumo	substantiivi	2172
sota-aika	substantiivi	2172
joulukalenteri	substantiivi	2171
niitty	substantiivi	2171
valtiopäivät	substantiivi	2171
ammattitaitoinen	adjektiivi	2170
monttu	substantiivi	2170
paja	substantiivi	2170
työtapaturma	substantiivi	2170
auringonlasku	substantiivi	2169
odottamaton	adjektiivi	2169
häviö	substantiivi	2168
lempeä	adjektiivi	2168
varteenotettava	adjektiivi	2168
lämmitellä	verbi	2166
kehitysyhtiö	substantiivi	2165
nauhoittaa	verbi	2165
päämies	substantiivi	2165
raivostua	verbi	2165
vallan	adverbi	2165
pitävä	adjektiivi	2164
seppä	substantiivi	2164
tahtotila	substantiivi	2164
aisti	substantiivi	2162
löysä	adjektiivi, substantiivi	2161
meksikolainen	adjektiivi, substantiivi	2161
jääpallo	substantiivi	2160
pintavesi	substantiivi	2160
munkki	substantiivi	2158
nelson	substantiivi	2158
häntäpää	substantiivi	2157
joulupäivä	substantiivi	2157
mörkö	substantiivi	2157
kärkiaika	substantiivi	2156
selkäranka	substantiivi	2156
ylipainoinen	adjektiivi	2156
aitaus	substantiivi	2155
harhaanjohtava	adjektiivi	2155
ihastuttaa	verbi	2155
kutoa	verbi	2155
naapurusto	substantiivi	2155
pidättäytyä	verbi	2155
poliisiylijohtaja	substantiivi	2155
kavallus	substantiivi	2154
kokoluokka	substantiivi	2154
mättää	verbi	2153
seulonta	substantiivi	2153
vetonaula	substantiivi	2153
yllyttää	verbi	2153
puheenjohtajisto	substantiivi	2152
teloitus	substantiivi	2152
oppikirja	substantiivi	2151
koostumus	substantiivi	2149
palvelutalo	substantiivi	2149
pelle	substantiivi	2149
mikrobi	substantiivi	2148
työväline	substantiivi	2148
porskuttaa	verbi	2147
ratkaisumaali	substantiivi	2147
verrattain	adverbi	2147
raskaasti	adverbi	2146
tapetti	substantiivi	2146
teollisuushalli	substantiivi	2146
etusija	substantiivi	2145
kaupunkikuva	substantiivi	2145
kestämätön	adjektiivi	2145
sauva	substantiivi	2145
kirjaimellisesti	adverbi	2144
vesinäyte	substantiivi	2144
kattaus	substantiivi	2143
säästöpankki	substantiivi	2143
moinen	adjektiivi	2142
kellottaa	verbi*	2141
kuvanveistäjä	substantiivi	2140
pikkuveli	substantiivi	2140
presidenttipari	substantiivi	2140
talvitie	substantiivi	2140
turmella	verbi	2140
jumala	substantiivi	2139
perusteeton	adjektiivi	2139
kotisohva	substantiivi	2138
kärkipää	substantiivi	2138
lähtijä	substantiivi	2138
nakuttaa	verbi	2138
passittaa	verbi	2138
kostautua	verbi	2137
pöytäkirja	substantiivi	2137
kaski	substantiivi	2136
latauspiste	substantiivi	2136
murtuma	substantiivi	2134
tiputtaa	verbi	2134
haavoittuva	adjektiivi	2133
madaltaa	verbi	2133
hylje	substantiivi	2132
säikäyttää	verbi	2132
tyydyttävä	adjektiivi	2132
umpeen	adverbi	2131
kikka	substantiivi	2130
vedenalainen	adjektiivi, substantiivi	2130
vieraskielinen	adjektiivi	2130
ylilyönti	substantiivi	2130
monivuotinen	adjektiivi	2129
sisäpuoli	substantiivi	2129
kylmetä	verbi	2128
kanttori	substantiivi	2127
karttua	verbi	2127
sademetsä	substantiivi	2127
kuumeisesti	adverbi	2126
poikaystävä	substantiivi	2126
tarpeellisuus	substantiivi	2126
allekirjoittaja	substantiivi	2125
juna-asema	substantiivi	2125
sei	substantiivi	2124
hiven	substantiivi	2123
maistella	verbi	2123
intiimi	adjektiivi	2122
radioaktiivinen	adjektiivi	2122
saattohoito	substantiivi	2122
rekisteröinti	substantiivi	2121
toimintaympäristö	substantiivi	2121
väsyttää	verbi	2121
herua	verbi	2120
kommunikoida	verbi	2120
koventaa	verbi	2119
miekka	substantiivi	2119
suomentaa	verbi	2119
tervehdys	substantiivi	2119
kiertoliittymä	substantiivi	2118
tuonne	adverbi	2118
rauhansopimus	substantiivi	2116
naru	substantiivi	2115
pankkiautomaatti	substantiivi	2115
asiakaskunta	substantiivi	2114
jumissa	adverbi	2114
moninkertaistua	verbi	2114
siitepöly	substantiivi	2114
ahti	substantiivi	2113
koreografi	substantiivi	2113
energiantuotanto	substantiivi	2112
pikavippi	substantiivi	2112
sähköpyörä	substantiivi	2112
eutanasia	substantiivi	2111
kiinteistökauppa	substantiivi	2111
sammutus	substantiivi	2111
tarjoilija	substantiivi	2111
yhteisymmärrys	substantiivi	2111
jääkiekkojoukkue	substantiivi	2110
kaato	substantiivi	2110
lojua	verbi	2110
palveluala	substantiivi	2110
kannella	verbi	2109
terveysvaikutus	substantiivi	2109
tutkijaryhmä	substantiivi	2109
silmäkulma	substantiivi	2108
sähkönkulutus	substantiivi	2108
fanittaa	verbi	2107
työkokemus	substantiivi	2107
jalkapallojoukkue	substantiivi	2106
kade	adjektiivi	2106
ylijäämäinen	adjektiivi	2106
tae	substantiivi*	2105
ensilumi	substantiivi	2104
eteinen	substantiivi	2104
absurdi	adjektiivi	2103
hätätilanne	substantiivi	2103
poppari	substantiivi*	2103
rikoslaki	substantiivi	2103
taannoin	adverbi	2103
valittaja	substantiivi	2103
erehtyä	verbi	2102
esikoinen	substantiivi	2102
luokitus	substantiivi	2102
realismi	substantiivi	2101
laavu	substantiivi	2100
maha	substantiivi	2100
pappila	substantiivi	2100
raja-arvo	substantiivi	2100
salaliittoteoria	substantiivi	2100
veistää	verbi	2100
esiintymä	substantiivi	2099
haihtua	verbi	2099
haluttu	adjektiivi	2099
kalatalous	substantiivi	2099
tuntu	substantiivi	2099
virkavalta	substantiivi	2099
merenpohja	substantiivi	2098
omanlainen	adjektiivi	2098
raueta	verbi	2098
laaja-alainen	adjektiivi	2097
matkalaukku	substantiivi	2097
räppi	substantiivi	2097
oleskelu	substantiivi	2096
pahiten	adverbi	2096
kaipuu	substantiivi	2095
muuttoliike	substantiivi	2095
presidenttikausi	substantiivi	2095
itsekseen	adverbi	2094
kruununprinssi	substantiivi	2094
kansainvälistyä	verbi	2093
keskipiste	substantiivi	2092
neljätoista	numeraali	2092
liettua	substantiivi	2091
majuri	substantiivi	2091
talviaika	substantiivi	2091
työnjohtaja	substantiivi	2091
juhlallisuus	substantiivi	2090
keskiviikkoinen	adjektiivi	2090
rahtilaiva	substantiivi	2090
keulakuva	substantiivi	2088
rinnastaa	verbi	2088
vesihuolto	substantiivi	2088
asiakasmaksu	substantiivi	2087
jättiläinen	substantiivi	2087
taju	substantiivi	2087
out	adverbi	2086
pensas	substantiivi	2086
tripla	substantiivi	2086
ulkopaikkakuntalainen	adjektiivi, substantiivi	2086
lähempänä	prepositio, postpositio, adverbi	2085
tuskainen	adjektiivi	2085
seiväshyppy	substantiivi	2084
keskiluokka	substantiivi	2083
käsivarsi	substantiivi	2083
luottamustehtävä	substantiivi	2083
aluepäällikkö	substantiivi	2082
liukkaus	substantiivi	2082
makuuhuone	substantiivi	2082
viisikymppinen	adjektiivi, substantiivi	2082
edus	substantiivi	2081
hehkua	verbi	2081
neli	substantiivi	2081
kolminkertaistua	verbi	2080
lahjoittaja	substantiivi	2080
parakki	substantiivi	2080
kaveriporukka	substantiivi	2079
kidutus	substantiivi	2079
oireilu	substantiivi	2079
takuta	verbi	2079
juoksutus	substantiivi	2078
turvavyö	substantiivi	2078
oivallus	substantiivi	2076
ääri-islamilainen	substantiivi, adjektiivi	2075
auringonpaiste	substantiivi	2074
ympäristölautakunta	substantiivi	2074
pikkujoulu	substantiivi	2073
viisaus	substantiivi	2073
aitous	substantiivi	2072
pelityyli	substantiivi	2072
haveri	substantiivi	2071
ikoninen	adjektiivi	2071
kolmivuotinen	adjektiivi	2071
höyry	substantiivi	2070
potilastieto	substantiivi	2070
elämäntyö	substantiivi	2069
irlantilainen	adjektiivi, substantiivi	2069
kärytä	verbi	2069
kävelykatu	substantiivi	2069
pelotella	verbi	2069
psykiatri	substantiivi	2069
pyhimys	substantiivi	2069
karkea	adjektiivi	2068
kelpo	adjektiivi	2068
säätiedot	substantiivi	2068
taifuuni	substantiivi	2068
voimistelu	substantiivi	2068
kuulo	substantiivi	2067
mittelö	substantiivi	2067
vapautus	substantiivi	2067
puhtaus	substantiivi	2066
saavutettavuus	substantiivi	2066
tasapuolinen	adjektiivi	2065
terveysvaliokunta	substantiivi	2065
kaksijakoinen	adjektiivi	2064
matkanjärjestäjä	substantiivi	2064
ensiesitys	substantiivi	2063
käytetty	adjektiivi	2063
paikoitellen	adverbi	2063
horjua	verbi	2062
kesäpäivä	substantiivi	2062
muhkea	adjektiivi	2062
vilistä	verbi	2062
kevyesti	adverbi	2061
tulehtua	verbi	2061
tähänastinen	adjektiivi	2061
vastaehdokas	substantiivi	2061
puolueeton	adjektiivi	2060
tapainen	adjektiivi, substantiivi	2060
aiesopimus	substantiivi	2059
vaalilautakunta	substantiivi	2059
muotoutua	verbi	2058
vapaaohjelma	substantiivi	2058
katedraali	substantiivi	2057
lastentarhanopettaja	substantiivi	2057
yhtymä	substantiivi	2057
äitienpäivä	substantiivi	2057
selostaja	substantiivi	2056
diagnosoida	verbi	2055
energiajuoma	substantiivi	2055
lähettiläs	substantiivi	2055
hakanen	substantiivi	2054
paska	substantiivi, adjektiivi	2054
yhdenvertainen	adjektiivi	2054
kolmekymmentä	numeraali	2053
satelliittikuva	substantiivi	2053
traileri	substantiivi	2053
hiipiä	verbi	2052
radikalisoitua	verbi	2052
tupakoida	verbi	2052
konserttisali	substantiivi	2051
otsa	substantiivi	2051
porata	verbi*	2051
pussittaa	verbi	2050
valtapuolue	substantiivi	2050
havainnollistaa	verbi	2049
turkistarha	substantiivi	2049
opettelu	substantiivi	2047
pankkikortti	substantiivi	2047
varusmiespalvelus	substantiivi	2047
yöpakkanen	substantiivi	2047
tonttu	substantiivi	2046
totella	verbi	2046
lumipeite	substantiivi	2044
presidentinlinna	substantiivi	2044
suomia	verbi	2044
hip	interjektio	2043
selitellä	verbi	2043
sukupuolineutraali	adjektiivi	2042
alppi	substantiivi	2040
edustava	adjektiivi	2040
rauhanomainen	adjektiivi	2040
mielenterveyspalvelu	substantiivi	2039
räikeä	adjektiivi	2039
sekoitus	substantiivi	2039
lähikuukausi	substantiivi	2038
kuluttajahinta	substantiivi	2037
morsian	substantiivi	2037
syvällä	adverbi	2035
ansa	substantiivi	2034
isosti	adverbi	2034
hallituskumppani	substantiivi	2033
jokunen	pronomini	2033
aamuisin	adverbi	2032
masentua	verbi	2032
nautinto	substantiivi	2032
palmu	substantiivi	2032
yhdistetty	substantiivi	2032
pikkutyttö	substantiivi	2031
syvällinen	adjektiivi	2031
vasikka	substantiivi	2031
väärinkäsitys	substantiivi	2031
kotimatka	substantiivi	2030
varastointi	substantiivi	2030
äänite	substantiivi	2030
aavikko	substantiivi	2029
muhia	verbi	2029
videopeli	substantiivi	2029
viehättää	verbi	2029
näppi	substantiivi	2028
panna	substantiivi	2028
tuossa	adverbi	2028
muka	adverbi	2027
nimike	substantiivi	2026
kaksoisvoitto	substantiivi	2025
kasvisruoka	substantiivi	2025
kiduttaa	verbi	2025
nelikko	substantiivi	2025
rollaattori	substantiivi	2024
kymmenesosa	substantiivi	2022
altavastaaja	substantiivi	2021
lumilinna	substantiivi	2021
merenpinta	substantiivi	2021
liikehdintä	substantiivi	2020
luterilainen	adjektiivi, substantiivi	2020
tutkintavankeus	substantiivi	2019
halva	substantiivi	2018
liuta	substantiivi	2017
suhteellisesti	adverbi	2017
odotusaika	substantiivi	2016
tutkiva	adjektiivi	2016
hiekkaranta	substantiivi	2015
hoitajamitoitus	substantiivi	2015
huimasti	adverbi	2015
mäkiosuus	substantiivi	2014
painaja	substantiivi	2014
yöllinen	adjektiivi	2014
kirurgi	substantiivi	2013
kuusitoista	numeraali	2013
kuti	substantiivi*, interjektio	2012
seiska	substantiivi	2012
jäsenmäärä	substantiivi	2011
katupöly	substantiivi	2011
palkaton	adjektiivi	2011
kuntatalous	substantiivi	2010
metallinen	adjektiivi	2010
oikeisto	substantiivi	2010
toimeenpano	substantiivi	2010
päivänvalo	substantiivi	2009
päärata	substantiivi	2009
serkku	substantiivi	2009
vaaratiedote	substantiivi	2009
voitokas	adjektiivi	2009
alueellisesti	adverbi	2008
kilpailukyky	substantiivi	2008
rahasumma	substantiivi	2008
tasoitusmaali	substantiivi	2008
kare	substantiivi*	2007
hyväksyttää	verbi	2006
kallo	substantiivi	2006
kasino	substantiivi	2006
tuuletus	substantiivi	2006
äänioikeus	substantiivi	2006
toisaalla	adverbi	2005
ääriliike	substantiivi	2005
elinvoimainen	adjektiivi	2004
hyvittää	verbi	2003
kärkikolmikko	substantiivi	2003
sanoittaa	verbi	2003
ratsastus	substantiivi	2001
suudella	verbi	2001
tase	substantiivi	2001
välivuosi	substantiivi	2001
puukauppa	substantiivi	2000
siteerata	verbi	2000
nalle	substantiivi	1999
hauras	adjektiivi	1998
itää	verbi	1998
lisäkustannus	substantiivi	1998
viisikko	substantiivi	1998
etsintäkuuluttaa	verbi	1997
pihlaja	substantiivi	1997
hakkuri	substantiivi	1996
yrtti	substantiivi	1996
joustavuus	substantiivi	1995
hellepäivä	substantiivi	1994
kerma	substantiivi	1994
arvailla	verbi	1993
poliisikoira	substantiivi	1993
rajavalvonta	substantiivi	1993
kaventua	verbi	1992
seniori	substantiivi	1992
hirvittää	verbi	1991
nettiyhteys	substantiivi	1991
tukipalvelu	substantiivi	1991
laihduttaa	verbi	1990
pimetä	verbi	1990
kukkula	substantiivi	1989
promoottori	substantiivi	1989
tarjoilu	substantiivi	1989
loisto	substantiivi, adjektiivi	1988
elämänlaatu	substantiivi	1987
kieltämättä	adverbi	1987
koskemattomuus	substantiivi	1987
lääkärihelikopteri	substantiivi	1987
siunaus	substantiivi	1986
epämiellyttävä	adjektiivi	1985
terroriteko	substantiivi	1985
turvattomuus	substantiivi	1985
delfiini	substantiivi	1984
huolimattomuus	substantiivi	1984
sairastelu	substantiivi	1984
ulkoasiainvaliokunta	substantiivi	1984
arabimaa	substantiivi	1983
perhe-elämä	substantiivi	1983
periytyä	verbi	1983
suurmäki	substantiivi	1983
ilmastointi	substantiivi	1982
luonnonvarainen	adjektiivi	1982
myrkyttää	verbi	1982
routa	substantiivi	1982
taipumus	substantiivi	1982
kahdenvälinen	adjektiivi	1981
katos	substantiivi	1981
asialista	substantiivi	1980
finaaliottelu	substantiivi	1980
kuuloke	substantiivi	1980
instrumentti	substantiivi	1979
osakeanti	substantiivi	1979
pulpetti	substantiivi	1979
omaehtoinen	adjektiivi	1978
perääntyä	verbi	1978
kehdata	verbi	1977
huipennus	substantiivi	1976
terveydellinen	adjektiivi	1976
alistaa	verbi	1975
eteläkarjalainen	adjektiivi, substantiivi	1975
looginen	adjektiivi	1975
tunnetusti	adverbi	1975
jalostamo	substantiivi	1974
typerä	adjektiivi, substantiivi	1974
säikähdys	substantiivi	1973
informoida	verbi	1972
kokeellinen	adjektiivi	1972
kylpeä	verbi	1972
pähkinä	substantiivi	1972
työtunti	substantiivi	1972
kelata	verbi	1970
kuumeta	verbi	1970
omistajaohjaus	substantiivi	1970
takamies	substantiivi	1970
islamistinen	adjektiivi	1969
löyly	substantiivi	1969
puutarhuri	substantiivi	1969
stipendi	substantiivi	1969
autokoulu	substantiivi	1968
yksinkertaistaa	verbi	1968
virnistää	verbi	1967
liikennöitsijä	substantiivi	1966
toveri	substantiivi	1966
viestijoukkue	substantiivi	1966
puolipäivä	substantiivi	1965
puuro	substantiivi	1964
tuhkarokko	substantiivi	1964
äänestysaktiivisuus	substantiivi	1964
ilmapallo	substantiivi	1963
rahankäyttö	substantiivi	1963
kaupunkiseutu	substantiivi	1962
lopen	adverbi	1962
kamariorkesteri	substantiivi	1961
kiertotalous	substantiivi	1961
todentaa	verbi	1961
pyykki	substantiivi*	1960
nelinkertainen	adjektiivi	1959
sieppaus	substantiivi	1959
toimikunta	substantiivi	1958
erikoislääkäri	substantiivi	1957
ryhmäkoko	substantiivi	1956
heijastin	substantiivi	1955
maakuntakaava	substantiivi	1955
aurinkoenergia	substantiivi	1954
erimielinen	adjektiivi	1954
himoita	verbi	1954
kyselytutkimus	substantiivi	1954
piirustus	substantiivi	1954
syvemmälle	adverbi	1954
live	adjektiivi	1953
keinotekoinen	adjektiivi	1952
kiskaista	verbi	1952
kivääri	substantiivi	1952
lähtöpaikka	substantiivi	1952
läpinäkyvyys	substantiivi	1952
taustoittaa	verbi	1952
huutokaupata	verbi	1950
sukupuolivähemmistö	substantiivi	1950
turvatarkastus	substantiivi	1950
vapaauinti	substantiivi	1950
hyväntuulinen	adjektiivi	1949
riisi	substantiivi*	1949
tapahtumajärjestäjä	substantiivi	1949
valeuutinen	substantiivi	1949
itsemääräämisoikeus	substantiivi	1948
lakkoilla	verbi	1948
pumppu	substantiivi	1948
tarjoaja	substantiivi	1948
raja-alue	substantiivi	1947
patruuna	substantiivi*	1946
salaperäinen	adjektiivi	1946
viitsiä	verbi	1946
liike-elämä	substantiivi	1945
lumivyöry	substantiivi	1945
karttaa	verbi	1944
kohista	verbi	1944
rintasyöpä	substantiivi	1944
määrätietoinen	adjektiivi	1943
tuplasti	adverbi	1943
haulikko	substantiivi	1942
menestystarina	substantiivi	1942
autio	adjektiivi	1941
pohjoiskarjalainen	adjektiivi, substantiivi	1941
saku	substantiivi	1941
sähköistää	verbi	1941
valitella	verbi	1940
väistyvä	adjektiivi	1940
kriisitilanne	substantiivi	1939
meloa	verbi	1939
yksinomaan	adverbi	1939
akseli	substantiivi	1938
historioitsija	substantiivi	1938
koeaika	substantiivi	1938
neuvottelija	substantiivi	1938
tunnusmerkki	substantiivi	1938
sähkölaite	substantiivi	1937
influenssarokotus	substantiivi	1936
lanta	substantiivi	1936
vasemmistopuolue	substantiivi	1936
metsästyskausi	substantiivi	1935
raivaus	substantiivi	1935
hurjasti	adverbi	1934
sijoitusyhtiö	substantiivi	1934
takavarikko	substantiivi	1934
täsmälleen	adverbi	1934
yöpäivystys	substantiivi	1934
ekosysteemi	substantiivi	1933
ajonopeus	substantiivi	1932
erätauko	substantiivi	1932
hiilineutraali	adjektiivi	1932
kustannustehokas	adjektiivi	1932
ohjauskorko	substantiivi	1932
sekajäte	substantiivi	1932
touhuta	verbi	1932
ohilaukaus	substantiivi	1931
terveyshaitta	substantiivi	1930
hallitsija	substantiivi	1929
sanailla	verbi	1928
vilkkua	verbi	1928
hamuta	verbi	1927
lähiseutu	substantiivi	1927
maatalousyrittäjä	substantiivi	1927
mureta	verbi	1927
tavaraliikenne	substantiivi	1927
kondomi	substantiivi	1926
maahanmuuttopolitiikka	substantiivi	1926
melodia	substantiivi	1926
muuttolintu	substantiivi	1926
yhtenäistää	verbi	1926
logiikka	substantiivi	1925
kolmiloikka	substantiivi	1924
mittasuhteet	substantiivi	1924
pörssisähkö	substantiivi	1924
osastopäällikkö	substantiivi	1923
sanasto	substantiivi	1923
kylpylähotelli	substantiivi	1922
syysloma	substantiivi	1922
takaus	substantiivi	1922
täti	substantiivi	1922
vaari	substantiivi*	1922
mato	substantiivi	1921
pöydätä	verbi	1921
tylysti	adverbi	1921
hoitotakuu	substantiivi	1920
piha-alue	substantiivi	1920
soihtu	substantiivi	1920
käyttöaste	substantiivi	1919
terästehdas	substantiivi	1919
radikaalisti	adverbi	1918
hölmö	adjektiivi, substantiivi	1917
liina	substantiivi	1917
lohkovoitto	substantiivi	1917
asentaja	substantiivi	1916
kolhu	substantiivi	1916
veikka	substantiivi*	1916
maalailla	verbi	1915
pursuta	verbi	1915
korkeatasoinen	adjektiivi	1914
koho	substantiivi	1913
pakastin	substantiivi	1913
taatusti	adverbi	1913
virkistää	verbi	1913
ohja	substantiivi	1912
asteroidi	substantiivi	1911
temppeli	substantiivi	1911
konsertto	substantiivi	1910
standardi	substantiivi	1910
uumoilla	verbi	1910
jatke	substantiivi	1909
hoitomuoto	substantiivi	1908
irtiotto	substantiivi	1908
kolttasaamelainen	adjektiivi, substantiivi	1908
lehmus	substantiivi	1908
peitota	verbi	1908
kivijalka	substantiivi	1906
konsertoida	verbi	1906
karkeasti	adverbi	1904
lämpöennätys	substantiivi	1904
pätevyys	substantiivi	1904
tina	substantiivi	1904
vasara	substantiivi	1904
vähyys	substantiivi	1903
info	substantiivi	1901
laueta	verbi	1901
elinikä	substantiivi	1900
jatko-osa	substantiivi	1900
lähietäisyys	substantiivi	1900
näkö	substantiivi	1900
oheinen	adjektiivi	1900
pilkata	verbi	1900
sisällyttää	verbi	1899
itäsuomalainen	adjektiivi, substantiivi	1898
asiaton	adjektiivi, substantiivi	1897
juridinen	adjektiivi	1897
kilowattitunti	substantiivi	1897
hiukkanen	substantiivi	1895
kani	substantiivi*	1895
kuisma	substantiivi	1895
menetellä	verbi	1895
persoonallisuus	substantiivi	1895
tukihenkilö	substantiivi	1895
haka	substantiivi*	1894
pompata	verbi	1894
vaellus	substantiivi	1894
sirkku	substantiivi	1893
sulkava	substantiivi	1893
täpärästi	adverbi	1893
ammattikalastaja	substantiivi	1892
asuntola	substantiivi	1892
hurahtaa	verbi	1892
naurettava	adjektiivi	1892
paralympialaiset	substantiivi	1892
peliväline	substantiivi	1892
vuoristorata	substantiivi	1891
rynniä	verbi	1890
valaisin	substantiivi	1890
ihmeissään	adverbi	1889
minkki	substantiivi	1889
ritari	substantiivi	1889
yhteiskoulu	substantiivi	1889
aarnio	substantiivi*	1888
alentua	verbi	1888
lätkä	substantiivi	1888
onnittelu	substantiivi	1888
diktatuuri	substantiivi	1887
kotipaikkakunta	substantiivi	1886
koululuokka	substantiivi	1886
käyttökelpoinen	adjektiivi	1886
mekaaninen	adjektiivi	1886
jolla	substantiivi	1885
profiloitua	verbi	1885
astma	substantiivi	1884
isänmaa	substantiivi	1884
maahantuoja	substantiivi	1884
notkahdus	substantiivi	1884
päällyste	substantiivi	1884
virka-asunto	substantiivi	1884
esivaali	substantiivi	1883
kiintiöpakolainen	substantiivi	1883
kivinen	adjektiivi	1883
latoa	verbi	1883
rita	substantiivi	1883
alkometri	substantiivi	1882
ikävuosi	substantiivi	1882
janota	verbi	1882
kasvukeskus	substantiivi	1882
sääli	substantiivi	1882
liikenneympyrä	substantiivi	1881
tietämys	substantiivi	1881
kyselytunti	substantiivi	1880
nipistää	verbi	1880
osallistaa	verbi	1880
hävikki	substantiivi	1879
aiheeton	adjektiivi	1878
inkeroinen	substantiivi	1878
miete	substantiivi	1878
kaarti	substantiivi	1877
sikiö	substantiivi	1877
muuntua	verbi	1876
pääsisäänkäynti	substantiivi	1876
eristäytyä	verbi	1875
kasarmi	substantiivi	1875
vaikuttavuus	substantiivi	1875
vatsatauti	substantiivi	1875
verkostoitua	verbi	1875
alkujaan	adverbi	1874
hommata	verbi	1874
itsemurhaisku	substantiivi	1873
itärannikko	substantiivi	1873
tulovero	substantiivi	1872
ulkonaliikkumiskielto	substantiivi	1872
himota	verbi	1871
kranaatti	substantiivi	1871
rikkaus	substantiivi	1871
kato	substantiivi	1870
kuvalehti	substantiivi	1870
romanialainen	adjektiivi, substantiivi	1870
tasoinen	adjektiivi	1870
edunvalvonta	substantiivi	1869
kastua	verbi	1869
konepaja	substantiivi	1869
väärennös	substantiivi	1869
karkumatka	substantiivi	1868
varaosa	substantiivi	1868
vastaisku	substantiivi	1868
kauniisti	adverbi	1867
keväisin	adverbi	1867
kosmetiikka	substantiivi	1867
paahtaa	verbi	1867
peilata	verbi*	1867
tuottava	adjektiivi	1867
hulluus	substantiivi	1866
luotain	substantiivi	1866
sujuvuus	substantiivi	1866
talousrikos	substantiivi	1866
tapauskohtaisesti	adverbi	1866
teipata	verbi	1866
tarkennus	substantiivi	1864
tökkiä	verbi	1864
seiväs	substantiivi	1863
kirkkoneuvosto	substantiivi	1862
sosialisti	substantiivi	1862
taksikuski	substantiivi	1862
tuumata	verbi	1862
harjoittelija	substantiivi	1860
lakeus	substantiivi	1859
peräkärry	substantiivi	1858
puuvilla	substantiivi	1858
valitsijayhdistys	substantiivi	1858
komentaa	verbi	1857
louhos	substantiivi	1857
noteerata	verbi	1857
peluuttaa	verbi	1857
savuke	substantiivi	1857
uumen	substantiivi	1857
julistautua	verbi	1856
kausikortti	substantiivi	1856
keräilijä	substantiivi	1856
käsipallo	substantiivi	1856
manata	verbi	1856
mobiililaite	substantiivi	1856
myötätuuli	substantiivi	1856
neljästi	adverbi	1856
sydänkohtaus	substantiivi	1855
radio-ohjelma	substantiivi	1854
tarkistus	substantiivi	1854
työperäinen	adjektiivi	1854
vegaani	substantiivi	1854
asteikko	substantiivi	1853
lääni	substantiivi	1852
raakku	substantiivi	1852
mallikkaasti	adverbi	1851
rakennusmies	substantiivi	1851
tavaramerkki	substantiivi	1851
ujo	adjektiivi	1851
sadealue	substantiivi	1850
ulosotto	substantiivi	1850
valtavirta	substantiivi	1850
haikailla	verbi	1849
kolkka	substantiivi*	1849
kuhina	substantiivi	1849
ominainen	adjektiivi	1849
rangaistuslaukaus	substantiivi	1849
rauhanpalkinto	substantiivi	1849
tempo	substantiivi	1848
budjetoida	verbi	1847
mitalipeli	substantiivi	1847
selvitysmies	substantiivi	1847
taikina	substantiivi	1847
huilata	verbi	1846
luettelo	substantiivi	1846
maineikas	adjektiivi	1846
palkkatuki	substantiivi	1846
pioneeri	substantiivi	1846
polttopuu	substantiivi	1846
rikkinäinen	adjektiivi	1846
rynnistää	verbi	1846
vaaraton	adjektiivi	1846
vaikkei	alistuskonjunktio, kieltoverbi	1846
joukkuekilpailu	substantiivi	1845
porno	substantiivi	1845
provosoida	verbi	1845
rientää	verbi	1845
solidaarisuus	substantiivi	1845
vuosipäivä	substantiivi	1845
työterveys	substantiivi	1844
linnunpönttö	substantiivi	1843
herkistyä	verbi	1842
myrkytys	substantiivi	1842
vähiin	adverbi	1842
omenapuu	substantiivi	1841
taata	substantiivi	1841
vankileiri	substantiivi	1841
homoseksuaali	substantiivi	1840
viritä	verbi	1840
homoseksuaalisuus	substantiivi	1839
läksy	substantiivi	1839
takapakki	substantiivi	1839
ampumarata	substantiivi	1838
fosfori	substantiivi	1838
kasvusto	substantiivi	1838
kuvitteellinen	adjektiivi	1838
malaga	substantiivi	1838
vesilintu	substantiivi	1838
martta	substantiivi	1837
mäkärä	substantiivi	1837
päivätä	verbi	1837
kolmio	substantiivi	1836
käsihygienia	substantiivi	1836
oikeudenmukaisuus	substantiivi	1836
seremonia	substantiivi	1836
kaupunkialue	substantiivi	1835
laitapuolustaja	substantiivi	1835
lisenssi	substantiivi	1835
samaistua	verbi	1835
varajäsen	substantiivi	1835
villitä	verbi	1835
biologi	substantiivi	1834
takka	substantiivi*	1833
äänestystulos	substantiivi	1833
tuoksua	verbi	1832
vesijohto	substantiivi	1832
hälyttävä	adjektiivi	1831
raapia	verbi	1831
taus	substantiivi	1831
fantasia	substantiivi	1829
keikkua	verbi	1829
keskusvaalilautakunta	substantiivi	1829
mut	konjunktio	1829
sähkönjakelu	substantiivi	1828
kiikari	substantiivi	1827
paluumuuttaja	substantiivi	1827
petrata	verbi	1827
salakuljettaja	substantiivi	1827
näytteenotto	substantiivi	1826
riitely	substantiivi	1826
sähköjohto	substantiivi	1826
matkakohde	substantiivi	1825
huutava	adjektiivi	1823
pilleri	substantiivi	1823
risu	substantiivi	1823
sammakko	substantiivi	1823
tienoo	substantiivi	1823
islanti	substantiivi	1822
elintaso	substantiivi	1821
lavaste	substantiivi	1821
tunnistautua	verbi	1821
lakki	substantiivi	1820
paikallisliikenne	substantiivi	1820
pakka	substantiivi*	1820
oikeudenkäyntikulut	substantiivi	1819
sateenvarjo	substantiivi	1819
yritysjohtaja	substantiivi	1819
fiktio	substantiivi	1818
lintulaji	substantiivi	1818
tasavertainen	adjektiivi	1818
dinosaurus	substantiivi	1817
rinnakkain	adverbi	1817
seuloa	verbi	1817
itsevarma	adjektiivi	1816
tunniste	substantiivi	1816
tupata	verbi	1816
korealainen	adjektiivi, substantiivi	1815
made	substantiivi	1815
nimipäivä	substantiivi	1815
poni	substantiivi	1815
lotto	substantiivi	1814
maitotila	substantiivi	1814
tähkä	substantiivi	1814
selonteko	substantiivi	1813
supikoira	substantiivi	1813
naamioitua	verbi	1811
lyhytohjelma	substantiivi	1810
marihuana	substantiivi	1810
miehittämätön	adjektiivi	1810
myyntijohtaja	substantiivi	1810
piiloutua	verbi	1810
syöksy	substantiivi	1810
unettomuus	substantiivi	1810
verkkopankki	substantiivi	1810
jenkki	substantiivi	1809
tuunata	verbi	1809
uhalla		1809
alaston	adjektiivi	1808
eritellä	verbi	1808
perho	substantiivi	1808
taluttaa	verbi	1808
tarkoituksenmukainen	adjektiivi	1808
rikastua	verbi	1807
suurtapahtuma	substantiivi	1807
viittomakielinen	adjektiivi	1807
epäonninen	adjektiivi	1805
huonota	verbi	1805
iloisesti	adverbi	1805
kaatolupa	substantiivi	1805
matkailuala	substantiivi	1805
meemi	substantiivi	1805
rehellisyys	substantiivi	1805
soppa	substantiivi	1805
symbolinen	adjektiivi	1805
energiatehokkuus	substantiivi	1804
linssi	substantiivi	1804
neuvottelupöytä	substantiivi	1804
passiivinen	adjektiivi	1804
polkupyöräilijä	substantiivi	1804
totaalinen	adjektiivi	1804
valokeila	substantiivi	1804
kansanmusiikki	substantiivi	1803
kauppaketju	substantiivi	1803
loukkaus	substantiivi	1803
pyydys	substantiivi	1803
taputtaa	verbi	1803
tietoturva	substantiivi	1802
valtaisa	adjektiivi	1802
ay-liike	substantiivi	1801
määränpää	substantiivi	1801
sykähdyttää	verbi	1801
talvirengas	substantiivi	1801
tekijänoikeus	substantiivi	1800
kasvillisuus	substantiivi	1799
napsia	verbi	1799
työtoveri	substantiivi	1799
ulkotila	substantiivi	1799
duuni	substantiivi	1798
koehenkilö	substantiivi	1798
korvausvaatimus	substantiivi	1798
olympiavoitto	substantiivi	1798
ratifioida	verbi	1798
sorvata	verbi	1798
alempana	adverbi	1797
sakottaa	verbi	1797
epätoivo	substantiivi	1796
eritasoliittymä	substantiivi	1796
vaalikeskustelu	substantiivi	1796
eteläpohjalainen	adjektiivi, substantiivi	1794
hopeamitali	substantiivi	1794
moukari	substantiivi	1794
kehys	substantiivi	1793
turvallisuusriski	substantiivi	1793
työturvallisuus	substantiivi	1793
kirvoittaa	verbi	1792
loma-asunto	substantiivi	1792
myyntipäällikkö	substantiivi	1792
ansioitua	verbi	1791
kasvukausi	substantiivi	1791
moraali	substantiivi	1791
banaani	substantiivi	1790
maaliero	substantiivi	1790
turvaton	adjektiivi	1790
tyystin	adverbi	1790
valmistava	adjektiivi	1790
hiihto-osuus	substantiivi	1789
kasautua	verbi	1789
kiekkoilla	verbi	1789
kolmipäiväinen	adjektiivi	1789
korvaamaton	adjektiivi	1789
entisellään	adverbi	1788
haalari	substantiivi	1788
revanssi	substantiivi	1788
kielteisesti	adverbi	1787
kumppanuus	substantiivi	1787
lupautua	verbi	1787
lääkeaine	substantiivi	1787
pisara	substantiivi	1787
viaton	adjektiivi	1787
huhuta	verbi	1786
työriita	substantiivi	1786
ulostulo	substantiivi	1786
varjella	verbi	1786
rajoite	substantiivi	1785
aamiainen	substantiivi	1784
ajaja	substantiivi	1784
hyvinvointikeskus	substantiivi	1784
taka-ala	substantiivi	1784
vaaliuurna	substantiivi	1783
horisontti	substantiivi	1782
saarivaltio	substantiivi	1782
voimistelija	substantiivi	1782
harventaa	verbi	1781
oodi	substantiivi	1780
ulkoseinä	substantiivi	1780
velallinen	substantiivi	1779
kiehua	verbi	1778
reisi	substantiivi	1778
terveysriski	substantiivi	1778
rahti	substantiivi	1777
hulppea	adjektiivi	1776
mikki	substantiivi	1776
rikosoikeus	substantiivi	1776
suojelupoliisi	substantiivi	1776
joulurauha	substantiivi	1775
koulukuljetus	substantiivi	1775
kunniamerkki	substantiivi	1775
kätkö	substantiivi	1775
tukiasema	substantiivi	1775
ympäristöasia	substantiivi	1775
arvonimi	substantiivi	1774
kannustin	substantiivi	1774
päästökauppa	substantiivi	1774
joulupöytä	substantiivi	1773
kasvokkain	adverbi	1773
kovuus	substantiivi	1773
kuikka	substantiivi	1773
retoriikka	substantiivi	1773
mestarijoukkue	substantiivi	1772
nopeutua	verbi	1772
ohitus	substantiivi	1772
penkka	substantiivi	1772
everstiluutnantti	substantiivi	1771
puoluejohto	substantiivi	1771
tähytä	verbi	1771
huumata	verbi	1770
pääasiallinen	adjektiivi	1770
varastorakennus	substantiivi	1770
kulta-aika	substantiivi	1769
kummi	substantiivi	1769
vedenottamo	substantiivi	1769
haittaohjelma	substantiivi	1768
lakiehdotus	substantiivi	1768
rehevöityä	verbi	1768
sulautua	verbi	1768
suppea	adjektiivi	1768
analysointi	substantiivi	1766
kiistaton	adjektiivi	1766
päätoiminen	adjektiivi	1766
ulkomaanmatka	substantiivi	1766
istumapaikka	substantiivi	1765
kämmen	substantiivi	1765
metsätalousministeri	substantiivi	1765
rynnäkkökivääri	substantiivi	1765
koulukyyti	substantiivi	1764
apulaisprofessori	substantiivi	1763
kokonaiskustannukset	substantiivi	1763
roihuta	verbi	1763
viitta	substantiivi*	1763
lentävä	substantiivi	1762
hätkähdyttää	verbi	1761
jauho	substantiivi	1761
opetusala	substantiivi	1761
pääovi	substantiivi	1761
soutaa	verbi	1761
suvanto	substantiivi	1761
pelastautua	verbi	1760
putkisto	substantiivi	1760
reserviläinen	substantiivi	1760
dokumentoida	verbi	1759
maailmanloppu	substantiivi	1759
tehovalvonta	substantiivi	1759
nimikirjoitus	substantiivi	1758
paremmuus	substantiivi	1758
sähkötupakka	substantiivi	1758
räjäytys	substantiivi	1757
sekainen	adjektiivi	1757
tihkua	verbi	1757
parivaljakko	substantiivi	1756
pörssikurssi	substantiivi	1756
yksityisasunto	substantiivi	1756
ahdistua	verbi	1755
jalanjälki	substantiivi	1755
kaiku	substantiivi	1755
kevättulva	substantiivi	1755
korkeimmillaan	adverbi	1755
kuormittua	verbi	1755
muotoilija	substantiivi	1755
nuorisotyöntekijä	substantiivi	1755
saneerata	verbi	1754
vaalitilaisuus	substantiivi	1754
virkistyskäyttö	substantiivi	1754
diplomi-insinööri	substantiivi	1753
normaalikoulu	substantiivi	1753
uudisrakentaminen	substantiivi	1753
hätyytellä	verbi	1752
ilkeä	adjektiivi	1752
oikeusistuin	substantiivi	1752
komponentti	substantiivi	1751
kärjistää	verbi	1751
omatunto	substantiivi	1751
poromies	substantiivi	1750
yhteistoimintaneuvottelu	substantiivi	1750
avaruusromu	substantiivi	1749
lähettyvillä	postpositio, adverbi	1749
taidenäyttely	substantiivi	1749
tölkki	substantiivi	1749
alati	adverbi	1747
huumepoliisi	substantiivi	1747
manipuloida	verbi	1747
vappuaatto	substantiivi	1747
maailmankuva	substantiivi	1746
mafia	substantiivi	1745
paalu	substantiivi	1745
vauras	adjektiivi	1745
satunnaisesti	adverbi	1744
työsulku	substantiivi	1744
yleiskuva	substantiivi	1744
konserttitalo	substantiivi	1743
kunnanvaltuutettu	substantiivi	1743
sympaattinen	adjektiivi	1743
tekopaikka	substantiivi	1743
aurinkolasit	substantiivi	1742
kämppä	substantiivi	1742
osakaskunta	substantiivi	1742
ruokinta	substantiivi	1742
kuosi	substantiivi	1741
pohjoissavolainen	adjektiivi, substantiivi	1741
sitoumus	substantiivi	1741
luottamuksellinen	adjektiivi	1740
majava	substantiivi	1740
muistiinpano	substantiivi	1740
riepotella	verbi	1740
säilytys	substantiivi	1740
tappioasema	substantiivi	1740
kokonaismäärä	substantiivi	1739
korea	substantiivi	1739
purjevene	substantiivi	1739
sovinto	substantiivi	1739
tusina	substantiivi	1739
joukkomurha	substantiivi	1737
raita	substantiivi*	1737
ideologinen	adjektiivi	1736
jääkarhu	substantiivi	1736
kirkastaa	verbi	1736
käry	substantiivi	1736
sähkövika	substantiivi	1736
yhdiste	substantiivi	1736
keskihinta	substantiivi	1735
kirkastua	verbi	1735
muistikuva	substantiivi	1735
grillata	verbi	1734
kolahtaa	verbi	1734
kotityö	substantiivi	1734
laatta	substantiivi	1734
teleoperaattori	substantiivi	1734
budjetointi	substantiivi	1732
viittaus	substantiivi	1732
hävettää	verbi	1731
laillisesti	adverbi	1731
sosiaalitoimi	substantiivi	1731
venähtää	verbi	1731
hahmotella	verbi	1730
vaikuttua	verbi	1730
maalämpö	substantiivi	1729
myötätunto	substantiivi	1729
palkkalista	substantiivi	1729
uusnatsi	substantiivi	1729
maistraatti	substantiivi	1728
paperikone	substantiivi	1728
työtila	substantiivi	1728
voimankäyttö	substantiivi	1728
kaikkialle	adverbi	1727
mallisto	substantiivi	1727
rantavesi	substantiivi	1727
tepsiä	verbi	1727
vaihdos	substantiivi	1727
villieläin	substantiivi	1726
jäljitys	substantiivi	1725
keitto	substantiivi	1725
koalitio	substantiivi	1725
poikkeava	adjektiivi	1725
älylaite	substantiivi	1725
lammikko	substantiivi	1723
latvialainen	adjektiivi, substantiivi	1723
likoon	adverbi	1723
peruskoululainen	substantiivi	1723
tsempata	verbi	1723
tukeutua	verbi	1723
uskaltautua	verbi	1723
irtaimisto	substantiivi	1722
kehätie	substantiivi	1722
lupahakemus	substantiivi	1722
liikenneyhteys	substantiivi	1721
paukuttaa	verbi	1721
sataprosenttinen	adjektiivi	1721
kättely	substantiivi	1720
mitätöidä	verbi	1720
chili	substantiivi	1719
työkyvyttömyyseläke	substantiivi	1719
viilentää	verbi	1719
milli	substantiivi	1718
tuloero	substantiivi	1718
meikki	substantiivi	1717
kilpailukielto	substantiivi	1716
koskelo	substantiivi	1716
otteluohjelma	substantiivi	1716
pääkäsittely	substantiivi	1715
aliarvioida	verbi	1714
erehdys	substantiivi	1714
jalkapallo-ottelu	substantiivi	1714
pappa	substantiivi	1714
peruspalveluministeri	substantiivi	1714
jututtaa	verbi	1713
moka	substantiivi	1713
aloittelija	substantiivi	1712
arkielämä	substantiivi	1712
hurmos	substantiivi	1712
judo	substantiivi	1712
kristinusko	substantiivi	1712
valintakoe	substantiivi	1712
paikalleen	adverbi	1711
päihtynyt	adjektiivi, substantiivi	1711
jäsenistö	substantiivi	1710
lastenkoti	substantiivi	1710
pienikokoinen	adjektiivi	1710
pouta	substantiivi	1710
säästökuuri	substantiivi	1710
herkkyys	substantiivi	1709
samanikäinen	adjektiivi	1709
tukeva	adjektiivi	1709
imettää	verbi	1708
vyyhti	substantiivi	1708
yhdyskunta	substantiivi	1708
aamuvuoro	substantiivi	1707
arpi	substantiivi	1707
metsuri	substantiivi	1707
polttoöljy	substantiivi	1707
ajo-oikeus	substantiivi	1705
anniskelu	substantiivi	1705
räntäsade	substantiivi	1705
havainnoida	verbi	1703
muunnos	substantiivi	1703
valjeta	verbi	1703
häiriintyä	verbi	1702
illansuu	substantiivi	1702
joulukortti	substantiivi	1702
jäävuori	substantiivi	1702
tasokas	adjektiivi	1702
viihtyisä	adjektiivi	1702
kymmenentuhatta	numeraali	1701
keskitaso	substantiivi	1700
osanottaja	substantiivi	1700
tasapuolisesti	adverbi	1700
jumiin	adverbi	1699
kuivattaa	verbi	1699
nastarengas	substantiivi	1699
harvaan	adverbi	1698
kesärengas	substantiivi	1698
määrittely	substantiivi	1698
olotila	substantiivi	1697
pohja-aika	substantiivi	1697
puikko	substantiivi	1697
vierähtää	verbi	1697
evoluutio	substantiivi	1696
hinnankorotus	substantiivi	1696
karkotus	substantiivi	1696
kolo	substantiivi	1696
korkea-arvoinen	adjektiivi	1696
lauantaisin	adverbi	1695
mietteliäs	adjektiivi	1695
farmi	substantiivi	1694
lähestulkoon	adverbi	1694
vetovoimainen	adjektiivi	1694
kovilla	adverbi	1693
murheellinen	adjektiivi	1693
sadella	verbi	1693
duuma	substantiivi	1692
huutelu	substantiivi	1692
lähennellä	verbi	1692
vaarallisuus	substantiivi	1692
vauhdikkaasti	adverbi	1692
yhdeksäsluokkalainen	substantiivi	1692
suojaus	substantiivi	1691
uteliaisuus	substantiivi	1691
hellitä	verbi	1690
kamarimusiikki	substantiivi	1690
särkyä	verbi	1690
voimalinja	substantiivi	1690
apteekkari	substantiivi	1689
eritoten	adverbi	1689
islantilainen	adjektiivi, substantiivi	1689
kauempaa	adverbi	1689
parrasvalot	substantiivi	1689
ruska	substantiivi	1688
ihmisoikeusjärjestö	substantiivi	1687
osasyy	substantiivi	1687
palvelupiste	substantiivi	1687
taivuttaa	verbi	1686
päivisin	adverbi	1685
veronkierto	substantiivi	1685
yksinhuoltaja	substantiivi	1685
olento	substantiivi	1684
poliisimies	substantiivi	1684
päivätyö	substantiivi	1682
vasemmalta	adverbi	1682
kuolemansyy	substantiivi	1681
lähestymistapa	substantiivi	1681
mestaruuskisa	substantiivi	1681
kalmari	substantiivi	1680
kärkipelaaja	substantiivi	1680
painotus	substantiivi	1680
pääsylippu	substantiivi	1680
tappouhkaus	substantiivi	1680
teini-ikä	substantiivi	1680
hetkellinen	adjektiivi	1679
oopperalaulaja	substantiivi	1679
peni	substantiivi	1679
ponnistelu	substantiivi	1678
verka	substantiivi	1678
ajomatka	substantiivi	1677
eeva	substantiivi	1677
henkilöliikenne	substantiivi	1677
henkilötunnus	substantiivi	1677
huippukunto	substantiivi	1677
kerryttää	verbi	1677
vaihtuvuus	substantiivi	1676
krematorio	substantiivi	1675
maksa	substantiivi	1675
männistö	substantiivi	1675
omaishoitaja	substantiivi	1675
tietämättömyys	substantiivi	1675
ruokahävikki	substantiivi	1674
ankarasti	adverbi	1673
harvakseltaan	adverbi	1673
tulikuuma	adjektiivi	1673
kaahata	verbi	1672
teknologinen	adjektiivi	1672
työllinen	adjektiivi, substantiivi	1672
liittoutua	verbi	1671
optimaalinen	adjektiivi	1671
painija	substantiivi	1671
rentous	substantiivi	1671
selvityspyyntö	substantiivi	1671
tilannekuva	substantiivi	1671
jäykkä	adjektiivi	1670
karsintaottelu	substantiivi	1670
riskialtis	adjektiivi	1670
tietokanta	substantiivi	1670
vallanpitäjä	substantiivi	1670
varovaisesti	adverbi	1670
virka-aika	substantiivi	1670
katuvalo	substantiivi	1669
ympäriltä	postpositio, adverbi	1669
konkurssihakemus	substantiivi	1668
muotti	substantiivi	1668
piitata	verbi	1668
trendikäs	adjektiivi	1668
käsiase	substantiivi	1667
hyötykäyttö	substantiivi	1666
keskikenttämies	substantiivi	1664
kylpyhuone	substantiivi	1664
maa-aines	substantiivi	1664
junayhteys	substantiivi	1663
viheralue	substantiivi	1663
väitös	substantiivi	1663
esikoulu	substantiivi	1662
saarto	substantiivi	1662
yhdessäolo	substantiivi	1662
kaukoliikenne	substantiivi	1661
raja-aita	substantiivi	1661
kasvatustiede	substantiivi	1660
pyyhkäistä	verbi	1660
huostaanotto	substantiivi	1659
juhannusaatto	substantiivi	1659
kuskata	verbi	1659
taloustiede	substantiivi	1659
lisätyö	substantiivi	1658
piru	substantiivi	1658
tämäntyyppinen	adjektiivi	1658
edistys	substantiivi	1657
kelirikko	substantiivi	1657
lippo	substantiivi	1656
maahantuonti	substantiivi	1656
laskeskella	verbi	1655
vaatetus	substantiivi	1655
hajanainen	adjektiivi	1654
hyppyrimäki	substantiivi	1654
metsästysseura	substantiivi	1653
valpas	adjektiivi	1652
vastuualue	substantiivi	1652
kuoria	verbi	1651
leikkipaikka	substantiivi	1651
lähikauppa	substantiivi	1651
periaatepäätös	substantiivi	1651
pyy	substantiivi	1651
vuokraus	substantiivi	1651
loikka	substantiivi	1650
metsänhoitoyhdistys	substantiivi	1650
raakaöljy	substantiivi	1650
työviikko	substantiivi	1649
kastaa	verbi	1648
telkkari	substantiivi	1648
maakuntavaltuusto	substantiivi	1647
meikäläinen	adjektiivi, substantiivi	1647
olka	substantiivi	1647
autoilla	verbi	1646
hai	substantiivi*	1646
luonnontieteellinen	adjektiivi	1646
siirtokunta	substantiivi	1646
joukkohauta	substantiivi	1645
kaksinkamppailu	substantiivi	1645
meijeri	substantiivi	1645
omistautua	verbi	1645
plus	adverbi, prepositio, substantiivi	1645
suomenruotsalainen	adjektiivi, substantiivi	1644
maitotuote	substantiivi	1643
palapeli	substantiivi	1643
kauppasota	substantiivi	1642
luonnonsuojelu	substantiivi	1642
arvomaailma	substantiivi	1641
laihtua	verbi	1641
uutiskanava	substantiivi	1641
vastaisuus	substantiivi	1641
raideliikenne	substantiivi	1640
sorsa	substantiivi	1640
levytys	substantiivi	1639
omatoimisesti	adverbi	1639
perimmäinen	adjektiivi	1639
katsastus	substantiivi	1638
näkemä	substantiivi	1638
romahduttaa	verbi	1638
toimilupa	substantiivi	1638
valtimo	substantiivi	1638
kiinteistönvälittäjä	substantiivi	1637
kookas	adjektiivi	1637
riivata	verbi	1637
liikutella	verbi	1636
mikromuovi	substantiivi	1636
etelärannikko	substantiivi	1635
kuihtua	verbi	1635
lainasopimus	substantiivi	1635
kaoottinen	adjektiivi	1634
lumityö	substantiivi	1634
epäoikeudenmukainen	adjektiivi	1633
mullistus	substantiivi	1633
samansuuntainen	adjektiivi	1633
partiolainen	substantiivi	1632
penkkarit	substantiivi	1632
suoraviivainen	adjektiivi	1632
tämänpäiväinen	adjektiivi	1632
parisenkymmentä	numeraali	1631
putkiremontti	substantiivi	1631
pyydystää	verbi	1631
tatuoida	verbi	1631
vammautua	verbi	1631
kallas	substantiivi	1630
keittiömestari	substantiivi	1630
lonkka	substantiivi	1630
sakset	substantiivi	1630
sähkösopimus	substantiivi	1630
täsmällinen	adjektiivi	1630
ääntenlaskenta	substantiivi	1630
italia	substantiivi	1629
korkeasti	adverbi	1629
laivaliikenne	substantiivi	1629
perustutkinto	substantiivi	1628
päälaki	substantiivi	1628
vaania	verbi	1628
vakuutella	verbi	1628
liikekeskus	substantiivi	1627
synti	substantiivi	1627
nummi	substantiivi	1626
suojelualue	substantiivi	1626
ehdokasasettelu	substantiivi	1625
hyvästellä	verbi	1625
kotiolot	substantiivi	1625
oikeusvaltio	substantiivi	1625
synteettinen	adjektiivi	1625
käypä	adjektiivi	1624
latva	substantiivi	1624
nesteyttää	verbi	1624
oikeistolainen	adjektiivi, substantiivi	1624
paiskia	verbi	1624
tuttavuus	substantiivi	1624
asuntorakentaminen	substantiivi	1623
markkinointijohtaja	substantiivi	1623
sivutuote	substantiivi	1623
kuohunta	substantiivi	1622
reagointi	substantiivi	1622
lisäarvo	substantiivi	1621
ossi	substantiivi	1621
puolustusvaliokunta	substantiivi	1621
päärautatieasema	substantiivi	1621
elävöittää	verbi	1620
asunnottomuus	substantiivi	1619
tuottajahinta	substantiivi	1618
jokiranta	substantiivi	1617
louhinta	substantiivi	1617
tiedosto	substantiivi	1617
koltta	substantiivi	1615
laukaisu	substantiivi	1615
niputtaa	verbi	1615
vääryys	substantiivi	1615
boikotti	substantiivi	1614
metsäala	substantiivi	1614
mieshenkilö	substantiivi	1614
päihdeongelma	substantiivi	1613
sävyttää	verbi	1613
tutkimustyö	substantiivi	1613
voimaantulo	substantiivi	1613
ajos	substantiivi	1612
asuntomurto	substantiivi	1612
miljonääri	substantiivi	1612
puutavara	substantiivi	1612
säiliöauto	substantiivi	1612
hoikka	adjektiivi	1611
lapsiasiavaltuutettu	substantiivi	1611
murhaaja	substantiivi	1611
perheväkivalta	substantiivi	1611
sosiaalityö	substantiivi	1611
sisustaa	verbi	1610
järjestelmällinen	adjektiivi	1609
lipua	verbi	1609
asukasmäärä	substantiivi	1608
itsessään	adverbi	1608
kirjolohi	substantiivi	1608
kivulias	adjektiivi	1608
lemmikkieläin	substantiivi	1608
ohjautua	verbi	1608
tyyny	substantiivi	1608
agenda	substantiivi	1607
hake	substantiivi	1607
kansanedustajaehdokas	substantiivi	1607
motoristi	substantiivi	1607
aikanaan	adverbi	1606
kansanliike	substantiivi	1606
kokata	verbi	1606
sataprosenttisesti	adverbi	1606
tulinen	adjektiivi	1606
valheellinen	adjektiivi	1606
vuolaasti	adverbi	1606
epävakainen	adjektiivi	1605
sääolot	substantiivi	1605
silkka	adjektiivi	1604
häiriökäyttäytyminen	substantiivi	1603
kesätapahtuma	substantiivi	1603
kutsunta	substantiivi	1603
maailmankaikkeus	substantiivi	1603
omaperäinen	adjektiivi	1603
tuohtua	verbi	1603
valas	substantiivi	1603
masto	substantiivi	1602
onneton	adjektiivi	1602
poronhoito	substantiivi	1602
haavoittaa	verbi	1601
nuolla	verbi	1601
ravirata	substantiivi	1601
suhdanne	substantiivi	1601
ulkopeli	substantiivi	1601
keskimatka	substantiivi	1600
ristiä	verbi	1600
vanhuus	substantiivi	1600
äitiyspakkaus	substantiivi	1600
aitajuoksu	substantiivi	1599
esite	substantiivi	1599
loimu	substantiivi	1599
ohra	substantiivi	1599
suihkulähde	substantiivi	1599
ulottaa	verbi	1599
tekotapa	substantiivi	1598
ylivoimapeli	substantiivi	1598
merimies	substantiivi	1597
syötävä	adjektiivi, substantiivi	1597
toisto	substantiivi	1597
matkustuskielto	substantiivi	1596
sodankäynti	substantiivi	1596
koneisto	substantiivi	1595
luokanopettaja	substantiivi	1595
turvamies	substantiivi	1595
keskitysleiri	substantiivi	1594
lainaus	substantiivi	1594
naakka	substantiivi	1594
poikkeusjärjestely	substantiivi	1593
työpari	substantiivi	1593
jämähtää	verbi	1592
käyrä	adjektiivi, substantiivi	1592
lämmitä	verbi	1592
rahallisesti	adverbi	1592
rajaliikenne	substantiivi	1592
tuotantolinja	substantiivi	1591
huippuluokka	substantiivi	1590
kääntäjä	substantiivi	1590
mitoittaa	verbi	1590
tulisija	substantiivi	1590
yksiselitteisesti	adverbi	1590
työpiste	substantiivi	1589
jääaika	substantiivi	1588
lentoyhteys	substantiivi	1588
listautua	verbi	1588
aikaraja	substantiivi	1587
maakuntaviesti	substantiivi	1587
matkatavara	substantiivi	1587
jäähdyttää	verbi	1586
keskituloinen	adjektiivi	1586
pysäköintipaikka	substantiivi	1585
tarjolle	adverbi	1585
toimialue	substantiivi	1585
huuma	substantiivi	1584
kavennus	substantiivi	1584
oppivelvollisuus	substantiivi	1584
passari	substantiivi	1584
halveta	verbi	1583
hipoa	verbi	1583
junnu	substantiivi	1583
kontto	substantiivi	1583
aktiviteetti	substantiivi	1582
itsehallinto	substantiivi	1582
kärpänen	substantiivi	1582
lämpimästi	adverbi	1582
terveystarkastaja	substantiivi	1582
järvilohi	substantiivi	1581
keskikasti	substantiivi	1581
koiras	substantiivi	1581
arveluttaa	verbi	1580
kartuttaa	verbi	1580
määrällisesti	adverbi	1580
samooja	substantiivi	1580
aiheellinen	adjektiivi	1579
e-urheilu	substantiivi	1579
kirjahylly	substantiivi	1579
liukastua	verbi	1579
parlamenttitalo	substantiivi	1579
toimintaedellytys	substantiivi	1579
työläinen	substantiivi	1579
kaksivuotias	adjektiivi	1578
nykytila	substantiivi	1578
oikeusaste	substantiivi	1577
verilöyly	substantiivi	1577
asiamies	substantiivi	1576
leppoisa	adjektiivi	1576
sarjanousija	substantiivi	1576
tola	substantiivi	1576
lakikirja	substantiivi	1575
some	substantiivi	1575
tajunta	substantiivi	1575
terroristinen	adjektiivi	1575
viidakko	substantiivi	1575
asevelvollisuus	substantiivi	1574
kantatie	substantiivi	1574
matemaattinen	adjektiivi	1574
palkkaratkaisu	substantiivi	1574
sonnustautua	verbi	1574
suitsuttaa	verbi	1574
tyylikkäästi	adverbi	1574
viisu	substantiivi	1574
väestönsuoja	substantiivi	1574
ailahdella	verbi	1573
kirkollinen	adjektiivi	1573
korjaamo	substantiivi	1573
syventyä	verbi	1573
aluehallinto	substantiivi	1572
itsehallintoalue	substantiivi	1572
miljöö	substantiivi	1572
vakinainen	adjektiivi	1572
fuusio	substantiivi	1571
keskikesä	substantiivi	1571
talouselämä	substantiivi	1571
ylioppilaslakki	substantiivi	1571
kaksinpeli	substantiivi	1570
rautaruukki	substantiivi	1570
vastaranta	substantiivi	1570
aggressiivisesti	adverbi	1569
keskiviikkoisin	adverbi	1569
laskettelija	substantiivi	1569
luisua	verbi	1569
työnkuva	substantiivi	1569
harkinnanvarainen	adjektiivi	1568
tutkittaa	verbi	1568
dekkari	substantiivi	1567
kasaantua	verbi	1567
pano	substantiivi	1567
uudelleenjärjestely	substantiivi	1567
hurjastella	verbi	1566
kyynärpää	substantiivi	1566
virkata	verbi	1566
yskä	substantiivi	1566
ankea	adjektiivi	1565
hitaus	substantiivi	1565
laskutus	substantiivi	1565
pääesikunta	substantiivi	1565
sointi	substantiivi	1565
ainesosa	substantiivi	1564
uudenvuodenaatto	substantiivi	1564
hammashoitola	substantiivi	1563
liiketulos	substantiivi	1563
tunnetila	substantiivi	1563
kauemmaksi	adverbi	1562
kotipalvelu	substantiivi	1562
menoliikenne	substantiivi	1562
taloudenpito	substantiivi	1562
autoliikenne	substantiivi	1561
latautua	verbi	1561
myrskytuuli	substantiivi	1561
perustulo	substantiivi	1561
haukka	substantiivi	1560
häpeällinen	adjektiivi	1560
norovirus	substantiivi	1560
peukalo	substantiivi	1560
puhuttelu	substantiivi	1560
dia	substantiivi	1559
liete	substantiivi	1559
helpota	verbi	1558
harmissaan	adverbi	1557
hyvinvointipalvelu	substantiivi	1557
lottovoitto	substantiivi	1557
rakennusoikeus	substantiivi	1557
sosiaalihuolto	substantiivi	1557
tiestö	substantiivi	1557
veronpalautus	substantiivi	1557
kirurginen	adjektiivi	1556
lääkäripalvelu	substantiivi	1556
eriarvoinen	adjektiivi	1555
laari	substantiivi	1555
pakomatka	substantiivi	1555
tivoli	substantiivi	1555
tulotaso	substantiivi	1555
ihanne	substantiivi	1553
korkotaso	substantiivi	1553
loppusyksy	substantiivi	1553
työmatkaliikenne	substantiivi	1552
äänestyslippu	substantiivi	1552
aihepiiri	substantiivi	1551
jouluinen	adjektiivi	1551
korkeakouluttaa	verbi	1551
luuranko	substantiivi	1551
helliä	verbi	1550
joululoma	substantiivi	1550
kuristaa	verbi	1550
laskuri	substantiivi	1550
niitti	substantiivi	1550
rangaistuspotkukilpailu	substantiivi	1550
seinämaalaus	substantiivi	1550
töhriä	verbi	1550
istahtaa	verbi	1549
kaapia	verbi	1549
menopeli	substantiivi	1549
summeri	substantiivi	1549
kaksiosainen	adjektiivi	1548
kirjanpainaja	substantiivi	1548
kohtaamispaikka	substantiivi	1548
nuorisotalo	substantiivi	1548
pahoillaan	adverbi	1548
rako	substantiivi	1548
vuoropari	substantiivi	1548
keksi	substantiivi*	1547
kuukausipalkka	substantiivi	1547
ottaja	substantiivi	1547
penätä	verbi	1547
päivystäjä	substantiivi	1547
tunnelmoida	verbi	1547
etenkään	adverbi	1546
lumilautailija	substantiivi	1546
luota	postpositio	1546
pelastuspalvelu	substantiivi	1546
puukottaja	substantiivi	1546
tanko	substantiivi	1546
buumi	substantiivi	1545
curry	substantiivi	1545
katsastaa	verbi	1545
miina	substantiivi	1545
taksinkuljettaja	substantiivi	1545
geneettinen	adjektiivi	1544
hölmöillä	verbi	1543
länsinaapuri	substantiivi	1543
muovata	verbi	1543
omakohtainen	adjektiivi	1543
yläraja	substantiivi	1543
ontua	verbi	1542
perhevapaa	substantiivi	1542
perspektiivi	substantiivi	1542
virkeä	adjektiivi	1542
kuukautinen	adjektiivi	1541
jokavuotinen	adjektiivi	1540
juhlaviikko	substantiivi	1540
jäätilanne	substantiivi	1540
kateus	substantiivi	1540
sunnuntaisin	adverbi	1540
arina	substantiivi	1539
energiankulutus	substantiivi	1539
nasta	substantiivi, adjektiivi	1539
tietyö	substantiivi	1539
toisinpäin	adverbi	1539
pannu	substantiivi	1538
tuntomerkki	substantiivi	1538
viro	substantiivi	1538
autoliike	substantiivi	1537
lentotukikohta	substantiivi	1537
yhtäjaksoisesti	adverbi	1537
tuotemerkki	substantiivi	1536
valtionhallinto	substantiivi	1536
halkoa	verbi	1535
hankesuunnitelma	substantiivi	1535
kiistely	substantiivi	1535
lapseton	adjektiivi	1535
panama	substantiivi	1535
adoptoida	verbi	1534
kelpuuttaa	verbi	1534
typpi	substantiivi	1534
ullakko	substantiivi	1534
hyvästi	adverbi, interjektio, substantiivi	1533
jaa	interjektio	1533
metodi	substantiivi	1533
peräänajo	substantiivi	1533
haara	substantiivi	1532
mullistava	adjektiivi	1532
närhi	substantiivi	1532
oppimateriaali	substantiivi	1532
sanaton	adjektiivi	1532
voimasuhde	substantiivi	1532
laskettelukeskus	substantiivi	1531
voittokulku	substantiivi	1531
armahtaa	verbi	1530
lentomatkustaja	substantiivi	1530
luolasto	substantiivi	1530
moottorivene	substantiivi	1530
pilvisyys	substantiivi	1530
suivaantua	verbi	1530
ajelehtia	verbi	1529
huppari	substantiivi	1529
koulutie	substantiivi	1529
raivota	verbi	1529
räväkkä	adjektiivi	1529
yskiä	verbi	1529
aviopari	substantiivi	1528
luomus	substantiivi	1528
palovaroitin	substantiivi	1528
sakki	substantiivi	1528
sukellus	substantiivi	1528
urheilutapahtuma	substantiivi	1528
vaippa	substantiivi	1528
eteläafrikkalainen	adjektiivi, substantiivi	1527
frisbeegolf	substantiivi	1527
haastehakemus	substantiivi	1527
kotiovi	substantiivi	1527
pidätellä	verbi	1527
tasoittua	verbi	1527
kustantamo	substantiivi	1526
piiskata	verbi	1526
suurennuslasi	substantiivi	1526
vihtoa	verbi	1526
ensemble	substantiivi	1525
eri-ikäinen	adjektiivi	1525
hurrata	verbi	1525
viallinen	adjektiivi	1525
yhteisesti	adverbi	1525
aineellinen	adjektiivi	1524
laillisuus	substantiivi	1524
paasi	substantiivi	1524
perintä	substantiivi	1524
ravata	verbi	1524
sanakirja	substantiivi	1524
mieleinen	adjektiivi	1523
palovamma	substantiivi	1523
vartiointi	substantiivi	1523
viestin	substantiivi	1523
au	interjektio	1522
käyttörikos	substantiivi	1522
pohjata	verbi	1522
taitavasti	adverbi	1522
vakauttaa	verbi*	1522
fiktiivinen	adjektiivi	1521
määrätietoisesti	adverbi	1521
piakkoin	adverbi	1521
ruisleipä	substantiivi	1521
terveyslautakunta	substantiivi	1521
jättipotti	substantiivi	1520
ketjukolari	substantiivi	1520
paketoida	verbi	1520
suolisto	substantiivi	1520
koekäyttö	substantiivi	1519
laajakaista	substantiivi	1519
loppukevät	substantiivi	1519
maalihana	substantiivi	1519
maantieteellinen	adjektiivi	1519
palaveri	substantiivi	1519
eläytyä	verbi	1518
kaivella	verbi	1518
suomenhevonen	substantiivi	1518
tilauskanta	substantiivi	1518
vaatimustaso	substantiivi	1518
henkilökortti	substantiivi	1517
mitoitus	substantiivi	1517
perhehoito	substantiivi	1517
taustajoukko	substantiivi	1517
kammeta	verbi	1516
moottorisaha	substantiivi	1516
juhlapyhä	substantiivi	1515
lipsua	verbi	1515
vesihana	substantiivi	1515
esityslista	substantiivi	1514
hätkähtää	verbi	1514
keksijä	substantiivi	1514
rajaus	substantiivi	1514
tokaista	verbi	1514
tyrmäys	substantiivi	1514
täydennys	substantiivi	1514
Raamattu	substantiivi	1513
alkoholiton	adjektiivi	1513
aurinkosähkö	substantiivi	1513
pohjimmiltaan	adverbi	1513
oikeutettu	adjektiivi	1512
puoliyö	substantiivi	1512
vihamielinen	adjektiivi	1512
etsijä	substantiivi	1511
lavastaa	verbi	1511
suppo	substantiivi*	1511
yhteentörmäys	substantiivi	1511
novelli	substantiivi	1510
pituushyppy	substantiivi	1510
itsevarmuus	substantiivi	1509
jyrähtää	verbi	1509
jäähtyä	verbi	1509
lastenohjelma	substantiivi	1509
maksamaton	adjektiivi	1509
palkkatyö	substantiivi	1509
riistakamera	substantiivi	1509
yksilöidä	verbi	1509
fortuna	substantiivi	1508
pikajuoksija	substantiivi	1508
venesatama	substantiivi	1508
vesivoima	substantiivi	1508
humoristinen	adjektiivi	1507
kärsivällinen	adjektiivi	1507
makeinen	substantiivi	1507
nihkeästi	adverbi	1507
pyörtää	verbi	1507
rakkaustarina	substantiivi	1507
toimintaohje	substantiivi	1507
jäsenkunta	substantiivi	1506
kiekkoilija	substantiivi	1506
myyntihinta	substantiivi	1506
palohälytys	substantiivi	1506
rentouttaa	verbi	1506
sola	substantiivi	1506
paikkeilla	postpositio, adverbi	1505
roolihahmo	substantiivi	1505
ääriraja	substantiivi	1505
alennusmyynti	substantiivi	1504
maanpako	substantiivi	1504
nuorisotyöttömyys	substantiivi	1504
tunnustella	verbi	1504
desinfioida	verbi	1502
heikennys	substantiivi	1502
umpikuja	substantiivi	1502
vastuuton	adjektiivi	1502
korjausvelka	substantiivi	1501
olympiapronssi	substantiivi	1501
otus	substantiivi	1501
välipala	substantiivi	1501
kasvattajaseura	substantiivi	1500
lapio	substantiivi	1500
myöhästellä	verbi	1500
tungos	substantiivi	1500
ikätoveri	substantiivi	1499
käyvä	adjektiivi	1498
sarjapiste	substantiivi	1498
testaaja	substantiivi	1498
vesijohtovesi	substantiivi	1498
delegaatio	substantiivi	1497
hirviö	substantiivi	1497
akustinen	adjektiivi	1496
seurustella	verbi	1496
eno	substantiivi*	1495
metsäpeura	substantiivi	1495
munuainen	substantiivi	1495
pirtti	substantiivi	1495
rajaton	adjektiivi	1495
seksuaalisesti	adverbi	1495
tunkea	verbi	1495
päivitellä	verbi*	1494
vitamiini	substantiivi	1494
kokonaisvaltainen	adjektiivi	1493
kuuluttaa	verbi	1493
näkemysero	substantiivi	1493
perehdyttää	verbi	1493
empatia	substantiivi	1492
ennalleen	adverbi	1492
kahvikuppi	substantiivi	1492
maapaikka	substantiivi	1492
näyteikkuna	substantiivi	1492
rähinä	substantiivi	1492
läpimeno	substantiivi	1491
työharjoittelu	substantiivi	1491
unohtumaton	adjektiivi	1491
vastuullisesti	adverbi	1491
ampiainen	substantiivi	1490
pimento	substantiivi	1490
vuotokohta	substantiivi	1490
yleisöäänestys	substantiivi	1490
lisämääräraha	substantiivi	1489
nostalgia	substantiivi	1489
vihko	substantiivi	1489
aimo	adjektiivi	1488
poiminta	substantiivi	1488
priorisoida	verbi	1488
absoluuttinen	adjektiivi	1487
matkia	verbi	1487
osastonhoitaja	substantiivi	1487
tyrehtyä	verbi	1487
uhota	verbi	1487
erityyppinen	adjektiivi	1486
korkeakouluopiskelija	substantiivi	1486
merenkulku	substantiivi	1486
oligarkki	substantiivi	1486
rauhallisuus	substantiivi	1486
tulonlähde	substantiivi	1486
vaaka	substantiivi	1486
oppisopimuskoulutus	substantiivi	1485
keskustapuolue	substantiivi	1484
kiitotie	substantiivi	1484
liite	substantiivi	1484
simpukka	substantiivi	1484
karaoke	substantiivi	1483
kauppakorkeakoulu	substantiivi	1483
kausityöntekijä	substantiivi	1482
kouluruokailu	substantiivi	1482
savuvahinko	substantiivi	1482
suurpeto	substantiivi	1482
tamma	substantiivi	1482
kokoustaa	verbi	1481
käyttökelvoton	adjektiivi	1481
laulajatar	substantiivi	1481
stereotypia	substantiivi	1481
teurastaa	verbi	1481
toivoton	adjektiivi	1481
tynnyri	substantiivi	1481
vihjailla	verbi	1481
avohakkuu	substantiivi	1480
kalla	substantiivi	1480
korjaantua	verbi	1479
matkustajaliikenne	substantiivi	1479
oikeassa	adverbi	1479
shiia	substantiivi	1479
auktoriteetti	substantiivi	1478
kohtelias	adjektiivi	1478
riippumattomuus	substantiivi	1478
veturinkuljettaja	substantiivi	1478
elintarviketeollisuus	substantiivi	1477
elokuvafestivaalit	substantiivi	1477
epäluulo	substantiivi	1477
seurakuntavaalit	substantiivi	1477
asiallisesti	adverbi	1476
lähtöpassit	substantiivi	1476
täristä	verbi	1476
rap	substantiivi	1475
hajuhaitta	substantiivi	1474
pesukone	substantiivi	1474
pulittaa	verbi	1474
rahtialus	substantiivi	1474
ilmansaaste	substantiivi	1473
jumbo	substantiivi	1473
omia	verbi	1473
pakolaisleiri	substantiivi	1473
poisjäänti	substantiivi	1473
kaksio	substantiivi	1472
rippikoulu	substantiivi	1472
tosielämä	substantiivi	1472
jooga	substantiivi	1471
kajota	verbi	1471
orgaaninen	adjektiivi	1471
tuhkimotarina	substantiivi	1471
virkasuhde	substantiivi	1471
altistus	substantiivi	1470
kommunisti	substantiivi	1470
laahata	verbi	1470
lyhentyä	verbi	1470
nykyihminen	substantiivi	1470
kirittää	verbi	1469
luistaa	verbi	1469
siilo	substantiivi	1469
tekstitys	substantiivi	1469
asuste	substantiivi	1468
kaivosteollisuus	substantiivi	1468
levitys	substantiivi	1468
lähtöisin	adverbi	1468
pääministeripuolue	substantiivi	1468
räjähdysmäisesti	adverbi	1468
syksyisin	adverbi	1468
urheilupuisto	substantiivi	1468
viilettää	verbi	1468
alkupuolisko	substantiivi	1467
jouduttaa	verbi	1467
kaverukset	substantiivi	1467
rukous	substantiivi	1467
selkävaiva	substantiivi	1467
sikala	substantiivi	1467
energiakriisi	substantiivi	1466
kaunistella	verbi	1466
lastenhoitaja	substantiivi	1466
viilata	verbi	1466
viivyttää	verbi	1466
yläosa	substantiivi	1466
julkilausuma	substantiivi	1465
kartelli	substantiivi	1465
luksus	substantiivi	1465
sietämätön	adjektiivi	1465
sosiaalidemokraattinen	adjektiivi	1465
suolata	verbi	1465
teinityttö	substantiivi	1465
tietokirja	substantiivi	1465
varapääministeri	substantiivi	1465
kärkimies	substantiivi	1464
etulinja	substantiivi	1463
hohtaa	verbi	1463
kohtuuhintainen	adjektiivi	1463
perusparannus	substantiivi	1463
rukka	substantiivi	1463
yksivuotinen	adjektiivi	1463
alttari	substantiivi	1462
innovatiivinen	adjektiivi	1462
toimikausi	substantiivi	1462
ulkoasu	substantiivi	1462
koripalloilija	substantiivi	1461
mokata	verbi	1461
avioitua	verbi	1460
roomalainen	substantiivi, adjektiivi	1460
välinpitämättömyys	substantiivi	1460
elinaika	substantiivi	1459
hikinen	adjektiivi	1459
kerrottava	substantiivi	1459
kotitalousvähennys	substantiivi	1459
koulutustaso	substantiivi	1459
kiitää	verbi	1458
kulmakivi	substantiivi	1458
mursu	substantiivi	1458
petäjä	substantiivi	1458
ulkomaankauppa	substantiivi	1458
viikinki	substantiivi	1458
folk	substantiivi	1457
suvaitsevaisuus	substantiivi	1456
yksityiskohtainen	adjektiivi	1456
hirvikolari	substantiivi	1455
letku	substantiivi	1455
maailmankuulu	adjektiivi	1455
satokausi	substantiivi	1455
sivaltaa	verbi	1455
närä	substantiivi	1454
rengasrikko	substantiivi	1453
tietolähde	substantiivi	1453
varsa	substantiivi	1453
kameravalvonta	substantiivi	1452
pakkoliitos	substantiivi	1452
palkintosija	substantiivi	1452
hyytää	verbi	1451
kaksikielinen	adjektiivi	1451
kielellinen	adjektiivi	1451
laskettelurinne	substantiivi	1451
monikulttuurinen	adjektiivi	1451
pullonkaula	substantiivi	1451
tahmea	adjektiivi	1451
nisäkäs	substantiivi	1450
isyys	substantiivi	1449
jousi	substantiivi	1449
jäteasema	substantiivi	1449
kuusikko	substantiivi*	1449
rikkoontua	verbi	1449
turvesuo	substantiivi	1449
virkistysalue	substantiivi	1449
hoitolaitos	substantiivi	1448
maailmantilasto	substantiivi	1448
tärinä	substantiivi	1448
täydentyä	verbi	1448
geologia	substantiivi	1447
pelti	substantiivi	1447
ruuhka-aika	substantiivi	1447
finni	substantiivi	1446
imetys	substantiivi	1446
imeytyä	verbi	1445
epärealistinen	adjektiivi	1444
ramadan	substantiivi	1444
syyslukukausi	substantiivi	1444
itänaapuri	substantiivi	1443
jalostus	substantiivi	1443
lyriikka	substantiivi	1443
triathlon	substantiivi	1443
viihtyvyys	substantiivi	1443
virhemarginaali	substantiivi	1443
liima	substantiivi	1442
raahata	verbi	1442
tentata	verbi	1442
aasi	substantiivi	1441
julmuus	substantiivi	1441
leimahtaa	verbi	1441
puurtaa	verbi	1441
takalinja	substantiivi	1441
tituleerata	verbi	1441
uuvuttaa	verbi	1441
dramatiikka	substantiivi	1440
näet	adverbi	1440
omatoiminen	adjektiivi	1440
televisiosarja	substantiivi	1440
feministinen	adjektiivi	1439
yhteenveto	substantiivi	1439
ylinen	adjektiivi, substantiivi	1439
lapsettomuus	substantiivi	1438
rahapeli	substantiivi	1438
tavarajuna	substantiivi	1438
vuokko	substantiivi	1438
allekirjoittanut	adjektiivi, substantiivi	1437
halvaantua	verbi	1437
lastenkirja	substantiivi	1437
purema	substantiivi	1437
päänahka	substantiivi	1437
tauota	verbi	1437
vastaantulija	substantiivi	1437
verikoe	substantiivi	1437
jälkikasvu	substantiivi	1436
reput	substantiivi	1436
solvata	verbi	1436
takapenkki	substantiivi	1436
toisinajattelija	substantiivi	1436
toistasataa	numeraali	1436
eriytyä	verbi	1435
jätti	substantiivi	1435
napsahtaa	verbi	1435
postikortti	substantiivi	1435
sähköpostiosoite	substantiivi	1435
taitoluistelija	substantiivi	1435
toivomus	substantiivi	1435
joulujuhla	substantiivi	1434
roskata	verbi	1434
vääristää	verbi	1434
aavistaa	verbi	1433
muuntaa	verbi	1433
otteluvoitto	substantiivi	1433
sinfonietta	substantiivi	1433
kollektiivinen	adjektiivi	1432
lisätalousarvio	substantiivi	1432
mutkikas	adjektiivi	1432
nousujohteinen	adjektiivi	1432
risteilijä	substantiivi	1432
kahakka	substantiivi	1431
kulkureitti	substantiivi	1431
lentolippu	substantiivi	1431
paikallistaa	verbi	1431
simulaattori	substantiivi	1431
auto-onnettomuus	substantiivi	1430
kyytiä	verbi	1430
loppumetri	substantiivi	1430
maailmanpolitiikka	substantiivi	1430
palttaa	verbi	1430
ylämäki	substantiivi	1430
hämähäkki	substantiivi	1429
satama-alue	substantiivi	1429
riipiä	verbi	1428
mieluusti	adverbi	1427
sammal	substantiivi	1427
taidemaalari	substantiivi	1427
vaihtoaitio	substantiivi	1427
huipentaa	verbi	1426
rikki	substantiivi	1426
sovittelija	substantiivi	1426
säilö	substantiivi	1426
tyhjyys	substantiivi	1426
kuusivuotias	adjektiivi	1425
terho	substantiivi	1425
torjunta-aine	substantiivi	1425
vakaasti	adverbi	1425
kylätalo	substantiivi	1424
nytkähtää	verbi	1424
näköjään	adverbi	1424
yksityistilaisuus	substantiivi	1424
essee	substantiivi	1423
formaatti	substantiivi	1423
nousukiito	substantiivi	1423
pilvenpiirtäjä	substantiivi	1423
toto	substantiivi	1423
alkusammutus	substantiivi	1422
farssi	substantiivi	1422
kantama	substantiivi	1422
ennakointi	substantiivi	1421
sivuvaikutus	substantiivi	1421
valkohäntäpeura	substantiivi	1421
alkoholisti	substantiivi	1420
puoluetoveri	substantiivi	1420
sahatavara	substantiivi	1420
auttava	adjektiivi	1419
lennellä	verbi	1419
rajaseutu	substantiivi	1419
venytellä	verbi	1419
kulttuuritapahtuma	substantiivi	1418
kirjauttaa	verbi	1417
särkeä	verbi	1417
tukki	substantiivi	1417
elinvoimaisuus	substantiivi	1415
etuoikeus	substantiivi	1415
imu	substantiivi	1415
markkinointipäällikkö	substantiivi	1415
säätely	substantiivi	1415
aikajakso	substantiivi	1414
lomakausi	substantiivi	1414
ennakkoäänestyspaikka	substantiivi	1413
karisma	substantiivi	1413
koventua	verbi	1413
tilittää	verbi	1413
Koraani	substantiivi	1412
halventaa	verbi	1412
matkustus	substantiivi	1412
subjektiivinen	adjektiivi	1412
aplodi	substantiivi	1411
jamit	substantiivi	1411
kasvotusten	adverbi	1411
liukuhihna	substantiivi	1411
paju	substantiivi	1411
puolustuslinja	substantiivi	1411
tuberkuloosi	substantiivi	1411
viisinkertainen	adjektiivi	1411
kipulääke	substantiivi	1410
liikunnallinen	adjektiivi	1410
oikeusturva	substantiivi	1410
sulamisvesi	substantiivi	1410
taiteilla	verbi	1410
vastailla	verbi	1409
ajatusmaailma	substantiivi	1408
baritoni	substantiivi	1408
hallikausi	substantiivi	1408
kampaaja	substantiivi	1408
kuudesluokkalainen	substantiivi	1408
lapanen	substantiivi	1408
mielihyvä	substantiivi	1408
rikosoikeudellinen	adjektiivi	1408
ripuli	substantiivi	1408
ruokakulttuuri	substantiivi	1408
suojain	substantiivi	1408
tummaihoinen	adjektiivi	1408
työvoimatoimisto	substantiivi	1408
virka-asema	substantiivi	1408
kumi	substantiivi	1407
lentoturma	substantiivi	1407
rämpiä	verbi	1407
uljas	adjektiivi	1407
loppupeli	substantiivi	1406
rakastettu	adjektiivi, substantiivi	1406
vapaakauppasopimus	substantiivi	1406
verotoimisto	substantiivi	1406
hallitusti	adverbi	1405
mainostaja	substantiivi	1405
liiaksi	adverbi	1404
livahtaa	verbi	1404
pakkovoitto	substantiivi	1404
tanssilava	substantiivi	1404
viisivuotinen	adjektiivi	1404
keskittymä	substantiivi	1403
kietoutua	verbi	1403
kotieläin	substantiivi	1403
musiikkitoimittaja	substantiivi	1403
purjehtija	substantiivi	1403
haluton	adjektiivi	1402
matkailla	verbi	1402
silpoa	verbi	1402
täysimittainen	adjektiivi	1402
herkutella	verbi	1401
kirjallisesti	adverbi	1401
kitka	substantiivi	1401
kiusa	substantiivi	1401
niukkuus	substantiivi	1401
vahingollinen	adjektiivi	1401
irrottautua	verbi	1400
kallioinen	adjektiivi, substantiivi	1400
kriisiapu	substantiivi	1400
painella	verbi	1400
vehnä	substantiivi	1400
hella	substantiivi	1399
kierrätyskeskus	substantiivi	1399
piisata	verbi	1399
automaatio	substantiivi	1398
kaupungistua	verbi	1398
laskusuunta	substantiivi	1398
lomaraha	substantiivi	1398
punatiilinen	adjektiivi	1398
puolestapuhuja	substantiivi	1398
sidosryhmä	substantiivi	1398
tienpinta	substantiivi	1398
tuotannollinen	adjektiivi	1398
varis	substantiivi	1398
kippari	substantiivi	1397
kodinkone	substantiivi	1397
loksahtaa	verbi	1397
lukukausi	substantiivi	1397
pistooli	substantiivi	1397
säteri	substantiivi*	1397
edustusto	substantiivi	1396
taitaja	substantiivi	1396
terveyskeskuslääkäri	substantiivi	1396
työtapa	substantiivi	1396
valtiovierailu	substantiivi	1396
kehitysministeri	substantiivi	1395
palkintopalli	substantiivi	1395
weber	substantiivi	1395
pahamaineinen	adjektiivi	1394
sampo	substantiivi	1394
henkiä	verbi	1393
kerjätä	verbi	1393
kisaisäntä	substantiivi	1393
mitellä	verbi	1393
paarit	substantiivi	1393
ranta-alue	substantiivi	1393
retkeilyalue	substantiivi	1393
vasta-aine	substantiivi	1393
aikuisuus	substantiivi	1392
etäopiskelu	substantiivi	1392
helppous	substantiivi	1392
männikkö	substantiivi	1392
saaste	substantiivi	1392
argumentti	substantiivi	1391
hylkäys	substantiivi	1391
sopimusneuvottelu	substantiivi	1391
täyte	substantiivi	1391
korkeakoulututkinto	substantiivi	1390
pahuus	substantiivi	1390
saaga	substantiivi	1390
saukko	substantiivi	1390
vesittää	verbi	1390
kirjanpito	substantiivi	1389
laukka	substantiivi*	1389
maantiede	substantiivi	1389
reittilento	substantiivi	1389
vapaaehtoisuus	substantiivi	1389
nettipalvelu	substantiivi	1388
saippua	substantiivi	1388
sotilasjuntta	substantiivi	1388
tavi	substantiivi	1388
tuholainen	substantiivi	1388
vastapäätä	prepositio, postpositio	1388
jumiutua	verbi	1387
keuhkokuume	substantiivi	1386
nostella	verbi	1386
särki	substantiivi	1386
futis	substantiivi	1385
harhauttaa	verbi	1385
jääpeite	substantiivi	1385
kommentoija	substantiivi	1385
pidätysmääräys	substantiivi	1385
ralliauto	substantiivi	1385
työnantajapuoli	substantiivi	1385
kaasutella	verbi	1384
karjala	substantiivi	1384
lannistaa	verbi	1384
lähihistoria	substantiivi	1384
notkahtaa	verbi	1384
parjata	verbi	1384
päätelmä	substantiivi	1384
tienkäyttäjä	substantiivi	1384
eloisa	adjektiivi	1383
lobata	verbi	1383
osa-aikatyö	substantiivi	1383
varapuhemies	substantiivi	1383
volyymi	substantiivi	1383
kotikatsomo	substantiivi	1382
sulka	substantiivi	1382
perustuslaillinen	adjektiivi, substantiivi	1381
ruukku	substantiivi	1381
upouusi	adjektiivi	1381
gay	substantiivi	1380
kivikova	adjektiivi	1380
luontopolku	substantiivi	1380
päiväraha	substantiivi	1380
seuraavasti	adverbi	1380
avittaa	verbi	1379
käytännöllinen	adjektiivi	1379
luvallinen	adjektiivi	1379
maakotka	substantiivi	1379
maakuntamuseo	substantiivi	1379
univormu	substantiivi	1379
vasama	substantiivi	1379
hursti	substantiivi	1378
luontevasti	adverbi	1378
kaarre	substantiivi	1377
kirvellä	verbi	1377
korkealla	adverbi	1377
lähisuhdeväkivalta	substantiivi	1377
moninaisuus	substantiivi	1377
sadevesi	substantiivi	1377
vilkuttaa	verbi	1377
palvelin	substantiivi	1376
päällekkäin	adverbi	1376
kirkkopuisto	substantiivi	1375
kompata	verbi	1375
kunnianhimo	substantiivi	1374
kurkkia	verbi	1374
possu	substantiivi	1374
tutkailla	verbi	1374
karismaattinen	adjektiivi	1373
kiipeillä	verbi	1373
monopoli	substantiivi	1373
nöyrtyä	verbi	1373
tekosyy	substantiivi	1373
tykistö	substantiivi	1373
yksistään	adverbi	1373
äänikirja	substantiivi	1373
rysä	substantiivi	1372
barbaari	substantiivi	1371
freestyle	substantiivi	1371
harras	adjektiivi	1371
lumo	substantiivi	1371
rekisterikilpi	substantiivi	1371
hirvikanta	substantiivi	1370
kuvateksti	substantiivi	1370
pyöritys	substantiivi	1370
siirrellä	verbi	1370
kannattamaton	adjektiivi	1369
lomakohde	substantiivi	1369
lusikka	substantiivi	1369
muuttaja	substantiivi	1369
nimilista	substantiivi	1369
työttömyyskassa	substantiivi	1369
urheilujohtaja	substantiivi	1369
valistaa	verbi	1369
variantti	substantiivi	1369
ihmissuhde	substantiivi	1368
populismi	substantiivi	1368
rytmittää	verbi	1368
happo	substantiivi	1367
hopeinen	adjektiivi	1367
maailmantähti	substantiivi	1367
opetusryhmä	substantiivi	1367
pientalo	substantiivi	1367
ulkoistus	substantiivi	1367
broileri	substantiivi	1366
hitsata	verbi	1366
kieltävä	adjektiivi	1366
moisio	substantiivi	1366
myräkkä	substantiivi	1366
parturi	substantiivi	1366
rikospaikka	substantiivi	1366
hikoilla	verbi	1365
palvelukeskus	substantiivi	1365
tajuton	adjektiivi	1365
haistella	verbi	1364
kansainvälisyys	substantiivi	1364
polkaista	verbi	1364
puoluetoimisto	substantiivi	1364
sateenkaari	substantiivi	1364
sitkeästi	adverbi	1364
ajantasainen	adjektiivi	1363
kotiaresti	substantiivi	1363
lähetysaika	substantiivi	1363
matka-aika	substantiivi	1363
puolustusliitto	substantiivi	1363
romuttua	verbi	1363
sotilastukikohta	substantiivi	1363
suojelija	substantiivi	1363
vallankäyttö	substantiivi	1363
luonnonsuojelija	substantiivi	1362
mitätön	adjektiivi	1362
olinpaikka	substantiivi	1362
tietokonepeli	substantiivi	1362
aallokko	substantiivi	1361
